College,Predominant Degree,Highest Degree,Control,Region,Locale,Admission Rate,Undergrad Population,Average Cost,ACT Median,SAT Average,% White,% Black,% Hispanic,% Asian,% American Indian,% Pacific Islander,% Biracial,% Nonresident Aliens,% Part-time Undergrads,Expenditure Per Student,Average Faculty Salary,% Full-time Faculty,% Undergrads with Pell Grant,Completion Rate 150% time,Retention Rate (First Time Students),% Undergrads 25+ y.o.,3 Year Default Rate,Median Debt,Median Debt on Graduation,Median Debt on Withdrawal,% Federal Loans,% Pell Grant Recipients,Average Age of Entry,Average Family Income,Median Family Income,Poverty Rate,Number of Unemployed 8 years after entry,Number of Employed 8 years after entry,Mean Earnings 8 years After Entry,Median Earnings 8 years After Entry,LATITUDE,LONGITUDE
Kansas State University,3,4,Public,Great Plains,Small City,0.95909999999999995,19647,20140,0,0,0.78080000000000005,4.0800000000000003E-2,5.8000000000000003E-2,1.23E-2,4.4999999999999997E-3,1.1000000000000001E-3,2.9000000000000001E-2,5.8500000000000003E-2,8.9700000000000002E-2,10423,8154,0.86760000000000004,0.25259999999999999,0.59440000000000004,0.81189999999999996,0.1045,7.9,17000,22500,10500,0.959999979,0.47999998900000002,20.799999239999998,76027.75,66719,6.2699999809999998,475,5773,43300,39600,39.188616,-96.581077
University of Puerto Rico-Mayaguez,3,4,Public,Outlying Areas,Small City,0.72499999999999998,10697,14726,0,0,0,0,1,0,0,0,0,0,5.2600000000000001E-2,8372,6533,0.98070000000000002,0.60809999999999997,0.4284,0.89319999999999999,5.4600000000000003E-2,11.6,5500,5500,5500,0.33000001299999998,0.980000019,19.549999239999998,25464.65,22433.5,45.729999540000001,0,0,0,0,18.212964,-67.143911
Embry-Riddle Aeronautical University-Worldwide,3,4,Private,Southeast,Small City,0.99439999999999995,9689,20932,0,0,0.49809999999999999,7.9100000000000004E-2,6.8900000000000003E-2,2.35E-2,5.3E-3,6.4999999999999997E-3,4.48E-2,2.06E-2,0.70120000000000005,4047,5326,0.4133,0.25309999999999999,0.5,0.61699999999999999,0.8851,4.5999999999999996,16500,26000,11750,0.91000002599999996,0.47999998900000002,23.229999540000001,71628,52839,7.3000001909999996,226,2940,59200,53800,29.18926994,-81.04951035
Ithaca College,3,4,Private,Mid-Atlantic,Small Suburb,0.66600000000000004,6202,53521,0,0,0.69110000000000005,4.6800000000000001E-2,7.3400000000000007E-2,3.0300000000000001E-2,1.9E-3,5.9999999999999995E-4,2.87E-2,1.9E-2,1.29E-2,12032,8425,0.66710000000000003,0.19409999999999999,0.75749999999999995,0.87519999999999998,9.9000000000000008E-3,1.7,23251,26300,9026,0.99000001000000004,0.31999999299999998,19.420000080000001,103308.55,92718,5.4000000950000002,98,1827,48700,45600,42.42263969,-76.49505672
Western Connecticut State University,3,4,Public,New England,Small City,0.65490000000000004,5184,19446,0,0,0.67979999999999996,0.1082,0.1462,3.1399999999999997E-2,2.0999999999999999E-3,1.6999999999999999E-3,1.0200000000000001E-2,4.0000000000000002E-4,0.1535,8964,8712,1,0.28349999999999997,0.44469999999999998,0.74260000000000004,0.15570000000000001,6.8,17050,24250,11000,0.959999979,0.43000000700000002,21.370000839999999,76059.55,67834,4.4099998469999999,110,1189,41800,38700,41.3987331,-73.44285574
University of Puerto Rico-Bayamon,3,3,Public,Outlying Areas,Large Suburb,0.25469999999999998,4847,8509,0,0,0,0,1,0,0,0,0,0,0.1192,4930,5738,0.7742,0.65269999999999995,0.39240000000000003,0.85599999999999998,8.0199999999999994E-2,11.9,4500,5500,4500,0.33000001299999998,0.980000019,19.549999239999998,25464.65,22433.5,45.729999540000001,0,0,0,0,18.371398,-66.143541
Wake Forest University,3,4,Private,Southeast,Mid-size City,0.35199999999999998,4812,58260,0,0,0.76,6.5000000000000002E-2,5.9900000000000002E-2,4.8599999999999997E-2,1.6999999999999999E-3,5.9999999999999995E-4,2.6599999999999999E-2,3.7400000000000003E-2,1.2500000000000001E-2,26136,10928,0.82589999999999997,0.1202,0.86460000000000004,0.9294,1.1999999999999999E-3,1.3,21000,22810,12750,0.959999979,0.27000001099999998,19.379999160000001,124215.22,103314,5.329999924,38,595,66100,52800,36.13209825,-80.27794276
Berklee College of Music,3,3,Private,New England,Large City,0.36170000000000002,4402,56335,0,0,0.3866,5.3400000000000003E-2,8.8800000000000004E-2,3.3799999999999997E-2,1.1000000000000001E-3,1.8E-3,4.0399999999999998E-2,0.3105,0.1027,20301,9480,0.3851,0.18890000000000001,0.49630000000000002,0.79859999999999998,0.1479,13.6,21046,27000,14000,0.980000019,0.37000000500000002,20.790000920000001,94505.71,79421,6.5500001909999996,182,1013,31400,26200,42.34689549,-71.0870305
Worcester Polytechnic Institute,3,4,Private,New England,Mid-size City,0.51590000000000003,4012,55866,0,0,0.64510000000000001,2.5399999999999999E-2,7.2300000000000003E-2,4.9099999999999998E-2,2E-3,0,3.0200000000000001E-2,0.12640000000000001,2.9700000000000001E-2,22494,8598,0.75,0.15079999999999999,0.81240000000000001,0.95889999999999997,1.4E-2,3.7,27000,27000,22500,0.99000001000000004,0.280000001,19.479999540000001,99994.76,93479,5.4299998279999997,54,903,75300,75200,42.2743459,-71.80976507
University of Puerto Rico-Arecibo,3,3,Public,Outlying Areas,Small City,0.5302,3654,11056,0,0,0,0,1,0,0,0,0,0,6.13E-2,6585,6133,0.91579999999999995,0.81879999999999997,0.40039999999999998,0.79410000000000003,5.7500000000000002E-2,11.9,4500,4600,4500,0.33000001299999998,0.980000019,19.549999239999998,25464.65,22433.5,45.729999540000001,0,0,0,0,18.469199,-66.74114
University of Puerto Rico-Humacao,3,3,Public,Outlying Areas,Large Suburb,0.44869999999999999,3383,11686,0,0,5.8999999999999999E-3,9.4999999999999998E-3,0.88349999999999995,2.9999999999999997E-4,0,2.9999999999999997E-4,3.3E-3,5.9999999999999995E-4,9.1300000000000006E-2,9908,5812,0.84640000000000004,0.75270000000000004,0.43430000000000002,0.86799999999999999,6.5799999999999997E-2,11.8,4500,5000,3800,0.33000001299999998,0.980000019,19.549999239999998,25464.65,22433.5,45.729999540000001,0,0,0,0,18.14449,-65.831305
University of Puerto Rico-Ponce,3,3,Public,Outlying Areas,Mid-size City,0.63980000000000004,3120,13018,0,0,0,0,1,0,0,0,0,0,7.6600000000000001E-2,5276,5174,0.70720000000000005,0.80669999999999997,0.40720000000000001,0.86729999999999996,7.5600000000000001E-2,11.9,5250,5500,4500,0.33000001299999998,0.980000019,19.549999239999998,25464.65,22433.5,45.729999540000001,0,0,0,0,17.993314,-66.606215
College of the Holy Cross,3,3,Private,New England,Mid-size City,0.32969999999999999,2878,56706,0,0,0.68069999999999997,4.07E-2,0.107,4.5199999999999997E-2,1.6999999999999999E-3,0,2.9899999999999999E-2,8.9999999999999993E-3,2.9999999999999997E-4,18859,9666,0.86770000000000003,0.16270000000000001,0.91359999999999997,0.95150000000000001,1.4E-3,1.9,27000,27000,10900,0.94999998799999996,0.25999999000000001,19.31999969,125254.65,108458,5.579999924,31,513,66500,55800,42.23894237,-71.8086266
Smith College,3,4,Private,New England,Large Suburb,0.43080000000000002,2606,57913,0,0,0.45889999999999997,4.8000000000000001E-2,9.5200000000000007E-2,0.12509999999999999,1.9E-3,4.0000000000000002E-4,4.8000000000000001E-2,0.13159999999999999,8.0999999999999996E-3,25233,11800,0.83289999999999997,0.22639999999999999,0.86129999999999995,0.93700000000000006,3.7999999999999999E-2,3.1,19000,19500,8000,0.97000002900000004,0.44999998800000002,20.790000920000001,87888.48,68708.5,7.0999999049999998,89,616,39700,37900,42.317933,-72.638094
Clark University,3,4,Private,New England,Mid-size City,0.61539999999999995,2312,47248,0,0,0.62070000000000003,3.8899999999999997E-2,6.4000000000000001E-2,5.5399999999999998E-2,4.0000000000000002E-4,4.0000000000000002E-4,2.29E-2,0.1211,2.1600000000000001E-2,10780,9630,0.58379999999999999,0.20710000000000001,0.80940000000000001,0.88590000000000002,3.0300000000000001E-2,3.6,23000,26000,10250,0.939999998,0.40999999599999998,20.620000839999999,88024.49,75720.5,6.4899997709999999,46,568,41500,38800,42.25077832,-71.82363168
Franklin and Marshall College,3,3,Private,Mid-Atlantic,Small City,0.3931,2262,58518,0,0,0.62860000000000005,4.5100000000000001E-2,6.9800000000000001E-2,4.24E-2,8.9999999999999998E-4,0,1.77E-2,0.1295,2.7000000000000001E-3,18944,9332,0.83609999999999995,0.1416,0.87350000000000005,0.91820000000000002,4.4000000000000003E-3,2.2999999999999998,23000,25000,10000,0.99000001000000004,0.25,19.31999969,130432.83,113508,5.2600002290000001,27,329,52000,47200,40.048045,-76.319037
Bates College,3,3,Private,New England,Small City,0.2417,1791,59285,0,0,0.72189999999999999,5.1400000000000001E-2,6.25E-2,4.6899999999999997E-2,3.3999999999999998E-3,5.9999999999999995E-4,3.9600000000000003E-2,6.4799999999999996E-2,0,21446,10374,0.84740000000000004,0.11119999999999999,0.92989999999999995,0.9163,3.3999999999999998E-3,1.4,16425,17058,6700,0.959999979,0.27000001099999998,19.549999239999998,118325.02,106531,5.8000001909999996,16,216,57900,47600,44.10529918,-70.20333262
Sarah Lawrence College,3,4,Private,Mid-Atlantic,Large Suburb,0.61660000000000004,1402,62636,0,0,0.57699999999999996,3.7100000000000001E-2,9.7000000000000003E-2,4.1399999999999999E-2,6.9999999999999999E-4,1.4E-3,5.0599999999999999E-2,0.1113,7.7999999999999996E-3,20142,9806,0.3301,0.19439999999999999,0.6915,0.8256,3.2599999999999997E-2,3.3,13126,14812,6375,0.99000001000000004,0.27000001099999998,21.760000229999999,90005.24,65944,7.3600001339999999,51,296,39100,37700,40.93414676,-73.84380991
California State University-Los Angeles,3,4,Public,Far West,Large City,0.67520000000000002,19525,14747,18,871,8.1199999999999994E-2,4.65E-2,0.59650000000000003,0.16450000000000001,1E-3,2.8999999999999998E-3,1.6E-2,4.7899999999999998E-2,0.16800000000000001,6569,8767,0.49959999999999999,0.64470000000000005,0.35649999999999998,0.8206,0.25740000000000002,7.6,12000.5,14125,9834,0.560000002,0.829999983,24.209999079999999,27649.23,20015,17.510000229999999,591,4511,42200,39400,34.06692687,-118.1689654
California State University-San Bernardino,3,4,Public,Far West,Mid-size City,0.58309999999999995,15887,17030,18,888,0.17430000000000001,7.2900000000000006E-2,0.55489999999999995,6.3200000000000006E-2,2.5000000000000001E-3,2.3E-3,2.8299999999999999E-2,5.5500000000000001E-2,0.1065,6585,8558,0.50460000000000005,0.57989999999999997,0.41120000000000001,0.88790000000000002,0.2094,9.6999999999999993,16431,18482,12500,0.75,0.77999997099999996,24.040000920000001,40191.82,28986.5,13.35999966,552,3762,42300,40600,34.18304371,-117.3221078
Northeastern Illinois University,3,4,Public,Great Lakes,Large City,0.59809999999999997,8827,22273,19,890,0.36940000000000001,0.1022,0.35060000000000002,9.4700000000000006E-2,2.2000000000000001E-3,3.0999999999999999E-3,1.7600000000000001E-2,3.5799999999999998E-2,0.43099999999999999,11837,6988,0.64729999999999999,0.48230000000000001,0.2034,0.61,0.44800000000000001,6.7,11643.5,15000,8940,0.540000021,0.77999997099999996,24.63999939,35049.57,25711.5,11.56000042,331,2059,35400,33100,41.98103122,-87.7190835
University of Houston-Downtown,3,4,Public,Southwest,Large City,0.95089999999999997,13297,18879,19,894,0.18,0.25290000000000001,0.3947,9.1899999999999996E-2,4.4000000000000003E-3,3.2000000000000002E-3,9.1999999999999998E-3,5.1999999999999998E-2,0.48299999999999998,4306,7279,0.53220000000000001,0.47439999999999999,0.14080000000000001,0.63090000000000002,0.48499999999999999,12.1,13000,21000,11461,0.72000002900000004,0.790000021,24.620000839999999,32529.26,24928.5,13.43000031,372,2888,41300,38500,29.7660996,-95.35933795
North Carolina A & T State University,3,4,Public,Southeast,Large City,0.69640000000000002,8577,15313,19,902,4.2900000000000001E-2,0.86809999999999998,2.0799999999999999E-2,6.8999999999999999E-3,3.3999999999999998E-3,1E-3,2.0299999999999999E-2,1.78E-2,6.5500000000000003E-2,9006,8227,0.72309999999999997,0.58779999999999999,0.4289,0.79769999999999996,0.1128,18,19843,23005.5,19500,0.94999998799999996,0.709999979,20.61000061,50618.06,37668.5,10.72999954,341,3148,34100,29900,36.07673654,-79.77015167
CUNY York College,3,4,Public,Mid-Atlantic,Large City,0.35099999999999998,7361,13967,0,905,6.93E-2,0.41810000000000003,0.22850000000000001,0.2122,8.9999999999999993E-3,9.5999999999999992E-3,9.1000000000000004E-3,4.4200000000000003E-2,0.30659999999999998,8154,7001,0.36259999999999998,0.53990000000000005,0.26350000000000001,0.74150000000000005,0.28120000000000001,10.1,7000,10000,5500,0.23000000400000001,0.93000000699999996,24.18000031,25815.23,21863,16.600000380000001,276,1709,39100,35700,40.702661,-73.794586
California State University-East Bay,3,4,Public,Far West,Mid-size City,0.68720000000000003,12079,20676,19,910,0.18429999999999999,0.10829999999999999,0.25459999999999999,0.24390000000000001,1.6000000000000001E-3,1.11E-2,5.7200000000000001E-2,6.59E-2,0.13009999999999999,6978,8804,0.4163,0.44259999999999999,0.38080000000000003,0.77529999999999999,0.32690000000000002,5.8,12500,16312,11349.5,0.72000002900000004,0.689999998,24.81999969,36865.24,22898,8.3900003430000005,329,2361,48400,45800,37.65707038,-122.0580727
Indiana State University,3,4,Public,Great Lakes,Small City,0.8306,10173,19549,19,910,0.67279999999999995,0.18210000000000001,3.4799999999999998E-2,1.0999999999999999E-2,2.3999999999999998E-3,5.9999999999999995E-4,2.9700000000000001E-2,5.7700000000000001E-2,0.1033,7430,7071,0.70509999999999995,0.43440000000000001,0.41589999999999999,0.63529999999999998,0.15490000000000001,10.7,11726.5,24193,9500,0.920000017,0.56999999300000004,21.93000031,60917.09,52313,7.6599998469999999,311,2836,35900,33100,39.46907264,-87.40784643
California State University-Northridge,3,4,Public,Far West,Large City,0.46239999999999998,33581,20899,19,918,0.25750000000000001,6.2300000000000001E-2,0.40289999999999998,0.1123,1.6999999999999999E-3,2.5999999999999999E-3,3.3500000000000002E-2,7.3400000000000007E-2,0.1618,6952,8395,0.4602,0.48480000000000001,0.45750000000000002,0.78200000000000003,0.19359999999999999,7.6,12500,15000,9000,0.68000000699999996,0.769999981,22.63999939,39205.279999999999,27373,12.93999958,968,7257,41900,38300,34.2400409,-118.5292859
California State University-Fresno,3,4,Public,Far West,Large City,0.58150000000000002,19911,16377,19,920,0.25109999999999999,4.0399999999999998E-2,0.42580000000000001,0.15659999999999999,3.8E-3,2.5000000000000001E-3,3.0499999999999999E-2,3.44E-2,0.1186,6446,8027,0.5161,0.54069999999999996,0.4859,0.83230000000000004,0.1628,6.5,14500,16500,12000,0.69999998799999996,0.80000001200000004,22.36000061,40758.26,28781,16.06999969,537,4757,40700,38100,36.81447737,-119.7482579
The University of Texas at El Paso,3,4,Public,Southwest,Large City,0.99809999999999999,19527,15272,20,923,7.5700000000000003E-2,2.69E-2,0.82809999999999995,7.4999999999999997E-3,2.2000000000000001E-3,1.1999999999999999E-3,6.1000000000000004E-3,4.8899999999999999E-2,0.3372,6854,8167,0.70509999999999995,0.58020000000000005,0.39460000000000001,0.69889999999999997,0.25700000000000001,9.8000000000000007,12500,18250,10750,0.75999998999999996,0.83999997400000004,22.979999540000001,31959.81,22907,19.010000229999999,525,4251,37300,34300,31.77169722,-106.5035597
California State University-Sacramento,3,4,Public,Far West,Large City,0.69679999999999997,25991,19380,20,945,0.32469999999999999,5.91E-2,0.25669999999999998,0.20860000000000001,4.5999999999999999E-3,9.2999999999999992E-3,5.8500000000000003E-2,1.49E-2,0.191,7281,8364,0.4894,0.505,0.42849999999999999,0.82509999999999994,0.25209999999999999,7.1,15000,17250,12000,0.75999998999999996,0.730000019,23.13999939,43423.41,28449,10.14000034,772,5864,45200,42700,38.55990059,-121.422416
CUNY John Jay College of Criminal Justice,3,4,Public,Mid-Atlantic,Large City,0.34050000000000002,12838,13308,0,950,0.22140000000000001,0.19339999999999999,0.42859999999999998,0.1099,3.5000000000000001E-3,6.0000000000000001E-3,1.03E-2,2.7E-2,0.19220000000000001,8585,7339,0.38440000000000002,0.54459999999999997,0.33500000000000002,0.77949999999999997,0.2011,10.3,8251,11500,6500,0.37000000500000002,0.85000002399999997,21.219999309999999,30945.09,23126,19.879999160000001,521,3924,41800,37600,40.77034615,-73.98840265
Southern New Hampshire University,3,4,Private,New England,Mid-size City,0.78659999999999997,17172,39677,0,965,0.2893,5.1799999999999999E-2,1.7899999999999999E-2,7.7999999999999996E-3,4.5999999999999999E-3,5.0000000000000001E-4,1.9E-3,2.4899999999999999E-2,0.46060000000000001,2810,6991,1,0.40579999999999999,0.54200000000000004,0.69179999999999997,0.62339999999999995,6.8,7688,22500,6498,0.97000002900000004,0.40999999599999998,24.469999309999999,70725.240000000005,56925,5.0700001720000003,169,1530,41100,38200,43.03989182,-71.45393835
California State University-San Marcos,3,4,Public,Far West,Large Suburb,0.62509999999999999,10689,20386,21,966,0.35249999999999998,3.27E-2,0.36570000000000003,9.5200000000000007E-2,4.4999999999999997E-3,4.4000000000000003E-3,4.9099999999999998E-2,2.01E-2,0.17449999999999999,8553,8357,0.48520000000000002,0.43099999999999999,0.47910000000000003,0.82299999999999995,0.1888,6.4,14000,18500,12500,0.81999999300000004,0.63999998599999997,23.780000690000001,49340.92,31166,7.2199997900000001,271,1871,43600,40500,33.12817282,-117.1585841
Montclair State University,3,4,Public,Mid-Atlantic,Large Suburb,0.6532,15182,22773,0,970,0.47389999999999999,9.3899999999999997E-2,0.23400000000000001,5.2999999999999999E-2,5.0000000000000001E-4,1.4E-3,3.5499999999999997E-2,1.54E-2,0.12920000000000001,9239,9661,0.3574,0.37259999999999999,0.63390000000000002,0.85599999999999998,0.13669999999999999,3.3,19000,23875,10500,0.91000002599999996,0.50999998999999996,21.659999849999998,69758.990000000005,53696,6.4800000190000002,325,2972,44900,43400,40.85914712,-74.19855031
Eastern Washington University,3,4,Public,Far West,Fringe Town,0.79669999999999996,11672,19831,21,970,0.66249999999999998,3.5099999999999999E-2,0.1192,2.98E-2,1.18E-2,2.8999999999999998E-3,4.2799999999999998E-2,2.7900000000000001E-2,0.1678,6495,7287,0.64039999999999997,0.3871,0.45240000000000002,0.74790000000000001,0.21129999999999999,6.3,15265,20500,11666,0.91000002599999996,0.579999983,22.86000061,55129.84,43755.5,8.8999996190000008,359,2794,40000,37700,47.49129315,-117.5893713
Metropolitan State University of Denver,3,4,Public,Rocky Mountains,Large City,0.71160000000000001,21696,14034,21,973,0.60640000000000005,6.0400000000000002E-2,0.20949999999999999,3.4200000000000001E-2,7.3000000000000001E-3,2.5999999999999999E-3,3.3799999999999997E-2,4.5999999999999999E-3,0.39939999999999998,4898,5904,1,0.3851,0.25969999999999999,0.65800000000000003,0.45050000000000001,13.4,13450.5,25000,9997,0.87999999500000003,0.62999999500000003,25.090000150000002,46429.22,32755,6.0500001909999996,864,4688,38200,34900,39.742248,-105.002391
Indiana University of Pennsylvania-Main Campus,3,4,Public,Mid-Atlantic,Distant Town,0.90490000000000004,12405,22936,20,973,0.78239999999999998,0.1047,3.0700000000000002E-2,9.4000000000000004E-3,8.9999999999999998E-4,2.0000000000000001E-4,2.64E-2,3.1600000000000003E-2,4.1799999999999997E-2,8479,9088,0.6653,0.36199999999999999,0.51190000000000002,0.73399999999999999,6.4000000000000001E-2,8.8000000000000007,20500,27000,11388,0.959999979,0.50999998999999996,20.340000150000002,70406.75,63430,7.8000001909999996,415,4437,37500,35300,40.615589,-79.159869
Buffalo State SUNY,3,4,Public,Mid-Atlantic,Large City,0.48530000000000001,9190,18088,0,975,0.62939999999999996,0.20549999999999999,9.2999999999999999E-2,2.1700000000000001E-2,3.7000000000000002E-3,1.2999999999999999E-3,2.9700000000000001E-2,1.3299999999999999E-2,9.9900000000000003E-2,9298,7444,0.49409999999999998,0.45939999999999998,0.48920000000000002,0.75319999999999998,0.17649999999999999,8.8000000000000007,15895.5,21665.5,10750,0.89999997600000003,0.61000001400000003,22.25,57184.5,45557,10.489999770000001,335,3388,36300,34300,42.93369956,-78.88068439
New Mexico State University-Main Campus,3,4,Public,Southwest,Mid-size Suburb,0.85199999999999998,12886,17290,21,982,0.32250000000000001,3.0200000000000001E-2,0.52,1.1599999999999999E-2,2.4199999999999999E-2,2.7000000000000001E-3,1.26E-2,4.1599999999999998E-2,0.12970000000000001,8494,7954,0.93840000000000001,0.43419999999999997,0.43280000000000002,0.7399,0.2374,19.899999999999999,11147,19500,8500,0.75,0.810000002,23.510000229999999,38201.24,26390.5,17.799999239999998,828,4902,35100,30200,32.282875,-106.747841
Troy University,3,4,Public,Southeast,Fringe Rural,0.68210000000000004,16208,16877,21,990,0.49080000000000001,0.36720000000000003,2.9700000000000001E-2,8.3000000000000001E-3,8.0999999999999996E-3,1E-3,2.01E-2,2.3900000000000001E-2,0.438,5260,5996,0.4007,0.4758,0.34660000000000002,0.7389,0.53320000000000001,13.2,17750,26000,15000,0.93000000699999996,0.72000002900000004,27.530000690000001,38308.15,27401,12.989999770000001,602,3752,36900,33800,31.800128,-85.950191
Indiana University-Purdue University-Fort Wayne,3,4,Public,Great Lakes,Large City,0.83089999999999997,9795,18837,22,996,0.82050000000000001,5.4199999999999998E-2,5.1299999999999998E-2,2.18E-2,3.2000000000000002E-3,2.9999999999999997E-4,2.64E-2,1.6500000000000001E-2,0.25,6082,7355,0.93530000000000002,0.36749999999999999,0.25940000000000002,0.67190000000000005,0.2112,10.9,15517,26000,10791,0.89999997600000003,0.60000002399999997,23.399999619999999,55513.79,45905.5,5.6900000569999998,414,3099,34800,32000,41.11541836,-85.11174662
San Francisco State University,3,4,Public,Far West,Large City,0.63790000000000002,25271,22267,22,998,0.2409,4.99E-2,0.24360000000000001,0.29170000000000001,2.2000000000000001E-3,6.0000000000000001E-3,5.7200000000000001E-2,6.6799999999999998E-2,0.13589999999999999,7919,9147,0.48770000000000002,0.4239,0.45500000000000002,0.82110000000000005,0.20849999999999999,7.2,15000,17775,12000,0.790000021,0.670000017,22.86000061,46467.57,29962,7.829999924,896,6041,45800,42100,37.72134502,-122.4779048
Stephen F Austin State University,3,4,Public,Southwest,Fringe Rural,0.56869999999999998,10715,21909,22,998,0.57230000000000003,0.22389999999999999,0.13930000000000001,9.2999999999999992E-3,5.1000000000000004E-3,5.0000000000000001E-4,2.35E-2,7.7000000000000002E-3,0.12970000000000001,6535,7087,0.7964,0.44800000000000001,0.43169999999999997,0.67290000000000005,0.11219999999999999,12.9,16074,25000,10750,0.920000017,0.61000001400000003,21.790000920000001,60300.43,45665,10.010000229999999,321,3135,39800,36800,31.62240863,-94.64689106
Sam Houston State University,3,4,Public,Southwest,Distant Town,0.64990000000000003,16255,19173,21,999,0.55789999999999995,0.17929999999999999,0.1885,1.12E-2,4.1999999999999997E-3,1.5E-3,2.3300000000000001E-2,1.24E-2,0.1782,4851,7316,0.72689999999999999,0.43380000000000002,0.50609999999999999,0.7752,0.17100000000000001,10.5,16490,22224,10500,0.93000000699999996,0.58999997400000004,21.469999309999999,60978.76,47405.5,9.5,324,3785,41600,38400,30.71355269,-95.54862709
College of Staten Island CUNY,3,4,Public,Mid-Atlantic,Large City,0.99750000000000005,12974,14298,0,1000,0.51929999999999998,0.1303,0.1978,0.1124,1.6000000000000001E-3,2.2000000000000001E-3,1.03E-2,2.6100000000000002E-2,0.24790000000000001,7802,7198,0.34470000000000001,0.44629999999999997,0.29120000000000001,0.8286,0.19500000000000001,11.5,9000,16872,7500,0.43000000700000002,0.80000001200000004,22.350000380000001,40286.29,27650,12.27000046,495,2723,40400,35200,40.60394885,-74.14870105
University of Nevada-Las Vegas,3,4,Public,Far West,Mid-size City,0.85119999999999996,22742,17478,22,1003,0.3836,7.6200000000000004E-2,0.23150000000000001,0.16339999999999999,3.0000000000000001E-3,1.67E-2,7.5899999999999995E-2,3.6999999999999998E-2,0.27410000000000001,8741,9986,1,0.33510000000000001,0.42880000000000001,0.77329999999999999,0.25309999999999999,8.8000000000000007,12608,19491,10342,0.829999983,0.63999998599999997,22.799999239999998,51263.5,36398.5,7.25,524,3684,42300,38800,36.10699406,-115.1411525
Arkansas Tech University,3,4,Public,Southeast,Remote Town,0.85029999999999994,8734,16126,22,1008,0.79010000000000002,7.8100000000000003E-2,5.0299999999999997E-2,1.29E-2,1.24E-2,5.0000000000000001E-4,2.2599999999999999E-2,3.32E-2,0.19220000000000001,4550,6096,1,0.45590000000000003,0.40250000000000002,0.69369999999999998,0.24360000000000001,17.399999999999999,10043,17528,7500,0.83999997400000004,0.75999998999999996,23.049999239999998,42912.59,31932,11.60999966,368,2284,33700,30600,35.295227,-93.13233
Humboldt State University,3,4,Public,Far West,Remote Town,0.80179999999999996,7748,23113,21,1008,0.50209999999999999,3.5999999999999997E-2,0.26569999999999999,3.2899999999999999E-2,1.0699999999999999E-2,2.5999999999999999E-3,0.06,8.3999999999999995E-3,6.54E-2,8294,8148,0.54139999999999999,0.51619999999999999,0.40039999999999998,0.77559999999999996,0.17879999999999999,11.8,15000,20250,10730,0.88999998599999997,0.730000019,22.879999160000001,47467.44,26935.5,10.920000079999999,373,2035,34200,30400,40.87545198,-124.0772551
Western Kentucky University,3,4,Public,Southeast,Small City,0.92320000000000002,15780,16538,22,1009,0.77010000000000001,0.1123,2.3400000000000001E-2,9.2999999999999992E-3,2.7000000000000001E-3,1E-3,1.9199999999999998E-2,5.0599999999999999E-2,0.1613,7807,6983,0.64649999999999996,0.39340000000000003,0.43680000000000002,0.71779999999999999,0.18179999999999999,13.7,15000,24431,11000,0.87999999500000003,0.66000002599999996,22.219999309999999,53605.57,42198.5,10.869999890000001,537,4340,33200,30800,36.98781787,-86.45394089
University of North Georgia,3,4,Public,Southeast,Fringe Town,0.61019999999999996,14502,16525,21,1009,0.79010000000000002,4.4900000000000002E-2,8.5900000000000004E-2,2.8299999999999999E-2,2.3E-3,1.1999999999999999E-3,2.3900000000000001E-2,1.1900000000000001E-2,0.31440000000000001,4614,5492,0.88239999999999996,0.37930000000000003,0.25969999999999999,0.7964,0.1623,9.1999999999999993,7500,16473,5500,0,0,0,0,0,0,0,0,0,0,34.53026135,-83.98588771
Bowling Green State University-Main Campus,3,4,Public,Great Lakes,Fringe Town,0.72470000000000001,14161,22416,22,1009,0.77829999999999999,0.1004,4.0899999999999999E-2,8.5000000000000006E-3,2.5000000000000001E-3,1.1000000000000001E-3,2.3699999999999999E-2,1.5900000000000001E-2,5.8799999999999998E-2,8529,7669,0.74770000000000003,0.34300000000000003,0.54100000000000004,0.70120000000000005,6.6000000000000003E-2,11.7,17500,26000,9500,0.959999979,0.5,20.81999969,75338.2,70038,5.9800000190000002,383,5119,38000,35500,41.377036,-83.637531
Eastern Kentucky University,3,4,Public,Southeast,Distant Town,0.60019999999999996,13247,17801,22,1009,0.84899999999999998,5.5100000000000003E-2,1.8100000000000002E-2,1.03E-2,3.3999999999999998E-3,1E-3,2.1499999999999998E-2,2.01E-2,0.17299999999999999,8413,6910,0.79049999999999998,0.42780000000000001,0.38879999999999998,0.71489999999999998,0.254,12.8,14921.5,23179.5,9766.5,0.88999998599999997,0.62999999500000003,22.370000839999999,53226.68,40016,13.739999770000001,505,3561,34900,31900,37.74039579,-84.30135598
Austin Peay State University,3,4,Public,Southeast,Mid-size City,0.85950000000000004,9271,18852,22,1009,0.65969999999999995,0.1913,5.5399999999999998E-2,1.46E-2,4.0000000000000001E-3,2.3E-3,4.5499999999999999E-2,3.8E-3,0.2606,6847,6879,1,0.53839999999999999,0.36030000000000001,0.66180000000000005,0.35010000000000002,13.7,15000,25000,12101,0.87999999500000003,0.69999998799999996,24.469999309999999,41615.230000000003,30942,8.9300003050000001,375,2092,34000,31700,36.5333193,-87.35408072
Northern Illinois University,3,4,Public,Great Lakes,Small Suburb,0.56130000000000002,15782,27621,22,1010,0.59089999999999998,0.16719999999999999,0.13,4.8500000000000001E-2,1.8E-3,1.1000000000000001E-3,2.93E-2,1.37E-2,0.12479999999999999,12208,7834,0.7883,0.42970000000000003,0.50949999999999995,0.66459999999999997,0.16220000000000001,9.4,16500,23500,9500,0.94999998799999996,0.49000000999999999,20.760000229999999,72317.38,64181,5.8000001909999996,452,5694,42500,39500,41.93379093,-88.7660647
Ferris State University,3,4,Public,Great Lakes,Remote Town,0.75900000000000001,12646,21498,22,1010,0.79190000000000005,7.4399999999999994E-2,3.4200000000000001E-2,1.41E-2,6.1999999999999998E-3,5.0000000000000001E-4,2.7199999999999998E-2,2.1399999999999999E-2,0.27489999999999998,8696,7942,0.61119999999999997,0.4123,0.43190000000000001,0.76649999999999996,0.2387,9.5,17562,25522,11250,0.97000002900000004,0.519999981,21.870000839999999,67189.850000000006,59172,6.8200001720000003,335,3980,42400,38400,43.68763171,-85.48173748
Saint Cloud State University,3,4,Public,Great Plains,Small City,0.86909999999999998,11535,17892,22,1010,0.76670000000000005,6.2700000000000006E-2,2.9499999999999998E-2,4.24E-2,3.5000000000000001E-3,8.0000000000000004E-4,2.98E-2,5.4899999999999997E-2,0.1726,6521,8224,0.62949999999999995,0.30730000000000002,0.47799999999999998,0.70740000000000003,0.14480000000000001,7.2,15348,23250,10627.5,0.939999998,0.47999998900000002,21.38999939,72449.179999999993,66431,4.5999999049999998,265,4268,41500,38700,45.5532272,-94.15265736
Eastern Illinois University,3,4,Public,Great Lakes,Remote Town,0.61909999999999998,8255,23346,22,1010,0.70699999999999996,0.18099999999999999,4.9099999999999998E-2,8.2000000000000007E-3,1.9E-3,5.9999999999999995E-4,1.8700000000000001E-2,8.3999999999999995E-3,0.1137,12690,7773,0.81699999999999995,0.39229999999999998,0.60329999999999995,0.77070000000000005,0.1389,6.2,18750,23767,11467,0.939999998,0.47999998900000002,21.329999919999999,75174.62,69586,6.0300002099999999,202,3323,38000,36000,39.48373068,-88.17486228
Middle Tennessee State University,3,4,Public,Southeast,Mid-size City,0.6996,20914,17501,22,1011,0.66620000000000001,0.20660000000000001,4.1700000000000001E-2,2.5999999999999999E-2,3.3E-3,1E-3,2.81E-2,1.44E-2,0.17019999999999999,7418,7029,0.73929999999999996,0.44850000000000001,0.45650000000000002,0.68379999999999996,0.23150000000000001,11.6,15000,22170.5,10250,0.87999999500000003,0.58999997400000004,22.079999919999999,57627.86,42980,7.8499999049999998,597,5204,37100,33100,35.84811142,-86.36727121
Eastern Michigan University,3,4,Public,Great Lakes,Large Suburb,0.63980000000000004,18543,18905,22,1011,0.64610000000000001,0.20880000000000001,3.6299999999999999E-2,2.2499999999999999E-2,3.0000000000000001E-3,5.9999999999999995E-4,3.0300000000000001E-2,2.0899999999999998E-2,0.27889999999999998,8307,8853,1,0.44700000000000001,0.38440000000000002,0.73809999999999998,0.2681,12.9,19114.5,26000,14000,0.959999979,0.55000001200000004,22.510000229999999,64529.91,52069,6.9000000950000002,562,4223,36800,33800,42.250277,-83.625156
California State University-Long Beach,3,4,Public,Far West,Large City,0.30819999999999997,30440,18085,21,1012,0.214,3.9899999999999998E-2,0.36720000000000003,0.22919999999999999,5.5999999999999999E-3,4.1999999999999997E-3,4.3099999999999999E-2,5.3100000000000001E-2,0.1565,7422,8671,0.50290000000000001,0.4733,0.60329999999999995,0.88759999999999994,0.17080000000000001,5.5,14494,15775,11000,0.72000002900000004,0.709999979,22.190000529999999,45976.99,30725,11.93999958,680,5955,45300,42400,33.78281817,-118.1120399
Indiana University-Purdue University-Indianapolis,3,4,Public,Great Lakes,Large City,0.69579999999999997,21569,20846,22,1013,0.72330000000000005,0.105,5.3199999999999997E-2,3.5499999999999997E-2,1.5E-3,6.9999999999999999E-4,3.2899999999999999E-2,3.44E-2,0.2296,15311,7713,0.57509999999999994,0.3659,0.41610000000000003,0.71950000000000003,0.29330000000000001,8.6,16500,25388,12287,0.93000000699999996,0.540000021,23.690000529999999,56695.09,43017,6.1999998090000004,762,6317,43200,37400,39.77294751,-86.17221719
California State University-Chico,3,4,Public,Far West,Small City,0.71609999999999996,15106,22926,22,1014,0.52549999999999997,1.9E-2,0.23,5.79E-2,6.1000000000000004E-3,1.4E-3,4.87E-2,3.3000000000000002E-2,6.5500000000000003E-2,6800,8370,0.52810000000000001,0.38929999999999998,0.5605,0.86650000000000005,0.1358,7.6,14889.5,16500,11596,0.87000000499999997,0.670000017,22.290000920000001,58551.47,37864,9.6300001139999996,414,3594,45900,41100,39.728003,-121.846333
University of Massachusetts-Boston,3,4,Public,New England,Large City,0.71409999999999996,11786,19763,0,1015,0.41570000000000001,0.15540000000000001,0.1198,0.1201,1.4E-3,2.9999999999999997E-4,2.4899999999999999E-2,9.6799999999999997E-2,0.26679999999999998,12405,10100,0.5202,0.3831,0.43580000000000002,0.77470000000000006,0.33350000000000002,8.6,16362,0,16357,0.88999998599999997,0.60000002399999997,24.06999969,47234.62,33287,9.0100002289999992,323,2298,46000,42400,42.31433173,-71.03981377
Old Dominion University,3,4,Public,Southeast,Mid-size City,0.76790000000000003,19483,20531,21,1016,0.52070000000000005,0.25879999999999997,6.6199999999999995E-2,4.4299999999999999E-2,4.3E-3,4.7999999999999996E-3,5.5100000000000003E-2,1.23E-2,0.22750000000000001,8097,8729,0.96630000000000005,0.33950000000000002,0.51170000000000004,0.79559999999999997,0.26579999999999998,6.8,18000,23867,14250,0.939999998,0.540000021,23.120000839999999,60966.47,48850,7.5999999049999998,390,3899,42800,39200,36.88491912,-76.30965259
University of Akron Main Campus,3,4,Public,Great Lakes,Mid-size City,0.96489999999999998,19022,21338,22,1016,0.74299999999999999,0.1394,2.1399999999999999E-2,2.1299999999999999E-2,2.2000000000000001E-3,1.1999999999999999E-3,2.8500000000000001E-2,1.41E-2,0.1875,8567,9209,0.48449999999999999,0.41489999999999999,0.41660000000000003,0.66359999999999997,0.20880000000000001,13.5,15000,26812,10261.5,0.93000000699999996,0.62000000499999997,22.920000080000001,53437.74,42489,8.1199998860000004,748,5110,35200,31800,41.077768,-81.510328
California State University-Fullerton,3,4,Public,Far West,Large Suburb,0.45789999999999997,33000,16663,22,1021,0.25559999999999999,2.2200000000000001E-2,0.375,0.2165,2E-3,2.7000000000000001E-3,4.0800000000000003E-2,4.4499999999999998E-2,0.1933,7685,8521,0.4622,0.40610000000000002,0.53469999999999995,0.88529999999999998,0.1981,5.6,12900.5,14718,10224,0.709999979,0.689999998,22.600000380000001,46741.81,31500,9.4099998469999999,795,6364,43800,40500,33.88326053,-117.8856586
Florida Gulf Coast University,3,4,Public,Southeast,Large Suburb,0.65790000000000004,12795,18097,22,1024,0.67059999999999997,7.17E-2,0.18729999999999999,1.67E-2,2.3E-3,1E-3,2.29E-2,1.61E-2,0.20810000000000001,6606,7382,0.68169999999999997,0.34670000000000001,0.44159999999999999,0.76629999999999998,0.13519999999999999,6.3,11625,18500,8250,0.83999997400000004,0.52999997099999996,22.43000031,62264.97,46981,6.7300000190000002,138,1313,39300,37600,26.46433814,-81.77423473
Northern Kentucky University,3,4,Public,Southeast,Large Suburb,0.46700000000000003,11976,14603,22,1024,0.82010000000000005,6.88E-2,2.4400000000000002E-2,9.4000000000000004E-3,3.2000000000000002E-3,1.2999999999999999E-3,1.6899999999999998E-2,3.8199999999999998E-2,0.19120000000000001,7303,6780,0.98870000000000002,0.33679999999999999,0.37919999999999998,0.6744,0.24279999999999999,9.9,15000,24458.5,9500,0.91000002599999996,0.52999997099999996,22.489999770000001,62838.79,53630,6.9099998469999999,321,3048,35700,32800,39.029221,-84.465959
East Tennessee State University,3,4,Public,Southeast,Small City,0.8649,11399,22485,22,1026,0.84950000000000003,6.0100000000000001E-2,1.9900000000000001E-2,1.18E-2,3.3E-3,8.9999999999999998E-4,2.4199999999999999E-2,2.29E-2,0.15060000000000001,12462,6711,0.69489999999999996,0.43669999999999998,0.41289999999999999,0.66190000000000004,0.24410000000000001,12.4,14250,20259,10500,0.86000001400000003,0.64999997600000003,23.030000690000001,49111.05,36276,10.489999770000001,399,2596,35200,30900,36.30164346,-82.36695399
Central Michigan University,3,4,Public,Great Lakes,Distant Town,0.63039999999999996,20070,21523,22,1029,0.79710000000000003,7.4399999999999994E-2,2.9899999999999999E-2,9.2999999999999992E-3,6.8999999999999999E-3,5.0000000000000001E-4,1.8800000000000001E-2,1.35E-2,0.12280000000000001,8249,8603,0.68359999999999999,0.34899999999999998,0.59289999999999998,0.7671,0.13250000000000001,6.2,21721.5,27000,12000,0.97000002900000004,0.50999998999999996,21,77212.89,70233.5,6.1399998660000001,401,5239,39200,36100,43.586742,-84.774813
University of North Carolina at Greensboro,3,4,Public,Southeast,Large City,0.60019999999999996,14138,17362,23,1029,0.57520000000000004,0.25459999999999999,6.3E-2,4.3099999999999999E-2,3.7000000000000002E-3,1.1000000000000001E-3,3.8699999999999998E-2,1.7399999999999999E-2,0.1265,8803,7926,0.82099999999999995,0.44319999999999998,0.55410000000000004,0.73860000000000003,0.19570000000000001,7.5,16000,22500,9500,0.93000000699999996,0.58999997400000004,21.559999470000001,62041.39,50195,7.5399999619999996,319,3143,35300,33300,36.06560446,-79.813056
San Jose State University,3,4,Public,Far West,Large City,0.63470000000000004,25723,21160,22,1030,0.22539999999999999,3.5099999999999999E-2,0.23830000000000001,0.35610000000000003,1.4E-3,7.9000000000000008E-3,5.2200000000000003E-2,4.53E-2,0.1925,8070,9155,0.40210000000000001,0.39550000000000002,0.48089999999999999,0.87819999999999998,0.1993,4.8,14000,16251,11000,0.689999998,0.74000001000000004,22.549999239999998,43366.3,27853.5,6.9800000190000002,575,4353,52000,48100,37.33750869,-121.8804585
Washington State University,3,4,Public,Far West,Distant Town,0.82079999999999997,22825,26292,22,1030,0.66479999999999995,3.3099999999999997E-2,0.1065,5.2600000000000001E-2,6.3E-3,4.1999999999999997E-3,6.8599999999999994E-2,4.2599999999999999E-2,0.11260000000000001,9130,8547,0.7903,0.33229999999999998,0.65480000000000005,0.79769999999999996,0.16930000000000001,4,15736,20977,11250,0.939999998,0.519999981,22.659999849999998,70810.850000000006,58238.5,7.7300000190000002,599,5682,48200,43700,46.730448,-117.158168
University of Wisconsin-Milwaukee,3,4,Public,Great Lakes,Large City,0.86080000000000001,21747,21203,22,1030,0.71699999999999997,8.2199999999999995E-2,7.5899999999999995E-2,5.96E-2,4.3E-3,8.0000000000000004E-4,3.1399999999999997E-2,2.7099999999999999E-2,0.1399,8301,8037,0.95989999999999998,0.35670000000000002,0.41410000000000002,0.70069999999999999,0.2233,6.1,17459,25107.5,11000,0.959999979,0.44999998800000002,21.379999160000001,73393.86,66757,6.3099999430000002,549,6040,40900,38100,43.07684762,-87.88048801
Western Michigan University,3,4,Public,Great Lakes,Small City,0.82850000000000001,18755,22483,22,1030,0.74829999999999997,0.11219999999999999,4.7699999999999999E-2,1.4E-2,4.1999999999999997E-3,1.4E-3,3.1E-2,2.93E-2,0.1565,9354,9016,0.623,0.39689999999999998,0.54910000000000003,0.73709999999999998,0.1348,7.7,20875,27000,12000,0.97000002900000004,0.469999999,20.370000839999999,81449.440000000002,74325,5.5999999049999998,473,6209,41600,37900,42.28079931,-85.61348244
University of Central Oklahoma,3,4,Public,Southwest,Large Suburb,0.83979999999999999,15119,16684,22,1030,0.59819999999999995,8.8800000000000004E-2,7.3999999999999996E-2,3.1699999999999999E-2,4.0500000000000001E-2,1.9E-3,6.9599999999999995E-2,7.3200000000000001E-2,0.28139999999999998,6560,6382,0.9819,0.34960000000000002,0.35620000000000002,0.65110000000000001,0.26400000000000001,10.5,12500,22250,9001,0.85000002399999997,0.66000002599999996,22.659999849999998,49363.75,36756.5,9.3500003809999992,461,3746,39600,35500,35.65832862,-97.47152431
Minnesota State University-Mankato,3,4,Public,Great Plains,Small City,0.65549999999999997,12542,17578,22,1030,0.78859999999999997,4.8000000000000001E-2,3.44E-2,3.2300000000000002E-2,2.3E-3,4.0000000000000002E-4,2.5000000000000001E-2,5.04E-2,0.1017,5706,8155,0.60599999999999998,0.29060000000000002,0.4904,0.73629999999999995,0.11840000000000001,4.7,15116,23029,10490,0.959999979,0.439999998,20.799999239999998,76286.679999999993,71852,4.75,216,4019,41000,38100,44.147253,-93.998494
Southeastern Louisiana University,3,4,Public,Southeast,Small City,0.44800000000000001,11704,15729,22,1030,0.6875,0.1646,5.7299999999999997E-2,6.8999999999999999E-3,2.8999999999999998E-3,1.1999999999999999E-3,5.5500000000000001E-2,1.61E-2,0.1472,5391,6335,0.79879999999999995,0.33339999999999997,0.35820000000000002,0.63280000000000003,0.13719999999999999,8.6999999999999993,11670,21465,8258.5,0.83999997400000004,0.709999979,21.56999969,46591.28,32109.5,12.90999985,527,3757,36200,33400,30.51358011,-90.46855815
Cleveland State University,3,4,Public,Great Lakes,Large City,0.62870000000000004,11484,22041,22,1030,0.62760000000000005,0.19189999999999999,4.8899999999999999E-2,2.4500000000000001E-2,2.0999999999999999E-3,1.1000000000000001E-3,2.69E-2,4.7699999999999999E-2,0.2261,8213,8624,1,0.43440000000000001,0.31979999999999997,0.67210000000000003,0.30780000000000002,9,16500,24000,11888,0.93000000699999996,0.61000001400000003,24.709999079999999,43936.800000000003,31001,9.9200000760000009,446,3143,39900,36900,41.50228136,-81.67435526
University of Wisconsin-Oshkosh,3,4,Public,Great Lakes,Small City,0.81340000000000001,10633,16935,22,1030,0.87909999999999999,1.9800000000000002E-2,2.93E-2,3.7100000000000001E-2,8.8999999999999999E-3,5.0000000000000001E-4,1.7999999999999999E-2,6.4000000000000003E-3,0.14019999999999999,7138,6793,0.98819999999999997,0.2762,0.53510000000000002,0.75219999999999998,0.14810000000000001,4.5,16852,23868,9489,0.959999979,0.439999998,21.459999079999999,72876.789999999994,69462,4.1500000950000002,142,2972,39200,37500,44.02498538,-88.54928178
University of Wisconsin-Whitewater,3,4,Public,Great Lakes,Distant Town,0.8468,10438,16107,22,1030,0.85850000000000004,4.7800000000000002E-2,4.1399999999999999E-2,1.66E-2,1.9E-3,5.0000000000000001E-4,2.4299999999999999E-2,7.7999999999999996E-3,6.1600000000000002E-2,5681,7073,0.98699999999999999,0.29630000000000001,0.54830000000000001,0.76939999999999997,8.8499999999999995E-2,7.6,18681,25250,9750,0.959999979,0.439999998,20.790000920000001,76990.02,73639,4.7800002099999999,184,2760,39800,38200,42.835563,-88.74236834
University of Northern Iowa,3,4,Public,Great Plains,Small City,0.83309999999999995,10170,19233,22,1030,0.87050000000000005,2.6800000000000001E-2,2.76E-2,8.0999999999999996E-3,1.8E-3,5.0000000000000001E-4,1.6500000000000001E-2,3.2599999999999997E-2,8.5699999999999998E-2,9117,8062,0.75419999999999998,0.27039999999999997,0.66490000000000005,0.83,9.2299999999999993E-2,4.8,18500,22148,12000,0.980000019,0.439999998,20.81999969,74741.679999999993,70699,5.8099999430000002,230,4062,42100,38700,42.51492254,-92.45970326
Northern Michigan University,3,4,Public,Great Lakes,Remote Town,0.73129999999999995,7959,18466,22,1030,0.85289999999999999,2.3699999999999999E-2,2.81E-2,5.4999999999999997E-3,0.02,8.0000000000000004E-4,1.8800000000000001E-2,9.4000000000000004E-3,7.85E-2,6506,7442,0.69669999999999999,0.38479999999999998,0.4829,0.72199999999999998,0.16189999999999999,12.1,14601,22319,8250,0.94999998799999996,0.56999999300000004,21.340000150000002,65244.05,57707,6.3800001139999996,323,2698,34100,30800,46.55803664,-87.40385725
University of Memphis,3,4,Public,Southeast,Large City,0.68410000000000004,16178,20899,22,1031,0.49880000000000002,0.39360000000000001,3.4299999999999997E-2,2.6499999999999999E-2,2.5000000000000001E-3,1.1000000000000001E-3,3.0200000000000001E-2,8.3000000000000001E-3,0.2409,8742,8304,0.64149999999999996,0.47099999999999997,0.432,0.75829999999999997,0.27410000000000001,12.4,18938,26393.5,13774.5,0.87999999500000003,0.709999979,23.299999239999998,45004.14,29727,11.989999770000001,455,3442,38900,33700,35.12207587,-89.93788281
University of Toledo,3,4,Public,Great Lakes,Large City,0.9073,15440,21263,22,1031,0.69469999999999998,0.13900000000000001,4.4699999999999997E-2,2.3300000000000001E-2,2.0999999999999999E-3,8.0000000000000004E-4,2.5000000000000001E-2,4.4299999999999999E-2,0.1615,12173,8426,0.71919999999999995,0.37919999999999998,0.45429999999999998,0.68049999999999999,0.15909999999999999,13.5,14500,24994,9500,0.94999998799999996,0.540000021,21.43000031,65254.02,57163,7.7699999809999998,498,4974,43600,37600,41.6572464,-83.61593552
Southern Illinois University-Carbondale,3,4,Public,Great Lakes,Small City,0.78869999999999996,13220,24234,22,1032,0.64349999999999996,0.2026,7.0900000000000005E-2,1.7899999999999999E-2,2.5000000000000001E-3,1.1000000000000001E-3,2.8500000000000001E-2,3.1600000000000003E-2,0.1118,16344,7208,0.86050000000000004,0.43259999999999998,0.43369999999999997,0.60440000000000005,0.19400000000000001,9.3000000000000007,15245,22500,10500,0.93000000699999996,0.56999999300000004,22.170000080000001,59660.34,47485,8.9499998089999995,512,5562,41800,37400,37.717389,-89.221214
Valdosta State University,3,4,Public,Southeast,Small City,0.55220000000000002,9634,20958,22,1033,0.53010000000000002,0.35670000000000002,4.2000000000000003E-2,9.9000000000000008E-3,2.3E-3,1.6999999999999999E-3,3.0599999999999999E-2,2.2499999999999999E-2,0.14369999999999999,5873,5998,0.96709999999999996,0.4592,0.4017,0.6885,0.15,10.199999999999999,16000,25245,11000,0.91000002599999996,0.56999999300000004,21.719999309999999,63517.53,51351,10.739999770000001,293,2558,36300,34300,30.84923561,-83.2899252
Brigham Young University-Idaho,3,3,Private,Rocky Mountains,Distant Town,0.99629999999999996,20208,10438,23,1036,0.83189999999999997,5.4999999999999997E-3,3.2300000000000002E-2,9.5999999999999992E-3,3.3E-3,4.0000000000000001E-3,5.5800000000000002E-2,4.1200000000000001E-2,0.28889999999999999,4198,8206,0.43519999999999998,0.3881,0.60109999999999997,0.67549999999999999,0.371,2.9,7725,11966.5,6250,0.68000000699999996,0.87000000499999997,21.270000459999999,48558.75,31581,7.9400000569999998,1481,3339,39300,33800,43.81538377,-111.7847282
University of New Mexico-Main Campus,3,4,Public,Southwest,Large City,0.64580000000000004,20847,16822,22,1038,0.37,2.6700000000000002E-2,0.44819999999999999,2.92E-2,6.0199999999999997E-2,1.9E-3,3.2800000000000003E-2,0.01,0.19289999999999999,11288,8938,0.69869999999999999,0.3846,0.48280000000000001,0.77690000000000003,0.2616,13,14164.5,20500,11432,0.730000019,0.790000021,23.969999309999999,39057.949999999997,26437,15.77000046,1041,5241,37800,31900,35.083868,-106.620155
Florida Atlantic University,3,4,Public,Southeast,Small City,0.4773,24685,19131,22,1039,0.46379999999999999,0.18709999999999999,0.24879999999999999,3.9300000000000002E-2,1.5E-3,1.6000000000000001E-3,2.98E-2,1.52E-2,0.36940000000000001,6131,7962,0.68120000000000003,0.39989999999999998,0.41049999999999998,0.76500000000000001,0.28120000000000001,7.6,12500,17250,9500,0.83999997400000004,0.64999997600000003,23.690000529999999,46536.36,32086,8.2100000380000004,669,4749,41400,37800,26.37242138,-80.10297847
Texas State University,3,4,Public,Southwest,Small Suburb,0.75080000000000002,31005,19721,23,1045,0.53749999999999998,7.0900000000000005E-2,0.31440000000000001,1.84E-2,3.0000000000000001E-3,1.2999999999999999E-3,2.9600000000000001E-2,4.3E-3,0.1716,6379,7528,0.73450000000000004,0.3453,0.57369999999999999,0.77090000000000003,0.15140000000000001,9.4,15750,21714.5,9660,0.94999998799999996,0.56999999300000004,21.950000760000002,63447.41,48876,8.6999998089999995,560,6451,43300,40700,29.88807668,-97.93915455
Portland State University,3,4,Public,Far West,Large City,0.61170000000000002,20085,19843,0,1045,0.62319999999999998,3.4299999999999997E-2,0.1009,7.6899999999999996E-2,1.47E-2,7.4999999999999997E-3,4.9399999999999999E-2,4.99E-2,0.29920000000000002,8562,8286,0.50329999999999997,0.40189999999999998,0.41699999999999998,0.73029999999999995,0.41099999999999998,6,18832,24568.5,14166,0.93000000699999996,0.63999998599999997,24.510000229999999,44977.8,29525.5,7.1100001339999999,784,4591,42600,38200,45.51169772,-122.6841972
Kent State University at Kent,3,4,Public,Great Lakes,Large Suburb,0.83020000000000005,22071,23995,23,1048,0.75549999999999995,8.6400000000000005E-2,2.8299999999999999E-2,1.21E-2,2E-3,8.9999999999999998E-4,2.58E-2,5.79E-2,0.17730000000000001,7675,8299,0.82979999999999998,0.34429999999999999,0.51519999999999999,0.77739999999999998,0.13969999999999999,14.7,16500,26225,10500,0.939999998,0.60000002399999997,22.36000061,61046.44,51560,6.920000076,965,8473,36100,33100,41.151603,-81.337128
Southeast Missouri State University,3,4,Public,Great Plains,Small City,0.85460000000000003,9382,17093,23,1049,0.78790000000000004,0.1019,1.5299999999999999E-2,9.9000000000000008E-3,5.1000000000000004E-3,2.0000000000000001E-4,1.1000000000000001E-3,6.3700000000000007E-2,0.16309999999999999,6354,6747,1,0.35580000000000001,0.48909999999999998,0.72650000000000003,0.16200000000000001,11.6,14000,22459,9500,0.89999997600000003,0.58999997400000004,22.61000061,57993.21,47781,10.100000380000001,217,2344,36100,32500,37.3157504,-89.52911878
The University of Texas at San Antonio,3,4,Public,Southwest,Large City,0.73270000000000002,23840,18936,23,1050,0.2772,9.3399999999999997E-2,0.48699999999999999,5.3199999999999997E-2,1.6000000000000001E-3,1.8E-3,2.7300000000000001E-2,4.7699999999999999E-2,0.16569999999999999,6338,9272,0.71779999999999999,0.43790000000000001,0.3,0.64370000000000005,0.1915,11,16490,23723,10749,0.920000017,0.670000017,22.200000760000002,53600.77,38470,10.670000079999999,717,6912,42200,39700,29.5824179,-98.62138639
Northern Arizona University,3,4,Public,Southwest,Small City,0.91369999999999996,22011,22771,23,1050,0.628,3.2500000000000001E-2,0.1925,1.6E-2,3.1E-2,3.3999999999999998E-3,4.7800000000000002E-2,4.24E-2,0.15609999999999999,6893,7863,0.61719999999999997,0.37780000000000002,0.4924,0.71779999999999999,0.19889999999999999,10.199999999999999,15000,21450,9500,0.91000002599999996,0.60000002399999997,23.620000839999999,61101.19,43127,10.52999973,490,3954,38900,36200,35.18887521,-111.6555591
East Carolina University,3,4,Public,Southeast,Small City,0.62170000000000003,20625,19851,23,1050,0.7097,0.15620000000000001,5.0999999999999997E-2,2.5999999999999999E-2,5.5999999999999999E-3,1.1000000000000001E-3,2.9100000000000001E-2,4.1999999999999997E-3,0.1094,11838,7975,0.84279999999999999,0.3211,0.56310000000000004,0.80879999999999996,0.1535,6.7,18500,23775.5,11000,0.94999998799999996,0.540000021,21.709999079999999,65286.33,53731,9.3999996190000008,452,4856,38900,35900,35.606347,-77.366199
Wayne State University,3,4,Public,Great Lakes,Large City,0.76239999999999997,17789,20199,23,1050,0.53169999999999995,0.21360000000000001,4.1700000000000001E-2,7.8299999999999995E-2,4.0000000000000001E-3,1.2999999999999999E-3,2.6200000000000001E-2,2.5000000000000001E-2,0.31819999999999998,13146,9689,0.53010000000000002,0.48039999999999999,0.32350000000000001,0.76949999999999996,0.27450000000000002,12.5,16000,21500,13500,0.87999999500000003,0.66000002599999996,23.450000760000002,44037.59,30304.5,11.52999973,726,4260,45800,36700,42.35861,-83.072864
Boise State University,3,4,Public,Rocky Mountains,Mid-size City,0.77659999999999996,16557,18227,23,1050,0.7621,1.5699999999999999E-2,9.1200000000000003E-2,2.2800000000000001E-2,6.8999999999999999E-3,4.1999999999999997E-3,0.03,3.6799999999999999E-2,0.24940000000000001,6777,6905,0.56430000000000002,0.3715,0.38009999999999999,0.71289999999999998,0.31819999999999998,11.4,16309,24898,11582,0.88999998599999997,0.68000000699999996,24.61000061,45640.12,33780.5,7.1999998090000004,794,4723,37100,33000,43.60440317,-116.2057889
Southern Illinois University-Edwardsville,3,4,Public,Great Lakes,Large Suburb,0.84189999999999998,11179,21137,23,1050,0.74570000000000003,0.1452,3.6200000000000003E-2,1.5299999999999999E-2,2.3E-3,1.2999999999999999E-3,2.8899999999999999E-2,9.5999999999999992E-3,0.14630000000000001,12487,7859,0.7077,0.35649999999999998,0.50409999999999999,0.69299999999999995,0.1399,6,14317,22500,9500,0.91000002599999996,0.50999998999999996,21.540000920000001,64774.34,56221,7.1399998660000001,277,3209,42200,37800,38.793949,-89.997779
South Dakota State University,3,4,Public,Great Plains,Remote Town,0.91900000000000004,10048,18547,23,1050,0.90359999999999996,1.61E-2,1.8100000000000002E-2,9.1999999999999998E-3,8.9999999999999993E-3,1.5E-3,1.77E-2,2.1999999999999999E-2,0.14199999999999999,7415,7451,0.81579999999999997,0.27160000000000001,0.55659999999999998,0.75890000000000002,0.13370000000000001,4.2,15269,25000,9250,0.980000019,0.47999998900000002,20.920000080000001,68399.37,63089,7.0900001530000001,191,3464,42600,38200,44.31942,-96.783415
Ball State University,3,4,Public,Great Lakes,Small City,0.60540000000000005,15985,21101,22,1053,0.83169999999999999,6.7299999999999999E-2,3.4799999999999998E-2,8.2000000000000007E-3,8.9999999999999998E-4,8.9999999999999998E-4,1.95E-2,2.18E-2,6.1600000000000002E-2,9700,7305,0.82489999999999997,0.3463,0.59379999999999999,0.78380000000000005,7.1499999999999994E-2,8.1,18686,25000,9500,0.94999998799999996,0.44999998800000002,20.559999470000001,78230.63,73544,5.7600002290000001,388,5112,37800,35800,40.19996994,-85.40877746
Rutgers University-Newark,3,4,Public,Mid-Atlantic,Large City,0.54010000000000002,6748,22046,0,1059,0.25700000000000001,0.1867,0.2447,0.2208,1.1999999999999999E-3,4.8999999999999998E-3,2.92E-2,3.1300000000000001E-2,0.13689999999999999,15947,12617,0.59830000000000005,0.4637,0.67520000000000002,0.74219999999999997,0.2213,5.2,19500,22250,13000,0.93000000699999996,0.5,20.979999540000001,76131.149999999994,59041,6.0199999809999998,1048,10583,55700,50300,40.74190246,-74.17492232
Georgia State University,3,4,Public,Southeast,Large City,0.54659999999999997,24128,23124,23,1060,0.31380000000000002,0.39700000000000002,8.9499999999999996E-2,0.1135,1.6999999999999999E-3,1.1000000000000001E-3,4.3400000000000001E-2,1.6299999999999999E-2,0.2429,7273,7149,0.97219999999999995,0.50890000000000002,0.53149999999999997,0.82320000000000004,0.2258,8.5,17070,23000,12500,0.87000000499999997,0.66000002599999996,22.56999969,53412.71,38306,7.7800002099999999,645,4915,40500,37500,33.75269954,-84.3866698
West Virginia University,3,4,Public,Southeast,Small City,0.85099999999999998,22130,16898,24,1062,0.82709999999999995,4.4600000000000001E-2,3.5400000000000001E-2,1.5800000000000002E-2,1.9E-3,8.9999999999999998E-4,3.04E-2,4.0899999999999999E-2,4.9799999999999997E-2,11544,9237,0.76790000000000003,0.26629999999999998,0.57440000000000002,0.77070000000000005,6.9800000000000001E-2,10.5,14625,23808,9500,0.93000000699999996,0.49000000999999999,20.420000080000001,78406.720000000001,69116,9.1599998469999999,514,5826,43600,38700,39.63468,-79.953926
The University of West Florida,3,4,Public,Southeast,Small City,0.48080000000000001,9906,18158,24,1062,0.67410000000000003,0.12640000000000001,8.8900000000000007E-2,2.9700000000000001E-2,7.3000000000000001E-3,3.8E-3,4.3999999999999997E-2,1.54E-2,0.2465,5710,7392,1,0.41020000000000001,0.42320000000000002,0.70030000000000003,0.2984,9.6999999999999993,12500,18334,11000,0.81999999300000004,0.63999998599999997,23.739999770000001,47671.85,34467,9.2799997330000004,319,2217,36200,33400,30.54917485,-87.21844861
University of South Alabama,3,4,Public,Southeast,Mid-size City,0.86040000000000005,11048,17125,23,1064,0.63739999999999997,0.22900000000000001,2.46E-2,3.3700000000000001E-2,8.8000000000000005E-3,1.8E-3,2.2599999999999999E-2,2.8400000000000002E-2,0.20760000000000001,10325,7212,0.64180000000000004,0.37430000000000002,0.3342,0.67869999999999997,0.23430000000000001,7.1,15000,25000,9500,0.89999997600000003,0.63999998599999997,23.690000529999999,45401.94,30958,12.5,413,2802,39900,34400,30.69508117,-88.18189048
University of North Carolina at Charlotte,3,4,Public,Southeast,Large City,0.68520000000000003,21400,17767,23,1066,0.61350000000000005,0.1666,7.4300000000000005E-2,5.04E-2,3.8E-3,1.4E-3,3.2599999999999997E-2,2.46E-2,0.1447,8855,8337,0.72109999999999996,0.40460000000000002,0.53900000000000003,0.80379999999999996,0.18840000000000001,6.2,16500,23005,10166.5,0.920000017,0.560000002,21.909999849999998,64318,51983,6.7699999809999998,435,4073,42600,38300,35.30683411,-80.73579017
Kennesaw State University,3,4,Public,Southeast,Large Suburb,0.56540000000000001,22211,20630,23,1068,0.629,0.1769,7.22E-2,3.3000000000000002E-2,2.2000000000000001E-3,1.5E-3,3.7900000000000003E-2,1.89E-2,0.24859999999999999,6179,6252,0.56379999999999997,0.41789999999999999,0.43380000000000002,0.75639999999999996,0.25180000000000002,8.6,15000,22500,11000,0.87000000499999997,0.579999983,24.510000229999999,57729.39,41150.5,5.0599999430000002,424,3115,39800,37200,34.03813476,-84.58311748
University of Colorado Colorado Springs,3,4,Public,Rocky Mountains,Large City,0.91,8888,16707,23,1068,0.68540000000000001,3.7499999999999999E-2,0.14119999999999999,3.27E-2,5.4999999999999997E-3,3.3E-3,5.7700000000000001E-2,8.6E-3,0.2185,6820,7285,0.53549999999999998,0.32219999999999999,0.45979999999999999,0.7137,0.24049999999999999,2.7,12500,21000,8250,0.89999997600000003,0.540000021,22.870000839999999,61852.58,48420,5.4000000950000002,285,1704,41300,37300,38.8927346,-104.800296
The University of Tennessee-Chattanooga,3,4,Public,Southeast,Mid-size City,0.77569999999999995,10184,19192,23,1069,0.74109999999999998,0.1137,3.2099999999999997E-2,1.7000000000000001E-2,2.3999999999999998E-3,1E-3,7.7700000000000005E-2,6.7000000000000002E-3,0.112,7034,7477,0.63180000000000003,0.35270000000000001,0.37140000000000001,0.69120000000000004,0.129,8.9,11420.5,20500,7112.5,0.86000001400000003,0.60000002399999997,21.479999540000001,56874.59,43600,9.4799995419999998,179,1865,36100,33300,35.04824726,-85.29981228
SUNY College at Brockport,3,4,Public,Mid-Atlantic,Fringe Town,0.47739999999999999,7040,19511,24,1069,0.74350000000000005,7.8299999999999995E-2,4.7699999999999999E-2,1.38E-2,2.5999999999999999E-3,4.0000000000000002E-4,1.9900000000000001E-2,7.4999999999999997E-3,8.9499999999999996E-2,11538,7181,0.56869999999999998,0.40810000000000002,0.66759999999999997,0.80789999999999995,0.15770000000000001,5.6,17750,21500,17304,0.959999979,0.519999981,21.450000760000002,68780.73,62559,7.0900001530000001,179,2662,39900,37600,43.21185142,-77.95150829
California State Polytechnic University-Pomona,3,4,Public,Far West,Large Suburb,0.52180000000000004,20857,19402,23,1070,0.21590000000000001,3.2300000000000002E-2,0.37219999999999998,0.25009999999999999,2E-3,2.8E-3,3.9E-2,4.2500000000000003E-2,0.1186,7355,9101,0.48820000000000002,0.44040000000000001,0.52370000000000005,0.89970000000000006,0.17469999999999999,3.8,15703.5,18001,11691,0.689999998,0.74000001000000004,21.739999770000001,46768.74,30962,11.09000015,433,3946,48100,45000,34.05427317,-117.819019
Oakland University,3,4,Public,Great Lakes,Large Suburb,0.66,16113,19198,23,1070,0.76629999999999998,8.2699999999999996E-2,2.76E-2,4.19E-2,3.3E-3,1.1999999999999999E-3,2.4299999999999999E-2,1.11E-2,0.2427,7570,8482,0.5282,0.2034,0.42949999999999999,0.78139999999999998,0.20599999999999999,6.2,18250,25000,12270,0.939999998,0.5,22.190000529999999,68721.789999999994,56986,5.7399997709999999,291,2518,41500,37900,42.674569,-83.216414
University of Louisiana at Lafayette,3,4,Public,Southeast,Mid-size City,0.59299999999999997,14261,15342,23,1070,0.68420000000000003,0.21299999999999999,3.1600000000000003E-2,1.9300000000000001E-2,4.3E-3,8.0000000000000004E-4,1.5800000000000002E-2,2.1999999999999999E-2,0.13930000000000001,4963,7568,0.81299999999999994,0.34050000000000002,0.44819999999999999,0.74260000000000004,0.15740000000000001,9.3000000000000007,13000,20898,9500,0.81999999300000004,0.68000000699999996,21.459999079999999,50339.7,35091,15.47999954,437,3486,38800,34600,30.21528347,-92.0194105
University of Nebraska at Omaha,3,4,Public,Great Plains,Large City,0.70779999999999998,12153,16860,23,1070,0.72340000000000004,6.5199999999999994E-2,8.7099999999999997E-2,2.6700000000000002E-2,4.1999999999999997E-3,1.1999999999999999E-3,2.98E-2,3.15E-2,0.22270000000000001,7900,7860,0.49809999999999999,0.32519999999999999,0.42109999999999997,0.74760000000000004,0.2258,5.7,13631,21000,9200,0.91000002599999996,0.5,21.670000080000001,67569.73,57671,5.3600001339999999,220,2655,41700,38300,41.25794626,-96.00974096
University of Central Arkansas,3,4,Public,Southeast,Small City,0.89970000000000006,9261,17899,23,1070,0.66559999999999997,0.1867,3.61E-2,1.46E-2,5.7000000000000002E-3,1.1000000000000001E-3,2.7199999999999998E-2,3.3099999999999997E-2,0.1106,6851,6434,0.75419999999999998,0.39369999999999999,0.42030000000000001,0.69769999999999999,0.1142,10.1,11864,21617,8912,0.89999997600000003,0.64999997600000003,21.100000380000001,53694.68,39480,11.22999954,342,2713,36300,33300,35.07819638,-92.45930978
University of Idaho,3,4,Public,Rocky Mountains,Fringe Rural,0.65649999999999997,8539,19700,23,1070,0.79679999999999995,1.0500000000000001E-2,8.3699999999999997E-2,1.43E-2,8.8000000000000005E-3,2.2000000000000001E-3,3.09E-2,3.3700000000000001E-2,6.59E-2,10938,7986,0.78859999999999997,0.39850000000000002,0.53810000000000002,0.78610000000000002,0.13750000000000001,8.3000000000000007,18550,25000,12100,0.939999998,0.62000000499999997,21.459999079999999,64677.72,51484,8.2700004580000002,303,2455,41000,35800,46.72689377,-117.0242962
Winona State University,3,4,Public,Great Plains,Distant Town,0.60750000000000004,8079,20449,23,1070,0.87939999999999996,2.1000000000000001E-2,2.5000000000000001E-2,1.9699999999999999E-2,1E-3,6.9999999999999999E-4,1.83E-2,2.4500000000000001E-2,0.1011,6161,7570,0.63480000000000003,0.26850000000000002,0.56459999999999999,0.78300000000000003,0.1162,4.4000000000000004,18288,24000,9221,0.959999979,0.40000000600000002,20.709999079999999,82392.179999999993,80304,4.2399997709999999,137,2527,41200,39000,44.04657217,-91.64447029
Tennessee Technological University,3,4,Public,Southeast,Remote Town,0.93159999999999998,9827,19900,23,1071,0.82289999999999996,3.7100000000000001E-2,2.4E-2,1.2E-2,1.8E-3,4.0000000000000002E-4,2.3E-2,7.4700000000000003E-2,7.1599999999999997E-2,6916,7551,1,0.3695,0.50639999999999996,0.74580000000000002,0.12559999999999999,8.6999999999999993,11000,15625,7000,0.85000002399999997,0.62000000499999997,21.729999540000001,58081.46,45109,10.130000109999999,208,1982,37800,34400,36.17465917,-85.50395686
University of New Orleans,3,4,Public,Southeast,Large City,0.50360000000000005,6854,16212,23,1072,0.56259999999999999,0.15479999999999999,9.8799999999999999E-2,7.7899999999999997E-2,4.4999999999999997E-3,5.9999999999999995E-4,2.7400000000000001E-2,3.1699999999999999E-2,0.22570000000000001,8079,7448,0.73029999999999995,0.32019999999999998,0.32140000000000002,0.67479999999999996,0.30499999999999999,9,11750,17821,8500,0.769999981,0.74000001000000004,22.299999239999998,40387.97,27630.5,14,451,3190,37600,32900,30.02853897,-90.06850599
University of Colorado Denver,3,4,Public,Rocky Mountains,Large City,0.75870000000000004,10470,18822,23,1073,0.51990000000000003,4.9599999999999998E-2,0.1547,9.6299999999999997E-2,4.7999999999999996E-3,1.4E-3,3.3700000000000001E-2,9.8100000000000007E-2,0.25890000000000002,25568,9364,0.67230000000000001,0.2777,0.41289999999999999,0.75209999999999999,0.25069999999999998,5,16750,22995,11368,0.89999997600000003,0.49000000999999999,24.68000031,51853.53,36176,5.5999999049999998,332,2205,60300,50100,39.74521411,-104.8393446
The University of Tampa,3,4,Private,Southeast,Large City,0.52210000000000001,6476,37714,24,1075,0.59230000000000005,5.7599999999999998E-2,0.12,1.34E-2,1.9E-3,1.1999999999999999E-3,2.3599999999999999E-2,0.10390000000000001,4.5100000000000001E-2,6103,8424,1,0.24729999999999999,0.6159,0.751,7.2499999999999995E-2,6.7,17550.5,25975,8580,0.959999979,0.41999998700000002,21.010000229999999,81805.23,66421,6.1999998090000004,159,1426,44000,40200,27.94722527,-82.46558244
University of Rhode Island,3,4,Public,New England,Large Suburb,0.78710000000000002,13008,26262,24,1076,0.69299999999999995,4.9599999999999998E-2,8.6300000000000002E-2,3.0099999999999998E-2,2.5000000000000001E-3,2.9999999999999997E-4,2.3099999999999999E-2,7.1000000000000004E-3,9.8400000000000001E-2,7446,9144,0.5907,0.26740000000000003,0.63439999999999996,0.81279999999999997,8.6499999999999994E-2,7.3,19500,23250,9500,0.94999998799999996,0.40000000600000002,20.659999849999998,88579.08,78122.5,6.9099998469999999,240,3291,49200,44600,41.489334,-71.528708
The University of Texas at Arlington,3,4,Public,Southwest,Large City,0.5998,25415,21420,23,1077,0.39639999999999997,0.14699999999999999,0.25559999999999999,0.1177,2.8999999999999998E-3,2.2000000000000001E-3,3.2300000000000002E-2,3.9100000000000003E-2,0.37409999999999999,6782,8272,0.63429999999999997,0.40389999999999998,0.40410000000000001,0.70830000000000004,0.35260000000000002,7.3,12834,19608,9738,0.88999998599999997,0.62000000499999997,23.219999309999999,51136.11,36358,8.2399997710000008,631,5991,46100,42900,32.72919367,-97.11517266
University of Arkansas at Little Rock,3,4,Public,Southeast,Mid-size City,0.52739999999999998,8504,19894,24,1077,0.5514,0.2656,6.2300000000000001E-2,2.3E-2,3.3E-3,4.0000000000000002E-4,6.4199999999999993E-2,2.93E-2,0.38129999999999997,7292,7480,1,0.4027,0.24379999999999999,0.69730000000000003,0.40620000000000001,10.5,14250,23000,10500,0.920000017,0.74000001000000004,25.13999939,37463.78,26332.5,10.960000040000001,432,2414,34600,31600,34.72347932,-92.34057389
University of California-Riverside,3,4,Public,Far West,Large City,0.62,18612,29787,23,1078,0.14419999999999999,4.87E-2,0.3589,0.36149999999999999,1.6000000000000001E-3,3.8999999999999998E-3,3.5400000000000001E-2,3.15E-2,2.23E-2,10473,11324,0.82399999999999995,0.56399999999999995,0.66169999999999995,0.88980000000000004,4.7300000000000002E-2,6.1,17000,19500,10379,0.86000001400000003,0.69999998799999996,20.079999919999999,57708.66,43078.5,11.289999959999999,479,3984,43800,41100,33.9745475,-117.3287661
Towson University,3,4,Public,Mid-Atlantic,Small City,0.60340000000000005,18534,21596,23,1078,0.65210000000000001,0.15260000000000001,5.21E-2,4.7800000000000002E-2,1.8E-3,8.9999999999999998E-4,3.49E-2,2.0299999999999999E-2,0.10920000000000001,5906,6670,0.53,0.24979999999999999,0.65500000000000003,0.86029999999999995,0.11260000000000001,5.2,15750,19000,9250,0.93000000699999996,0.40999999599999998,20.88999939,82801.58,71279.5,4.9800000190000002,241,3441,47700,45700,39.3930079,-76.61226756
Savannah College of Art and Design,3,4,Private,Southeast,Mid-size City,0.65469999999999995,8750,49179,24,1078,0.5605,0.1086,8.0500000000000002E-2,4.3999999999999997E-2,5.5999999999999999E-3,2.3E-3,2.3E-3,0.1168,0.16209999999999999,10302,8024,0.7974,0.2601,0.68300000000000005,0.80710000000000004,0.1007,8.6999999999999993,21521.5,27000,9500,0.980000019,0.41999998700000002,20.459999079999999,95838.42,78907,7.0199999809999998,224,1637,35800,29700,32.07743947,-81.1002344
University of Nevada-Reno,3,4,Public,Far West,Mid-size City,0.83960000000000001,15310,21398,24,1081,0.64600000000000002,3.5400000000000001E-2,0.16309999999999999,6.5600000000000006E-2,7.9000000000000008E-3,5.7000000000000002E-3,5.9799999999999999E-2,1.23E-2,0.15620000000000001,14946,9233,0.92810000000000004,0.28839999999999999,0.51390000000000002,0.79890000000000005,0.15010000000000001,5.0999999999999996,12000,18743.5,8120,0.86000001400000003,0.52999997099999996,23.059999470000001,61238.62,45534,6.3800001139999996,238,1968,47000,41800,39.54364169,-119.8153769
Howard University,3,4,Private,Mid-Atlantic,Large City,0.49299999999999999,6855,40129,24,1081,1.34E-2,0.91830000000000001,3.5999999999999999E-3,1.2999999999999999E-2,1.9699999999999999E-2,3.8999999999999998E-3,0,2.8000000000000001E-2,6.13E-2,22191,8566,0.74950000000000006,0.44940000000000002,0.60650000000000004,0.81540000000000001,8.5999999999999993E-2,11.6,24250,27000,15750,0.94999998799999996,0.579999983,20.969999309999999,63421.37,47531,10.55000019,166,1712,46400,42400,38.92073881,-77.01947807
University of Southern Mississippi,3,4,Public,Southeast,Small City,0.66310000000000002,12371,18781,24,1082,0.60950000000000004,0.31780000000000003,3.2300000000000002E-2,1.2200000000000001E-2,4.0000000000000001E-3,1E-3,1.67E-2,6.1999999999999998E-3,0.1246,7858,7109,0.75600000000000001,0.46439999999999998,0.45129999999999998,0.71619999999999995,0.22159999999999999,12,16600,25000,12641,0.920000017,0.69999998799999996,22.63999939,44439.03,29062,14.43999958,487,4215,37700,33200,31.327499,-89.33791
SUNY at Purchase College,3,4,Public,Mid-Atlantic,Large Suburb,0.33189999999999997,4017,22381,24,1082,0.57379999999999998,8.0199999999999994E-2,0.1847,3.2399999999999998E-2,2E-3,6.9999999999999999E-4,4.3099999999999999E-2,1.9699999999999999E-2,5.4300000000000001E-2,10361,7092,0.39489999999999997,0.31780000000000003,0.59709999999999996,0.82399999999999995,9.7699999999999995E-2,6.2,19750,23250,9500,0.939999998,0.5,20.61000061,78438.02,63153,8.4799995419999998,159,1111,33800,30900,41.04922447,-73.70193589
Indiana Wesleyan University,3,4,Private,Great Lakes,Distant Town,0.95150000000000001,10625,33770,24,1083,0.76239999999999997,0.1762,2.9899999999999999E-2,7.1999999999999998E-3,3.7000000000000002E-3,1E-3,1.6E-2,1.4E-3,9.8299999999999998E-2,3954,6853,1,0.39029999999999998,0.65500000000000003,0.77759999999999996,0.69189999999999996,6.1,21500,24806.5,12125,0.97000002900000004,0.40000000600000002,31.170000080000001,69016.27,61954.5,6.2699999809999998,311,3539,51100,45100,40.5184948,-85.66199126
University of Maine,3,4,Public,New England,Small Suburb,0.81059999999999999,8619,22461,24,1085,0.81189999999999996,2.01E-2,2.2200000000000001E-2,1.38E-2,1.2999999999999999E-2,2.0000000000000001E-4,2.6200000000000001E-2,2.53E-2,8.6400000000000005E-2,10058,8755,0.63719999999999999,0.37180000000000002,0.55559999999999998,0.80659999999999998,9.9099999999999994E-2,6.3,19200.5,27000,11000,0.959999979,0.5,20.770000459999999,68984.850000000006,60423,7.7899999619999996,217,2813,41100,36500,44.899257,-68.669332
Arizona State University-Downtown Phoenix,3,4,Public,Southwest,Large City,0.75700000000000001,8555,22909,24,1085,0.54759999999999998,0.06,0.27010000000000001,4.5600000000000002E-2,2.4299999999999999E-2,2.7000000000000001E-3,3.2800000000000003E-2,1.1599999999999999E-2,0.11459999999999999,9165,8746,0.85609999999999997,0.42449999999999999,0.47320000000000001,0.84079999999999999,0.1986,8.5,16250,20375,11000,0,0,0,0,0,0,0,0,0,0,33.45283,-112.073581
University of Illinois at Springfield,3,4,Public,Great Lakes,Mid-size City,0.59770000000000001,2959,21385,24,1085,0.67730000000000001,0.1338,5.9499999999999997E-2,3.6799999999999999E-2,1.4E-3,1E-3,2.47E-2,2.9100000000000001E-2,0.34370000000000001,10685,7464,0.60660000000000003,0.36770000000000003,0.43080000000000002,0.74350000000000005,0.4123,6.6,15000,19498,11129,0.88999998599999997,0.55000001200000004,25.209999079999999,54554.28,42542.5,7.5300002099999999,68,793,42700,40000,39.72986182,-89.61491653
Utah State University,3,4,Public,Rocky Mountains,Small City,0.96740000000000004,20775,16020,24,1087,0.80030000000000001,1.03E-2,5.11E-2,9.7000000000000003E-3,2.2700000000000001E-2,2.3999999999999998E-3,1.6799999999999999E-2,2.1399999999999999E-2,0.2707,8255,8206,0.9627,0.35949999999999999,0.51090000000000002,0.65769999999999995,0.23899999999999999,5.7,8750,13500,6500,0.709999979,0.790000021,23.36000061,44547.68,29227,7.3899998660000001,1096,4230,41700,37300,41.740748,-111.81391
University of California-Santa Cruz,3,4,Public,Far West,Small City,0.59909999999999997,15695,33208,23,1087,0.36799999999999999,2.01E-2,0.3019,0.20469999999999999,1.6999999999999999E-3,1.5E-3,6.9800000000000001E-2,1.0800000000000001E-2,2.3699999999999999E-2,8338,12110,0.70979999999999999,0.44590000000000002,0.72670000000000001,0.88790000000000002,4.4699999999999997E-2,5.7,16500,19737.5,11000,0.93000000699999996,0.55000001200000004,20.280000690000001,73778.36,58508,7.9800000190000002,383,2819,42200,37800,36.99901842,-122.0607261
University of Hawaii at Manoa,3,4,Public,Far West,Large City,0.80089999999999995,14097,18491,24,1087,0.18340000000000001,1.23E-2,8.7400000000000005E-2,0.4042,2.0999999999999999E-3,3.8899999999999997E-2,0.24629999999999999,2.3800000000000002E-2,0.16139999999999999,17768,10360,0.77769999999999995,0.30859999999999999,0.56510000000000005,0.77869999999999995,0.17549999999999999,5.0999999999999996,13750,19509,8250,0.85000002399999997,0.560000002,22.329999919999999,54876.85,39485,7.1999998090000004,400,2956,43100,38500,21.29732382,-157.816202
Arkansas State University-Main Campus,3,4,Public,Southeast,Small City,0.75509999999999999,9325,18809,24,1088,0.73019999999999996,0.14660000000000001,2.0299999999999999E-2,7.4999999999999997E-3,3.8999999999999998E-3,5.9999999999999995E-4,1.66E-2,6.0400000000000002E-2,0.18959999999999999,5002,6957,0.74299999999999999,0.46179999999999999,0.36980000000000002,0.73119999999999996,0.224,14.6,13300,20959,9750,0.85000002399999997,0.77999997099999996,23.979999540000001,38618.99,27550,13.39000034,704,4120,32300,29100,35.84363421,-90.6778724
Wichita State University,3,4,Public,Great Plains,Large City,0.95760000000000001,11198,14764,24,1089,0.65159999999999996,5.9700000000000003E-2,9.1399999999999995E-2,6.9500000000000006E-2,8.8000000000000005E-3,1.6000000000000001E-3,2.53E-2,5.6099999999999997E-2,0.23499999999999999,6594,7568,0.92230000000000001,0.35949999999999999,0.4637,0.74490000000000001,0.2883,7.8,15250,21750,11000,0.920000017,0.579999983,23.88999939,52548.32,41686,6.9000000950000002,386,2950,39500,36400,37.71630554,-97.29737545
Louisiana Tech University,3,4,Public,Southeast,Distant Town,0.6744,7047,16983,24,1089,0.68230000000000002,0.15060000000000001,1.3899999999999999E-2,9.9000000000000008E-3,4.7999999999999996E-3,1.1000000000000001E-3,1.4500000000000001E-2,4.4400000000000002E-2,0.10979999999999999,5668,7055,0.8468,0.2218,0.49340000000000001,0.78639999999999999,0.1507,7.5,13632.5,20984.5,8583,0.87000000499999997,0.61000001400000003,21.489999770000001,57506.42,43568,14.579999920000001,277,2366,43300,37500,32.52551805,-92.64963973
San Diego State University,3,4,Public,Far West,Large City,0.31209999999999999,26625,20252,24,1090,0.37190000000000001,3.8399999999999997E-2,0.29459999999999997,0.14000000000000001,2.7000000000000001E-3,3.5000000000000001E-3,5.9900000000000002E-2,4.0899999999999999E-2,0.1046,6797,9229,0.54039999999999999,0.39560000000000001,0.66159999999999997,0.87749999999999995,0.1651,5.2,14495,16460,11004.5,0.81999999300000004,0.62999999500000003,21.989999770000001,57515.91,37534,9.4799995419999998,711,6425,47300,44000,32.7752498,-117.0712279
Grand Valley State University,3,4,Public,Great Lakes,Large Suburb,0.82599999999999996,21137,21512,24,1090,0.83509999999999995,5.3999999999999999E-2,4.3099999999999999E-2,1.9300000000000001E-2,4.1999999999999997E-3,4.0000000000000002E-4,2.6100000000000002E-2,1.2699999999999999E-2,0.11600000000000001,7728,7816,0.66339999999999999,0.36320000000000002,0.69499999999999995,0.8165,9.9199999999999997E-2,5.0999999999999996,20898.5,26500,12000,0.959999979,0.47999998900000002,20.799999239999998,78034.289999999994,72885.5,5.5100002290000001,426,5381,39600,36900,42.96520807,-85.88751859
Missouri State University-Springfield,3,4,Public,Great Plains,Mid-size City,0.85099999999999998,15746,19117,24,1090,0.81710000000000005,4.4600000000000001E-2,3.1300000000000001E-2,1.34E-2,5.1000000000000004E-3,1.6999999999999999E-3,0.03,4.1099999999999998E-2,0.1308,6697,7135,0.6633,0.31979999999999997,0.53369999999999995,0.75249999999999995,0.14119999999999999,7.9,15000,22375,10250,0.939999998,0.50999998999999996,21.579999919999999,69002.880000000005,57869.5,7.6399998660000001,449,4364,37300,34100,37.19798324,-93.2768213
The University of Montana,3,4,Public,Rocky Mountains,Small City,0.94230000000000003,11630,17440,24,1090,0.80449999999999999,7.6E-3,3.9100000000000003E-2,1.1900000000000001E-2,3.0800000000000001E-2,2.0999999999999999E-3,3.9100000000000003E-2,1.9300000000000001E-2,0.1933,7041,9948,0.68240000000000001,0.39119999999999999,0.4708,0.73440000000000005,0.2651,10.199999999999999,15259.5,24776.5,11326.5,0.94999998799999996,0.62000000499999997,23.040000920000001,53798.720000000001,36634,9.8400001530000001,467,3806,36200,30900,46.861074,-113.98294
University of North Dakota,3,4,Public,Great Plains,Small City,0.73699999999999999,11182,20538,24,1090,0.81520000000000004,2.07E-2,2.5000000000000001E-2,1.3599999999999999E-2,1.7399999999999999E-2,8.9999999999999998E-4,2.5999999999999999E-2,5.3499999999999999E-2,0.16719999999999999,16008,8361,0.91669999999999996,0.2087,0.55289999999999995,0.75019999999999998,0.17319999999999999,3.6,16728,24500,10000,0.980000019,0.41999998700000002,20.989999770000001,78359.31,72841.5,7.3400001530000001,210,3576,47800,42600,47.921654,-97.071738
University of Missouri-St Louis,3,4,Public,Great Plains,Large Suburb,0.7419,8928,22474,24,1090,0.62060000000000004,0.192,2.4199999999999999E-2,4.4499999999999998E-2,3.7000000000000002E-3,1.6000000000000001E-3,1.6400000000000001E-2,3.4299999999999997E-2,0.35020000000000001,8703,8195,0.48849999999999999,0.30359999999999998,0.45669999999999999,0.75049999999999994,0.27760000000000001,8.6,18223,22000,14000,0.94999998799999996,0.55000001200000004,24.010000229999999,54750.66,37821,7.5700001720000003,333,2918,40800,37500,38.71129669,-90.30888608
University of South Dakota,3,4,Public,Great Plains,Distant Town,0.87880000000000003,6449,18843,24,1090,0.87190000000000001,2.0899999999999998E-2,3.3799999999999997E-2,1.21E-2,1.6400000000000001E-2,1.6999999999999999E-3,2.5600000000000001E-2,1.1900000000000001E-2,0.2712,8747,7200,0.76839999999999997,0.28760000000000002,0.55149999999999999,0.76490000000000002,0.221,6.4,15463,24000,10500,0.980000019,0.469999999,22.989999770000001,61219.519999999997,53346,7.3200001720000003,178,2467,40900,35900,42.78467617,-96.92653276
North Dakota State University-Main Campus,3,4,Public,Great Plains,Mid-size City,0.84099999999999997,11629,18277,24,1091,0.87580000000000002,2.4400000000000002E-2,1.41E-2,1.32E-2,6.7999999999999996E-3,4.0000000000000002E-4,1.77E-2,3.5999999999999997E-2,8.3199999999999996E-2,7707,8163,0.98719999999999997,0.22509999999999999,0.53080000000000005,0.78049999999999997,8.8800000000000004E-2,3.3,17000,25050,8250,0.980000019,0.43000000700000002,20.520000459999999,76035.12,71695,6.5900001530000001,182,3463,47900,41400,46.89452277,-96.80568852
University of Illinois at Chicago,3,4,Public,Great Lakes,Large City,0.71399999999999997,16601,25248,24,1092,0.37909999999999999,7.8100000000000003E-2,0.24740000000000001,0.22509999999999999,1.4E-3,4.1999999999999997E-3,2.4500000000000001E-2,1.9699999999999999E-2,7.4899999999999994E-2,25773,9797,0.65380000000000005,0.49059999999999998,0.56689999999999996,0.79779999999999995,0.1105,4.2,14750,18532.5,8750,0.810000002,0.58999997400000004,21.06999969,55560.29,41721,8.1099996569999995,574,5090,54400,47000,41.87183722,-87.65050255
St John's University-New York,3,4,Private,Mid-Atlantic,Large City,0.53159999999999996,11147,50233,24,1093,0.33910000000000001,0.19309999999999999,0.16389999999999999,0.18870000000000001,2E-3,2.8999999999999998E-3,4.3200000000000002E-2,4.99E-2,2.92E-2,10743,11777,0.45379999999999998,0.30830000000000002,0.55700000000000005,0.79620000000000002,3.7999999999999999E-2,9.3000000000000007,20000,25920,11500,0.920000017,0.58999997400000004,19.690000529999999,65214.94,49731,10.30000019,429,3984,54700,48000,40.72202659,-73.79502744
Georgia Southern University,3,4,Public,Southeast,Remote Town,0.52,17103,21513,23,1094,0.63280000000000003,0.25990000000000002,0.04,1.3599999999999999E-2,4.7000000000000002E-3,1.5E-3,1.9400000000000001E-2,1.2500000000000001E-2,8.1000000000000003E-2,6183,6217,0.88009999999999999,0.37530000000000002,0.50460000000000005,0.80479999999999996,8.2600000000000007E-2,8.9,16250,21927,10750,0.93000000699999996,0.560000002,20.590000150000002,75183.28,61757,9.6199998860000004,377,3686,39300,36600,32.41985357,-81.77993606
SUNY Oneonta,3,4,Public,Mid-Atlantic,Remote Town,0.50729999999999997,5759,20762,24,1097,0.8175,3.2800000000000003E-2,8.6999999999999994E-2,1.55E-2,2.3E-3,5.0000000000000001E-4,0,1.35E-2,1.6799999999999999E-2,8609,6242,0.56530000000000002,0.28710000000000002,0.69779999999999998,0.87409999999999999,2.93E-2,6.5,20500,22870.5,11667,0.94999998799999996,0.44999998800000002,20.100000380000001,79989.41,72432,7.0599999430000002,161,2100,40000,37300,42.466555,-75.064186
University of North Texas,3,4,Public,Southwest,Mid-size City,0.59689999999999999,31243,18593,24,1100,0.51139999999999997,0.14230000000000001,0.20599999999999999,5.3499999999999999E-2,5.1999999999999998E-3,1.1999999999999999E-3,3.1300000000000001E-2,3.9199999999999999E-2,0.2278,7571,9746,1,0.36449999999999999,0.49930000000000002,0.75029999999999997,0.2361,10,14955,20750,9835.5,0.939999998,0.52999997099999996,22.260000229999999,64825.21,49512,7.2100000380000004,695,6921,41200,39400,33.210958,-97.151211
University of Mississippi,3,4,Public,Southeast,Remote Town,0.59360000000000002,16432,21526,24,1100,0.76749999999999996,0.15590000000000001,2.75E-2,1.5800000000000002E-2,2.5999999999999999E-3,1E-3,1.78E-2,1.14E-2,6.2100000000000002E-2,9350,8409,0.82599999999999996,0.29749999999999999,0.57969999999999999,0.85580000000000001,9.3100000000000002E-2,7.5,15750,21500,11785,0.91000002599999996,0.519999981,22.149999619999999,68842.41,46826.5,12.170000079999999,286,3213,46900,37900,34.36343843,-89.53716886
CUNY Queens College,3,4,Public,Mid-Atlantic,Large City,0.37019999999999997,14424,13676,0,1100,0.35310000000000002,7.2800000000000004E-2,0.27139999999999997,0.2412,1.6999999999999999E-3,3.5000000000000001E-3,6.0000000000000001E-3,5.0299999999999997E-2,0.25440000000000002,8204,7624,0.40450000000000003,0.38069999999999998,0.5635,0.84440000000000004,0.25009999999999999,6.5,9054,11200,7639.5,0.37000000500000002,0.81999999300000004,23.030000690000001,31861.75,22794.5,11.649999619999999,428,2581,45300,42300,40.737771,-73.815387
CUNY Brooklyn College,3,4,Public,Mid-Atlantic,Large City,0.31979999999999997,12625,13903,0,1100,0.37959999999999999,0.21870000000000001,0.17899999999999999,0.1739,1.6000000000000001E-3,2.3E-3,1.1599999999999999E-2,3.3399999999999999E-2,0.25040000000000001,8845,7529,0.45090000000000002,0.48159999999999997,0.51,0.86399999999999999,0.27610000000000001,8.3000000000000007,9500,11000,8500,0.439999998,0.85000002399999997,23.25,27433.119999999999,19691,18.700000760000002,563,2980,43100,39300,40.63191166,-73.9531199
University of New Hampshire-Main Campus,3,4,Public,New England,Small Suburb,0.77839999999999998,12288,29520,0,1100,0.80159999999999998,1.18E-2,2.93E-2,2.0299999999999999E-2,2.7000000000000001E-3,2.0000000000000001E-4,1.6500000000000001E-2,1.1599999999999999E-2,2.3800000000000002E-2,10236,11061,0.61729999999999996,0.2238,0.79190000000000005,0.86409999999999998,3.2399999999999998E-2,2.9,23128.5,27000,11000,0.99000001000000004,0.30000001199999998,20.030000690000001,96733.64,88997,4.1300001139999996,247,3829,45900,42400,43.13423546,-70.9345123
Oregon State University,3,4,Public,Far West,Small City,0.78939999999999999,22349,22974,24,1102,0.68969999999999998,1.2800000000000001E-2,7.3300000000000004E-2,6.6199999999999995E-2,6.8999999999999999E-3,4.1999999999999997E-3,5.7500000000000002E-2,5.7000000000000002E-2,0.1893,10145,8692,0.74170000000000003,0.33389999999999997,0.61470000000000002,0.84150000000000003,0.1938,5,16846,23166,11386,0.939999998,0.560000002,21.579999919999999,66705.259999999995,54955,7.5,437,4362,46400,41600,44.563109,-123.278711
Virginia Commonwealth University,3,4,Public,Southeast,Mid-size City,0.69130000000000003,22049,25291,24,1102,0.51619999999999999,0.1842,7.5399999999999995E-2,0.12130000000000001,2.5999999999999999E-3,2.8999999999999998E-3,4.6300000000000001E-2,2.93E-2,0.1181,12826,8242,0.66269999999999996,0.28649999999999998,0.56810000000000005,0.8659,0.15010000000000001,6,19125,24750,11750,0.959999979,0.519999981,21.420000080000001,69541.5,55696,6.5399999619999996,381,4656,42700,38600,37.5476308,-77.45359716
SUNY at Albany,3,4,Public,Mid-Atlantic,Small City,0.55449999999999999,12542,21249,24,1102,0.53469999999999995,0.14419999999999999,0.1323,7.5700000000000003E-2,2.8E-3,1.5E-3,2.5700000000000001E-2,4.8899999999999999E-2,4.58E-2,11393,9423,0.55640000000000001,0.37469999999999998,0.66379999999999995,0.81499999999999995,7.0099999999999996E-2,5.9,16750,21500,10205,0.939999998,0.519999981,20.299999239999998,74245.98,60558,8.1000003809999992,310,3827,47600,44100,42.68691742,-73.82501352
Ohio University-Main Campus,3,4,Public,Great Lakes,Distant Town,0.72950000000000004,23331,23605,24,1104,0.83240000000000003,4.7300000000000002E-2,2.4E-2,9.1000000000000004E-3,1.6999999999999999E-3,8.0000000000000004E-4,2.58E-2,4.4200000000000003E-2,0.2828,9768,8294,0.67720000000000002,0.2339,0.66569999999999996,0.78620000000000001,0.2772,15,14457,22500,9500,0.93000000699999996,0.52999997099999996,21.93000031,73621.039999999994,62815,7.8200001720000003,836,7067,38900,35800,39.323839,-82.103503
West Chester University of Pennsylvania,3,4,Public,Mid-Atlantic,Large Suburb,0.51559999999999995,13456,24997,0,1105,0.81140000000000001,9.2200000000000004E-2,4.6800000000000001E-2,2.1000000000000001E-2,1E-3,5.0000000000000001E-4,2.3599999999999999E-2,3.0000000000000001E-3,7.6100000000000001E-2,7384,8909,0.73450000000000004,0.24060000000000001,0.68640000000000001,0.87360000000000004,9.0700000000000003E-2,5.2,19695.5,23811,14000,0.97000002900000004,0.34999999399999998,20.590000150000002,87436.62,82783,5.170000076,235,3122,43500,42000,39.95195802,-75.59850508
University of Missouri-Kansas City,3,4,Public,Great Plains,Large City,0.33,8309,23437,24,1105,0.57720000000000005,0.16339999999999999,6.9900000000000004E-2,6.5000000000000002E-2,3.3999999999999998E-3,1.9E-3,3.1099999999999999E-2,3.7499999999999999E-2,0.1938,15048,8305,0.62460000000000004,0.32079999999999997,0.5131,0.73299999999999998,0.24990000000000001,9.8000000000000007,15750,21187,11000,0.94999998799999996,0.519999981,23.309999470000001,57316.66,40642,7.3600001339999999,286,2524,47400,41300,39.03372423,-94.57659993
Embry-Riddle Aeronautical University-Daytona Beach,3,4,Private,Southeast,Small City,0.74050000000000005,4666,45648,24,1105,0.53320000000000001,5.74E-2,7.0499999999999993E-2,4.6300000000000001E-2,4.7000000000000002E-3,2.3999999999999998E-3,4.3700000000000003E-2,0.1595,6.6699999999999995E-2,16386,8505,0.86019999999999996,0.31030000000000002,0.56899999999999995,0.77800000000000002,0.14230000000000001,4.5999999999999996,16500,26000,11750,0.91000002599999996,0.47999998900000002,23.229999540000001,71628,52839,7.3000001909999996,226,2940,59200,53800,29.18924404,-81.04950047
University of Arizona,3,4,Public,Southwest,Large City,0.76919999999999999,31399,23905,24,1106,0.5464,3.3300000000000003E-2,0.24440000000000001,5.6099999999999997E-2,1.06E-2,2.0999999999999999E-3,4.1700000000000001E-2,5.5E-2,9.9000000000000005E-2,11382,10320,0.74780000000000002,0.32650000000000001,0.6139,0.81479999999999997,9.0999999999999998E-2,7,13500,19000,9279,0.86000001400000003,0.60000002399999997,21.520000459999999,68621.67,46758,9.2899999619999996,703,5942,46400,40000,32.23286613,-110.9500859
Mississippi State University,3,4,Public,Southeast,Remote Town,0.6482,16399,20796,24,1106,0.71560000000000001,0.2122,1.8700000000000001E-2,1.09E-2,6.0000000000000001E-3,8.9999999999999998E-4,1.2699999999999999E-2,1.4800000000000001E-2,8.2400000000000001E-2,6989,7852,0.86360000000000003,0.34150000000000003,0.61050000000000004,0.78510000000000002,0.107,8.3000000000000007,15500,23250,10453,0.89999997600000003,0.63999998599999997,21.809999470000001,57616.67,41243.5,14.920000079999999,305,3094,41900,36800,33.451697,-88.790826
University of Oregon,3,4,Public,Far West,Mid-size City,0.74170000000000003,20473,22390,25,1108,0.64249999999999996,1.9900000000000001E-2,8.1299999999999997E-2,5.1299999999999998E-2,5.1999999999999998E-3,4.7999999999999996E-3,5.8400000000000001E-2,0.1242,7.8200000000000006E-2,11641,8828,0.70240000000000002,0.25850000000000001,0.6653,0.86719999999999997,8.4699999999999998E-2,5.8,18309,21535,10333,0.94999998799999996,0.50999998999999996,21.729999540000001,71151.8,54318,7.2800002099999999,517,4089,42200,38000,44.044515,-123.07398
University of Utah,3,4,Public,Rocky Mountains,Mid-size City,0.81740000000000002,23273,19048,24,1109,0.71560000000000001,1.2200000000000001E-2,9.3799999999999994E-2,5.0500000000000003E-2,5.4000000000000003E-3,5.8999999999999999E-3,3.1899999999999998E-2,6.6400000000000001E-2,0.26800000000000002,12835,7764,0.94479999999999997,0.32250000000000001,0.60370000000000001,0.87909999999999999,0.32079999999999997,3.9,12839,15400,10821,0.829999983,0.670000017,23.540000920000001,47548.1,32294,6.0599999430000002,830,5127,51600,44300,40.76248351,-111.846044
University of Minnesota-Duluth,3,4,Public,Great Plains,Small City,0.78220000000000001,9239,22796,24,1109,0.87590000000000001,1.95E-2,2.0299999999999999E-2,2.9100000000000001E-2,4.3E-3,8.0000000000000004E-4,2.46E-2,1.84E-2,3.78E-2,6299,7487,0.79620000000000002,0.24310000000000001,0.58830000000000005,0.75090000000000001,4.6600000000000003E-2,4.4000000000000004,18925,25000,10250,0.97000002900000004,0.36000001399999998,20.340000150000002,87902.82,83294.5,4.9499998090000004,157,2970,45300,39900,46.818896,-92.085177
Illinois State University,3,4,Public,Great Lakes,Mid-size Suburb,0.68920000000000003,17667,25416,24,1110,0.79690000000000005,7.1400000000000005E-2,7.7100000000000002E-2,0.02,1.8E-3,1E-3,2.23E-2,4.5999999999999999E-3,5.8599999999999999E-2,9950,7665,0.72609999999999997,0.25569999999999998,0.71619999999999995,0.81599999999999995,6.1499999999999999E-2,4,18750,22500,9500,0.94999998799999996,0.38999998600000002,20.459999079999999,86459.94,82019,5.0199999809999998,301,5168,43000,40600,40.50972361,-88.9923395
CUNY City College,3,4,Public,Mid-Atlantic,Large City,0.34100000000000003,11820,14041,0,1110,0.16750000000000001,0.183,0.3226,0.23530000000000001,8.0000000000000004E-4,4.3E-3,1.0800000000000001E-2,7.5600000000000001E-2,0.2215,13009,8257,0.40289999999999998,0.50729999999999997,0.42009999999999997,0.87470000000000003,0.23530000000000001,9,10000,12500,8000,0.40000000600000002,0.86000001400000003,23.11000061,26864.6,20534,21.600000380000001,389,2368,43400,39700,40.81979371,-73.95055032
University of Wisconsin-Eau Claire,3,4,Public,Great Lakes,Small City,0.76459999999999995,10218,18066,24,1110,0.89839999999999998,6.4000000000000003E-3,1.8599999999999998E-2,3.3000000000000002E-2,4.0000000000000001E-3,4.0000000000000002E-4,1.66E-2,2.0199999999999999E-2,6.9500000000000006E-2,6718,6886,0.96809999999999996,0.26540000000000002,0.66930000000000001,0.82279999999999998,7.9600000000000004E-2,3.8,17823.5,23250,8750,0.97000002900000004,0.40999999599999998,20.409999849999998,82400.899999999994,78332,4.4499998090000004,149,2644,42000,39900,44.79843117,-91.50043158
SUNY College at Oswego,3,4,Public,Mid-Atlantic,Distant Town,0.48630000000000001,7245,21222,24,1110,0.79300000000000004,5.9200000000000003E-2,8.7599999999999997E-2,1.7299999999999999E-2,1.6999999999999999E-3,6.9999999999999999E-4,2.3099999999999999E-2,1.6E-2,4.0599999999999997E-2,9804,6733,0.58109999999999995,0.39129999999999998,0.57850000000000001,0.78029999999999999,7.1199999999999999E-2,7,18750,23000,10900,0.959999979,0.519999981,20.690000529999999,70031.259999999995,63043,8.1700000760000009,219,2757,39200,36400,43.45377044,-76.54388452
Western Washington University,3,4,Public,Far West,Small City,0.83709999999999996,13925,22009,25,1114,0.75339999999999996,1.5599999999999999E-2,6.8000000000000005E-2,6.4100000000000004E-2,4.3E-3,1.4E-3,7.5899999999999995E-2,9.9000000000000008E-3,7.2499999999999995E-2,8298,8028,0.64929999999999999,0.255,0.69320000000000004,0.82820000000000005,7.3700000000000002E-2,4.7,15500,19500,10476,0.93000000699999996,0.469999999,21.629999160000001,70343.27,60238,6.5500001909999996,410,3394,41500,39000,48.73737855,-122.4850158
Montana State University,3,4,Public,Rocky Mountains,Remote Town,0.84489999999999998,13055,18486,24,1115,0.87009999999999998,7.1000000000000004E-3,3.15E-2,1.03E-2,1.3899999999999999E-2,8.0000000000000004E-4,0.03,2.8299999999999999E-2,0.16489999999999999,7209,8068,0.84850000000000003,0.31609999999999999,0.49409999999999998,0.75760000000000005,0.16750000000000001,5.7,14465,24801,11500,0.94999998799999996,0.58999997400000004,21.61000061,63595.51,49742,8.5799999239999991,341,3243,40600,35600,45.666829,-111.049918
Texas Tech University,3,4,Public,Southwest,Mid-size City,0.66300000000000003,26809,20900,25,1116,0.63290000000000002,5.8700000000000002E-2,0.20630000000000001,2.6800000000000001E-2,3.3999999999999998E-3,1E-3,2.8299999999999999E-2,3.6700000000000003E-2,9.35E-2,6813,8757,0.86050000000000004,0.28899999999999998,0.59040000000000004,0.82330000000000003,0.10009999999999999,7.6,17750,23246.5,10763,0.94999998799999996,0.47999998900000002,20.590000150000002,82825.990000000005,69477,8.6000003809999992,530,6207,49800,43900,33.58045123,-101.8771289
Catholic University of America,3,4,Private,Mid-Atlantic,Large City,0.60070000000000001,3641,54023,25,1118,0.63109999999999999,5.4899999999999997E-2,0.1052,3.1300000000000001E-2,1.6000000000000001E-3,1.1000000000000001E-3,3.1300000000000001E-2,4.8099999999999997E-2,5.3600000000000002E-2,15799,9565,0.48480000000000001,0.1232,0.68520000000000003,0.82609999999999995,9.4E-2,2.6,22000,26000,9500,0.980000019,0.23999999499999999,21.219999309999999,120106.07,106352,5.4000000950000002,71,808,51100,48900,38.93579561,-76.99896139
Rowan University,3,4,Public,Mid-Atlantic,Large Suburb,0.59230000000000005,10656,26970,0,1120,0.72909999999999997,8.48E-2,9.3700000000000006E-2,3.7199999999999997E-2,2.5000000000000001E-3,1.1000000000000001E-3,2.41E-2,7.4000000000000003E-3,0.1235,13609,9370,0.31740000000000002,0.30070000000000002,0.69820000000000004,0.84099999999999997,0.1353,5.2,18500,21146,14000,0.959999979,0.41999998700000002,21.340000150000002,81120.55,74007.5,5.7600002290000001,189,2881,47400,45900,39.7106244,-75.118507
Temple University,3,4,Public,Mid-Atlantic,Large City,0.63870000000000005,27511,27247,25,1121,0.6028,0.13519999999999999,5.4199999999999998E-2,0.1011,1.9E-3,8.9999999999999998E-4,2.3199999999999998E-2,3.4799999999999998E-2,0.10580000000000001,12500,9648,0.50070000000000003,0.3352,0.66320000000000001,0.88829999999999998,0.1241,5.6,21700,25799,13751,0.959999979,0.5,21.329999919999999,70311.210000000006,56155,8.3500003809999992,861,7930,49500,43600,39.980712,-75.15845161
University of Scranton,3,4,Private,Mid-Atlantic,Small City,0.75029999999999997,3834,51962,25,1121,0.81269999999999998,1.5900000000000001E-2,7.4099999999999999E-2,2.8199999999999999E-2,1E-3,2.9999999999999997E-4,2.01E-2,3.3999999999999998E-3,2.76E-2,10141,9400,0.72860000000000003,0.2014,0.81759999999999999,0.9032,3.3700000000000001E-2,4,26442,27000,12000,0.980000019,0.34000000400000002,20.06999969,106711.89,93993,5.5199999809999998,62,1215,53800,50800,41.4071499,-75.65803123
University of California-Irvine,3,4,Public,Far West,Mid-size City,0.4239,23517,28980,24,1122,0.1739,1.8700000000000001E-2,0.21709999999999999,0.43709999999999999,1.6000000000000001E-3,4.1999999999999997E-3,3.9600000000000003E-2,8.9399999999999993E-2,1.7100000000000001E-2,17853,12839,0.78839999999999999,0.432,0.85850000000000004,0.91749999999999998,4.4200000000000003E-2,3.1,15500,17414,10788.5,0.85000002399999997,0.579999983,20.190000529999999,67260.78,50385,8.7100000380000004,471,3936,52000,47100,33.643163,-117.837785
Duquesne University,3,4,Private,Mid-Atlantic,Large City,0.7409,5944,42280,25,1122,0.83830000000000005,4.2099999999999999E-2,2.69E-2,1.8499999999999999E-2,1.2999999999999999E-3,1E-3,2.1700000000000001E-2,3.8699999999999998E-2,3.5000000000000003E-2,10729,8863,0.4849,0.20230000000000001,0.76880000000000004,0.87609999999999999,5.3600000000000002E-2,2.8,25500,27000,12000,0.980000019,0.33000001299999998,20.959999079999999,90458.69,81511,6.4499998090000004,124,2209,59700,51600,40.437496,-79.993046
University of Wyoming,3,4,Public,Rocky Mountains,Remote Town,0.95689999999999997,9969,17652,25,1123,0.81079999999999997,1.17E-2,6.0499999999999998E-2,1.12E-2,6.6E-3,2.8999999999999998E-3,2.2100000000000002E-2,3.85E-2,0.17199999999999999,13902,8810,0.90969999999999995,0.24279999999999999,0.54090000000000005,0.73939999999999995,0.23930000000000001,5.3,12511.5,19000,9500,0.91000002599999996,0.540000021,22.510000229999999,62802.32,51123,7.9699997900000001,299,2685,46200,42000,41.311943,-105.57204
Colorado State University-Fort Collins,3,4,Public,Rocky Mountains,Mid-size City,0.77429999999999999,22482,21823,25,1127,0.74950000000000006,2.1000000000000001E-2,9.6000000000000002E-2,1.9E-2,3.3E-3,8.9999999999999998E-4,3.4599999999999999E-2,2.5100000000000001E-2,0.1024,10417,8869,0.69589999999999996,0.2571,0.63829999999999998,0.85909999999999997,0.107,4.8,16707.5,21250,9750,0.93000000699999996,0.439999998,20.790000920000001,81929.11,69107,5.1100001339999999,537,5053,44200,39500,40.571679,-105.085771
Xavier University,3,4,Private,Great Lakes,Large City,0.69969999999999999,4452,45080,25,1132,0.73019999999999996,0.1,4.4900000000000002E-2,2.29E-2,2.7000000000000001E-3,1.1000000000000001E-3,2.52E-2,1.7299999999999999E-2,6.8500000000000005E-2,10197,8089,0.53420000000000001,0.1827,0.76459999999999995,0.83440000000000003,8.1600000000000006E-2,3.7,24000,27000,10500,0.980000019,0.34000000400000002,21.620000839999999,100738.63,88138,6.4699997900000001,57,926,48400,43700,39.14929137,-84.47764751
University of Redlands,3,4,Private,Far West,Small City,0.67200000000000004,3462,55268,25,1135,0.50609999999999999,4.5900000000000003E-2,0.26050000000000001,5.11E-2,5.4999999999999997E-3,6.1000000000000004E-3,3.73E-2,6.8999999999999999E-3,0.2218,9159,9234,0.96440000000000003,0.24970000000000001,0.72950000000000004,0.88400000000000001,0.21740000000000001,3,24000,27000,18381,0.97000002900000004,0.37999999499999998,23.63999939,83774.070000000007,69769,9.1899995800000003,120,1164,50000,47100,34.06421825,-117.1632183
University of Houston,3,4,Public,Southwest,Large City,0.58409999999999995,30357,22215,25,1136,0.2843,0.11550000000000001,0.29980000000000001,0.2122,1.5E-3,2.5999999999999999E-3,3.1099999999999999E-2,4.6399999999999997E-2,0.2596,7456,10569,0.87590000000000001,0.38790000000000002,0.47539999999999999,0.84630000000000005,0.19350000000000001,7.9,14878,20426,10000,0.85000002399999997,0.64999997600000003,22.100000380000001,48647.14,33211,9.9200000760000009,801,6876,51000,45200,29.719988,-95.344851
Oklahoma State University-Main Campus,3,4,Public,Southwest,Distant Town,0.76019999999999999,20314,21338,25,1138,0.72219999999999995,0.05,4.7199999999999999E-2,1.5299999999999999E-2,6.0900000000000003E-2,1E-4,6.93E-2,2.8000000000000001E-2,0.12640000000000001,8346,8254,0.86860000000000004,0.29139999999999999,0.59560000000000002,0.78610000000000002,0.1273,8,14750.5,20500,9500,0.89999997600000003,0.56999999300000004,21.399999619999999,67548.850000000006,52462,9.0100002289999992,553,5190,46000,39800,36.12308498,-97.0697431
University of Kentucky,3,4,Public,Southeast,Large City,0.68610000000000004,21050,22420,25,1140,0.77800000000000002,7.7899999999999997E-2,3.2599999999999997E-2,2.47E-2,1.6999999999999999E-3,6.9999999999999999E-4,2.8500000000000001E-2,2.6200000000000001E-2,5.9299999999999999E-2,10793,9614,0.8206,0.24809999999999999,0.61839999999999995,0.82530000000000003,8.2400000000000001E-2,7.2,14000,20500,9250,0.920000017,0.439999998,21.129999160000001,71446.070000000007,57564,9.0600004199999997,413,4583,45300,39300,38.028761,-84.502517
Pratt Institute-Main,3,4,Private,Mid-Atlantic,Large City,0.55720000000000003,3247,54582,26,1140,0.4521,4.4699999999999997E-2,9.8599999999999993E-2,0.15709999999999999,3.3999999999999998E-3,3.3999999999999998E-3,5.9999999999999995E-4,0.22389999999999999,3.1399999999999997E-2,13360,9254,0.14230000000000001,0.26219999999999999,0.62770000000000004,0.86729999999999996,6.2799999999999995E-2,6.6,23241,27000,12000,0.980000019,0.49000000999999999,20.88999939,75159.240000000005,59029,8.2399997710000008,168,1016,40600,37300,40.69115429,-73.96214942
University of Cincinnati-Main Campus,3,4,Public,Great Lakes,Large City,0.73250000000000004,23360,25799,25,1141,0.76470000000000005,7.6399999999999996E-2,2.5999999999999999E-2,2.9600000000000001E-2,2.2000000000000001E-3,1E-3,2.2599999999999999E-2,4.1200000000000001E-2,0.13189999999999999,10476,9079,0.4632,0.26579999999999998,0.57899999999999996,0.84619999999999995,0.15629999999999999,10,15000,23947.5,9500,0.939999998,0.519999981,23,64379.94,50863,7.1100001339999999,909,7427,40300,36200,39.13115854,-84.5142802
Virginia Military Institute,3,3,Public,Southeast,Distant Town,0.47320000000000001,1675,24643,25,1141,0.83160000000000001,4.2999999999999997E-2,4.36E-2,5.4300000000000001E-2,1.8E-3,7.1999999999999998E-3,1.55E-2,3.0000000000000001E-3,0,12475,7426,1,0.15079999999999999,0.75849999999999995,0.84109999999999996,2.3999999999999998E-3,6,19710,23500,8500,0.94999998799999996,0.37000000500000002,19.469999309999999,95765.01,89939.5,5.329999924,13,316,52200,53300,37.79075664,-79.43524899
Saint Mary's College,3,3,Private,Great Lakes,Large Suburb,0.85680000000000001,1470,45920,26,1141,0.77210000000000001,1.43E-2,0.1177,1.4999999999999999E-2,0,0,2.7900000000000001E-2,1.6299999999999999E-2,6.7999999999999996E-3,14363,6258,0.66820000000000002,0.2029,0.71189999999999998,0.87529999999999997,5.4000000000000003E-3,1.6,26814,27000,8750,0.99000001000000004,0.25999999000000001,19.510000229999999,119024.16,103102,4.9699997900000001,28,444,44700,41800,41.708157,-86.258632
University of Louisville,3,4,Public,Southeast,Large City,0.71120000000000005,15023,21922,25,1142,0.76859999999999995,0.11459999999999999,3.6299999999999999E-2,3.0800000000000001E-2,1.4E-3,5.0000000000000001E-4,3.5499999999999997E-2,1.0500000000000001E-2,0.1812,15806,9373,0.66020000000000001,0.2999,0.5343,0.77880000000000005,0.20649999999999999,9.6,13300,21500,9250,0.87999999500000003,0.560000002,22.120000839999999,58745.22,45597.5,8.75,323,2710,40200,35800,38.21575173,-85.7606276
University of Detroit Mercy,3,4,Private,Great Lakes,Large City,0.61470000000000002,2871,48027,25,1142,0.52910000000000001,0.1007,2.86E-2,3.2000000000000001E-2,2.3999999999999998E-3,1.6999999999999999E-3,2.4E-2,5.8200000000000002E-2,0.2351,14080,8667,1,0.2873,0.56820000000000004,0.8246,0.2389,6.1,19300,25000,12673,0.959999979,0.52999997099999996,24.959999079999999,58134.97,44772,10.15999985,108,843,48200,43000,42.4142365,-83.13593243
University of North Florida,3,4,Public,Southeast,Large City,0.5343,14006,19415,25,1143,0.69969999999999999,9.8500000000000004E-2,9.2899999999999996E-2,4.3200000000000002E-2,1.1000000000000001E-3,8.9999999999999998E-4,4.7100000000000003E-2,1.3100000000000001E-2,0.28670000000000001,5323,7279,0.78890000000000005,0.34799999999999998,0.4995,0.81669999999999998,0.24529999999999999,7.5,14000,17479,9882,0.87000000499999997,0.579999983,22.590000150000002,55334.71,41844.5,7.1199998860000004,324,2877,41100,38400,30.2693132,-81.50830806
Loyola University New Orleans,3,4,Private,Southeast,Large City,0.87070000000000003,2910,46676,25,1143,0.51270000000000004,0.1598,0.15809999999999999,3.5400000000000001E-2,5.7999999999999996E-3,2.9999999999999997E-4,3.5700000000000003E-2,3.2000000000000001E-2,6.4899999999999999E-2,11302,8612,0.76819999999999999,0.29720000000000002,0.54859999999999998,0.80389999999999995,6.7900000000000002E-2,5.3,18500,26070,11250,0.97000002900000004,0.37999999499999998,20.770000459999999,88998.94,72625,9.2200002669999996,111,896,43500,40500,29.93614104,-90.12041722
Arizona State University-Tempe,3,4,Public,Southwest,Mid-size City,0.80230000000000001,38480,21960,25,1145,0.57550000000000001,3.9800000000000002E-2,0.18529999999999999,6.7699999999999996E-2,1.3599999999999999E-2,2.5000000000000001E-3,3.7600000000000001E-2,7.1499999999999994E-2,9.4299999999999995E-2,9080,10405,0.87870000000000004,0.33760000000000001,0.59470000000000001,0.84399999999999997,0.1414,8.5,16250,20375,11000,0.87999999500000003,0.58999997400000004,22.559999470000001,63334.02,43477,7.7100000380000004,1444,11691,46000,41200,33.41728,-111.935499
Iowa State University,3,4,Public,Great Plains,Small City,0.82520000000000004,27112,18820,25,1145,0.77239999999999998,2.53E-2,4.2900000000000001E-2,2.69E-2,2.0999999999999999E-3,1E-3,1.95E-2,7.3200000000000001E-2,4.1599999999999998E-2,9170,10027,0.82879999999999998,0.2263,0.68100000000000005,0.87129999999999996,5.74E-2,5.0999999999999996,19750,25250,9751,0.97000002900000004,0.439999998,20.340000150000002,81434.679999999993,73557,5.4499998090000004,433,6659,47500,43500,42.025303,-93.65024
University of Kansas,3,4,Public,Great Plains,Small City,0.92279999999999995,18731,21971,25,1145,0.74809999999999999,4.07E-2,6.4100000000000004E-2,3.9100000000000003E-2,5.3E-3,1E-3,4.2099999999999999E-2,5.21E-2,9.9000000000000005E-2,16874,9694,0.77980000000000005,0.22159999999999999,0.61619999999999997,0.79900000000000004,0.1031,5.5,14799,20114,9427,0.97000002900000004,0.40000000600000002,20.829999919999999,85281.02,72937,5.2399997709999999,339,4971,47500,41600,38.956474,-95.258651
University of Alabama at Birmingham,3,4,Public,Southeast,Mid-size City,0.86729999999999996,11200,19990,25,1146,0.59870000000000001,0.25900000000000001,2.58E-2,5.1799999999999999E-2,2.5999999999999999E-3,6.9999999999999999E-4,3.44E-2,1.4E-2,0.25790000000000002,17208,10170,0.91059999999999997,0.35049999999999998,0.53769999999999996,0.80159999999999998,0.2422,8,16250,23117,11886,0.920000017,0.58999997400000004,22.670000080000001,49894.65,34909,10.90999985,387,3121,42100,37200,33.50223,-86.80917
University of Nebraska-Lincoln,3,4,Public,Great Plains,Large City,0.64039999999999997,19376,21024,25,1147,0.80020000000000002,2.4E-2,4.6699999999999998E-2,2.24E-2,2.7000000000000001E-3,5.9999999999999995E-4,2.3800000000000002E-2,5.9900000000000002E-2,6.5799999999999997E-2,10583,10085,0.9234,0.19789999999999999,0.66779999999999995,0.83640000000000003,5.9700000000000003E-2,4.4000000000000004,15799,22500,9002,0.94999998799999996,0.44999998800000002,20.280000690000001,81338.55,72140.5,5.9400000569999998,320,4609,43000,39200,40.82178693,-96.70066318
James Madison University,3,4,Public,Southeast,Small City,0.63560000000000005,18127,21980,25,1149,0.78800000000000003,3.9899999999999998E-2,4.7199999999999999E-2,4.1399999999999999E-2,1.5E-3,1.8E-3,3.2300000000000002E-2,1.95E-2,3.44E-2,8099,8016,0.76919999999999999,0.1343,0.81499999999999995,0.92369999999999997,2.5899999999999999E-2,2.5,18500,20683.5,9500,0.94999998799999996,0.28999999199999998,19.670000080000001,108473.44,99908,4.6599998469999999,197,3208,52300,48800,38.43533185,-78.87166267
Samford University,3,4,Private,Southeast,Large Suburb,0.76970000000000005,2995,38835,26,1153,0.81140000000000001,6.6400000000000001E-2,6.6400000000000001E-2,8.0000000000000002E-3,3.0000000000000001E-3,6.9999999999999999E-4,0.01,3.04E-2,5.04E-2,14054,8261,0.99390000000000001,0.14940000000000001,0.69199999999999995,0.86729999999999996,6.0100000000000001E-2,1.3,20000,23236,11250,0.959999979,0.34999999399999998,21.020000459999999,92968.08,77481,7.0999999049999998,76,653,48900,41400,33.46594604,-86.79220465
Florida International University,3,4,Public,Southeast,Large Suburb,0.4304,38234,18426,26,1154,0.1007,0.1221,0.67049999999999998,2.69E-2,8.0000000000000004E-4,1.4E-3,1.7999999999999999E-2,4.7199999999999999E-2,0.32929999999999998,6702,9653,0.98409999999999997,0.58089999999999997,0.5161,0.83540000000000003,0.26979999999999998,8.9,13750,17750,10500,0.730000019,0.77999997099999996,22.38999939,38171.07,27626,11.600000380000001,795,6004,44200,40500,25.75711094,-80.37759052
University of North Carolina Wilmington,3,4,Public,Southeast,Mid-size City,0.54190000000000005,12178,18165,24,1154,0.80430000000000001,4.8000000000000001E-2,6.2199999999999998E-2,1.95E-2,4.7999999999999996E-3,1.6999999999999999E-3,2.8199999999999999E-2,6.8999999999999999E-3,6.9400000000000003E-2,7865,7872,0.70850000000000002,0.28249999999999997,0.70989999999999998,0.86399999999999999,0.1328,6.7,16500,20624,9761.5,0.94999998799999996,0.469999999,21.129999160000001,75837.119999999995,63608.5,7.7300000190000002,269,2651,39100,35700,34.22522262,-77.87552676
George Mason University,3,4,Public,Southeast,Large Suburb,0.62029999999999996,21324,22332,26,1155,0.45760000000000001,9.6199999999999994E-2,0.1167,0.17399999999999999,1.6000000000000001E-3,4.7999999999999996E-3,4.6100000000000002E-2,4.1700000000000001E-2,0.19339999999999999,12122,10524,0.55869999999999997,0.26840000000000003,0.66700000000000004,0.87280000000000002,0.23,1.8,17250,20250,11000,0.91000002599999996,0.519999981,22.030000690000001,72029.929999999993,53311,4.0100002290000001,440,3804,55500,53100,38.83088029,-77.30793951
Saint Johns University,3,4,Private,Great Plains,Fringe Rural,0.75160000000000005,1871,46397,26,1155,0.82630000000000003,3.15E-2,4.3299999999999998E-2,2.9399999999999999E-2,8.6E-3,2.0999999999999999E-3,6.4000000000000003E-3,5.2400000000000002E-2,1.12E-2,12673,7899,0.86519999999999997,0.19470000000000001,0.79459999999999997,0.85519999999999996,5.8999999999999999E-3,2.4,23150,27000,13453,0.99000001000000004,0.28999999199999998,19.549999239999998,110742.05,99495,4.3200001720000003,24,500,55000,51100,45.581357,-94.39192
SUNY College of Environmental Science and Forestry,3,4,Public,Mid-Atlantic,Mid-size City,0.50519999999999998,1694,22550,25,1155,0.87250000000000005,1.2999999999999999E-2,2.4199999999999999E-2,2.7199999999999998E-2,1.8E-3,5.9999999999999995E-4,2.3599999999999999E-2,1.7100000000000001E-2,2.9499999999999998E-2,15891,8282,0.74390000000000001,0.2676,0.71599999999999997,0.85670000000000002,9.0499999999999997E-2,3.7,17124,20000,11500,0.959999979,0.50999998999999996,21.020000459999999,76789.5,67355,7.3800001139999996,57,499,41800,38200,43.03476584,-76.13870756
University of Arkansas,3,4,Public,Southeast,Small City,0.58579999999999999,20776,19917,26,1156,0.78739999999999999,4.9200000000000001E-2,6.4399999999999999E-2,2.3699999999999999E-2,1.2E-2,6.9999999999999999E-4,3.2099999999999997E-2,2.76E-2,0.11169999999999999,8349,8902,0.86629999999999996,0.2427,0.60099999999999998,0.82099999999999995,0.10440000000000001,6.7,14990,21524,9887,0.91000002599999996,0.540000021,21.459999079999999,68151.740000000005,52612,9.5600004199999997,291,2762,43700,39200,36.06564171,-94.17785232
Appalachian State University,3,4,Public,Southeast,Distant Town,0.63229999999999997,15840,17780,26,1156,0.86119999999999997,3.0599999999999999E-2,4.19E-2,1.3599999999999999E-2,2.5000000000000001E-3,6.9999999999999999E-4,2.3900000000000001E-2,7.6E-3,5.16E-2,7361,7657,0.72399999999999998,0.25900000000000001,0.68569999999999998,0.87180000000000002,7.3400000000000007E-2,4.8,15635,19526,9500,0.93000000699999996,0.46000000800000002,20.68000031,78640.38,69100,6.8600001339999999,262,2992,36100,33600,36.2126825,-81.6775196
Michigan State University,3,4,Public,Great Lakes,Small City,0.6865,37622,23740,26,1158,0.69669999999999999,6.7400000000000002E-2,3.5999999999999997E-2,4.2299999999999997E-2,2.2000000000000001E-3,5.9999999999999995E-4,2.4E-2,0.1202,8.1000000000000003E-2,14386,10614,0.86670000000000003,0.2387,0.77359999999999995,0.90510000000000002,3.5799999999999998E-2,5.7,22734,25714,15442,0.959999979,0.40999999599999998,20.200000760000002,87289.4,78152,6.0999999049999998,539,7322,51900,46800,42.72476,-84.473639
University at Buffalo,3,4,Public,Mid-Atlantic,Large Suburb,0.56520000000000004,19365,20885,26,1158,0.49509999999999998,6.7500000000000004E-2,6.6299999999999998E-2,0.12859999999999999,2.0999999999999999E-3,8.0000000000000004E-4,2.0299999999999999E-2,0.16370000000000001,8.1199999999999994E-2,15151,10026,0.60650000000000004,0.28349999999999997,0.72,0.87590000000000001,7.8799999999999995E-2,4.5,15200,20100,9250,0.939999998,0.49000000999999999,20.780000690000001,68669.08,56636,8.25,449,5720,50600,44500,43.001012,-78.78961
Syracuse University,3,4,Private,Mid-Atlantic,Mid-size City,0.49490000000000001,14738,55600,26,1158,0.55669999999999997,8.9399999999999993E-2,0.1076,8.0699999999999994E-2,7.1000000000000004E-3,5.0000000000000001E-4,2.5700000000000001E-2,9.3600000000000003E-2,3.6799999999999999E-2,14915,10822,0.65980000000000005,0.26769999999999999,0.81079999999999997,0.91900000000000004,3.5299999999999998E-2,3.7,27000,27000,16750,0.97000002900000004,0.37999999499999998,20.010000229999999,98994.29,80005.5,7.5500001909999996,201,3177,54800,50800,43.039891,-76.13267
Providence College,3,4,Private,New England,Mid-size City,0.59789999999999999,3969,56184,26,1158,0.76670000000000005,4.1099999999999998E-2,6.7500000000000004E-2,1.18E-2,1.2999999999999999E-3,1.8E-3,1.54E-2,1.8599999999999998E-2,4.48E-2,12232,9471,0.62260000000000004,0.1341,0.85040000000000004,0.90780000000000005,6.8900000000000003E-2,2.2999999999999998,27000,27000,14500,0.980000019,0.209999993,19.879999160000001,120179.81,110798,4.8899998660000001,43,1019,57700,52900,41.84419284,-71.43790583
Valparaiso University,3,4,Private,Great Lakes,Large Suburb,0.79690000000000005,3209,43185,26,1158,0.74570000000000003,5.33E-2,6.7299999999999999E-2,1.5599999999999999E-2,1.1999999999999999E-3,5.9999999999999995E-4,2.2700000000000001E-2,8.2600000000000007E-2,2.8400000000000002E-2,10489,7280,0.68400000000000005,0.25369999999999998,0.70130000000000003,0.86360000000000003,6.1800000000000001E-2,4.4000000000000004,23250,27000,11925,0.97000002900000004,0.36000001399999998,20.559999470000001,90375.63,81419.5,5.079999924,66,960,45900,42400,41.46317587,-87.04585311
CUNY Hunter College,3,4,Public,Mid-Atlantic,Large City,0.29720000000000002,15697,14478,0,1160,0.31690000000000002,0.1003,0.24879999999999999,0.2424,2.2000000000000001E-3,7.4000000000000003E-3,1.6199999999999999E-2,6.5699999999999995E-2,0.25629999999999997,8762,7895,0.36890000000000001,0.40970000000000001,0.50380000000000003,0.8669,0.22239999999999999,5.3,9500,10500,8500,0.439999998,0.790000021,22.440000529999999,32945.53,22554,16.989999770000001,571,3245,43500,40400,40.76866874,-73.96479536
University of San Francisco,3,4,Private,Far West,Large City,0.6129,6308,55812,25,1161,0.311,2.93E-2,0.18720000000000001,0.19400000000000001,1.9E-3,4.8999999999999998E-3,6.9900000000000004E-2,0.18149999999999999,3.7100000000000001E-2,15041,12409,0.41349999999999998,0.26250000000000001,0.69010000000000005,0.86460000000000004,8.3199999999999996E-2,5.3,23000,25000,20300,0.959999979,0.439999998,22.209999079999999,90594.28,70581,6.5599999430000002,157,1397,62000,53300,37.77556389,-122.4509765
Louisiana State University and Agricultural & Mechanical College,3,4,Public,Southeast,Fringe Rural,0.76229999999999998,23990,20422,26,1162,0.75600000000000001,0.11119999999999999,5.0599999999999999E-2,3.4299999999999997E-2,3.2000000000000002E-3,1E-3,2.3400000000000001E-2,1.7000000000000001E-2,5.3499999999999999E-2,9914,9190,0.91020000000000001,0.1978,0.69140000000000001,0.82489999999999997,5.3400000000000003E-2,4.3,13000,19500,8250,0.87000000499999997,0.519999981,20.549999239999998,70702.73,52648,11.579999920000001,415,5035,49500,42800,30.41273915,-91.18072747
DePaul University,3,4,Private,Great Lakes,Large City,0.59870000000000001,16120,46375,26,1163,0.55610000000000004,8.3699999999999997E-2,0.17169999999999999,7.2999999999999995E-2,1E-3,2.0999999999999999E-3,3.7100000000000001E-2,2.6499999999999999E-2,0.15909999999999999,11612,10392,0.50339999999999996,0.3448,0.70469999999999999,0.85360000000000003,0.2019,6,20500,24165.5,13475,0.94999998799999996,0.52999997099999996,22.280000690000001,74671.61,54683,7.1399998660000001,487,3964,49400,44800,41.92333183,-87.65411572
University of Missouri-Columbia,3,4,Public,Great Plains,Mid-size City,0.78610000000000002,26585,22387,26,1165,0.79890000000000005,8.2199999999999995E-2,3.32E-2,2.24E-2,2.5000000000000001E-3,5.0000000000000001E-4,2.53E-2,2.7300000000000001E-2,5.33E-2,10752,8788,0.70530000000000004,0.216,0.70120000000000005,0.83530000000000004,3.85E-2,5.5,17500,22500,10500,0.97000002900000004,0.34999999399999998,20.280000690000001,89631.5,80508.5,6.2399997709999999,405,5572,46700,41200,38.941015,-92.326429
College of Charleston,3,4,Public,Southeast,Mid-size City,0.70309999999999995,10150,25086,26,1165,0.82410000000000005,6.2799999999999995E-2,4.1599999999999998E-2,1.6199999999999999E-2,1.4E-3,1.6000000000000001E-3,3.2899999999999999E-2,7.7999999999999996E-3,5.21E-2,8234,7747,0.64349999999999996,0.22570000000000001,0.64480000000000004,0.82620000000000005,8.5300000000000001E-2,6.6,17000,22341,9500,0.94999998799999996,0.40999999599999998,20.579999919999999,90152.6,71255,7.6799998279999997,212,1964,39700,35800,32.78303444,-79.93688322
Hofstra University,3,4,Private,Mid-Atlantic,Large Suburb,0.58709999999999996,6748,49604,26,1165,0.58709999999999996,8.5999999999999993E-2,0.127,7.8799999999999995E-2,2.3999999999999998E-3,8.2000000000000007E-3,2.6800000000000001E-2,2.7400000000000001E-2,5.74E-2,15989,12848,0.47260000000000002,0.22570000000000001,0.62119999999999997,0.78259999999999996,5.11E-2,5.2,19150,23900,10900,0.959999979,0.40999999599999998,20.420000080000001,90094.080000000002,74751,5.6599998469999999,310,2834,50700,45900,40.71595869,-73.60078008
University of South Florida-Main Campus,3,4,Public,Southeast,Large City,0.45240000000000002,30376,19299,26,1168,0.54930000000000001,0.1106,0.1961,6.0299999999999999E-2,2.0999999999999999E-3,2.8999999999999998E-3,3.2199999999999999E-2,3.1699999999999999E-2,0.2283,8322,8082,0.77129999999999999,0.41270000000000001,0.6321,0.88780000000000003,0.2112,7.4,16954,19735,12500,0.87000000499999997,0.62999999500000003,22.489999770000001,52366.99,36808.5,7.9800000190000002,978,8367,40600,37900,28.05664722,-82.41587583
Washington College,3,4,Private,Mid-Atlantic,Distant Town,0.66549999999999998,1424,52243,27,1168,0.78720000000000001,3.3000000000000002E-2,3.6499999999999998E-2,1.26E-2,1.4E-3,0,2.3199999999999998E-2,6.3899999999999998E-2,9.1000000000000004E-3,12924,7927,0.62180000000000002,0.14879999999999999,0.68210000000000004,0.80859999999999999,1.8200000000000001E-2,3.5,25000,27000,8750,0.99000001000000004,0.18000000699999999,19.270000459999999,123228.4,108663.5,4.1900000569999998,19,333,45100,40800,39.21732911,-76.06877979
The University of Alabama,3,4,Public,Southeast,Small City,0.5655,28692,26717,26,1171,0.78649999999999998,0.114,3.1300000000000001E-2,1.12E-2,4.4000000000000003E-3,1.1000000000000001E-3,2.1000000000000001E-2,2.7799999999999998E-2,8.5199999999999998E-2,9817,9605,0.71089999999999998,0.2107,0.66649999999999998,0.87,8.5300000000000001E-2,8.1,17750,24000,11000,0.939999998,0.52999997099999996,20.770000459999999,74131.14,58976,10.05000019,318,3326,44700,39200,33.21439966,-87.54576647
Mercer University,3,4,Private,Southeast,Small City,0.69,4304,46382,26,1171,0.47470000000000001,0.3322,3.7199999999999997E-2,5.11E-2,4.4000000000000003E-3,1.4E-3,1.9300000000000001E-2,3.44E-2,0.16220000000000001,10646,7918,0.97519999999999996,0.41010000000000002,0.59470000000000001,0.82020000000000004,0.36840000000000001,6.6,21500,26000,13000,0.97000002900000004,0.439999998,26.63999939,65979.679999999993,48287.5,7.9299998279999997,177,1923,53700,43900,32.82973096,-83.65104196
Embry-Riddle Aeronautical University-Prescott,3,4,Private,Southwest,Fringe Rural,0.78979999999999995,1802,45228,26,1171,0.60160000000000002,1.72E-2,7.5499999999999998E-2,4.9399999999999999E-2,5.4999999999999997E-3,6.1000000000000004E-3,7.5999999999999998E-2,8.5500000000000007E-2,6.3799999999999996E-2,18433,8387,0.70179999999999998,0.28839999999999999,0.59150000000000003,0.82799999999999996,0.1166,4.5999999999999996,16500,26000,11750,0.91000002599999996,0.47999998900000002,23.229999540000001,71628,52839,7.3000001909999996,226,2940,59200,53800,34.61614918,-112.4499603
University of the Pacific,3,4,Private,Far West,Large City,0.72650000000000003,3869,52406,26,1172,0.32229999999999998,2.69E-2,0.18579999999999999,0.31530000000000002,6.7000000000000002E-3,4.7000000000000002E-3,4.3200000000000002E-2,5.3800000000000001E-2,2.3800000000000002E-2,17606,10089,0.55879999999999996,0.40110000000000001,0.56689999999999996,0.86560000000000004,5.9799999999999999E-2,3.5,21250,23500,18750,0.959999979,0.38999998600000002,22.030000690000001,62103.51,40951,9.1899995800000003,111,1339,75600,64000,37.97976739,-121.3092376
University of Central Florida,3,4,Public,Southeast,Large Suburb,0.4894,50919,19815,26,1175,0.57179999999999997,0.1056,0.21579999999999999,5.5899999999999998E-2,2.2000000000000001E-3,2.5000000000000001E-3,2.9000000000000001E-2,9.4999999999999998E-3,0.29110000000000003,5403,8646,0.98070000000000002,0.37709999999999999,0.6724,0.87109999999999999,0.20830000000000001,5.4,15000,18500,9750,0.829999983,0.60000002399999997,22.149999619999999,54803.88,38367.5,7.170000076,781,8049,42900,39300,28.60215943,-81.20088927
Seattle University,3,4,Private,Far West,Large City,0.73229999999999995,4595,50610,27,1175,0.46989999999999998,3.2199999999999999E-2,9.0800000000000006E-2,0.16020000000000001,5.8999999999999999E-3,6.7000000000000002E-3,6.9400000000000003E-2,0.1032,4.7699999999999999E-2,15139,9051,0.7077,0.2109,0.76629999999999998,0.86019999999999996,6.7699999999999996E-2,3.8,24000,25334,11000,0.97000002900000004,0.439999998,21.61000061,78227.759999999995,59408,6.420000076,137,1364,52900,49500,47.6101379,-122.3196999
Maryland Institute College of Art,3,4,Private,Mid-Atlantic,Large City,0.58030000000000004,1892,52649,0,1175,0.5423,5.2299999999999999E-2,5.9200000000000003E-2,0.1173,3.2000000000000002E-3,1.6000000000000001E-3,5.0200000000000002E-2,7.8200000000000006E-2,7.0300000000000001E-2,13502,8764,0.34210000000000002,0.2429,0.72729999999999995,0.82569999999999999,8.3900000000000002E-2,4.4000000000000004,23000,27000,11125,0.99000001000000004,0.34999999399999998,19.989999770000001,99535.03,89961,5.4499998090000004,63,439,33500,30900,39.30879239,-76.62103305
University of Oklahoma-Norman Campus,3,4,Public,Southwest,Mid-size Suburb,0.8044,20528,23263,26,1176,0.62480000000000002,4.9000000000000002E-2,8.8499999999999995E-2,5.6000000000000001E-2,4.19E-2,1.8E-3,6.4600000000000005E-2,3.8800000000000001E-2,0.15240000000000001,11985,9273,0.82069999999999999,0.24909999999999999,0.66290000000000004,0.83950000000000002,0.1293,4.9000000000000004,15750,20000,12000,0.89999997600000003,0.52999997099999996,22.030000690000001,66684.98,49891,8.5,539,4989,51800,43300,35.20806903,-97.44569235
University of Delaware,3,4,Public,Mid-Atlantic,Large Suburb,0.64680000000000004,17729,21748,27,1178,0.75290000000000001,5.3100000000000001E-2,6.9400000000000003E-2,4.2599999999999999E-2,6.9999999999999999E-4,1.1000000000000001E-3,2.64E-2,4.1599999999999998E-2,4.9799999999999997E-2,17186,11834,0.95979999999999999,0.1192,0.80010000000000003,0.91910000000000003,4.5499999999999999E-2,3.7,21000,24126.5,9458.5,0.959999979,0.25999999000000001,19.690000529999999,111960.94,102027,4.3800001139999996,209,3468,53300,50100,39.678028,-75.752833
University of Alabama in Huntsville,3,4,Public,Southeast,Mid-size City,0.80620000000000003,5525,20306,26,1180,0.70120000000000005,0.13100000000000001,3.3799999999999997E-2,3.6400000000000002E-2,1.4500000000000001E-2,2.0000000000000001E-4,1.61E-2,3.2899999999999999E-2,0.23949999999999999,9352,9341,0.65549999999999997,0.3281,0.48349999999999999,0.80979999999999996,0.26400000000000001,7.7,16500,24738,10500,0.920000017,0.60000002399999997,23.190000529999999,54155.4,39766,9.3699998860000004,151,1224,45800,41500,34.72281825,-86.63841998
University of Dayton,3,4,Private,Great Lakes,Mid-size City,0.52969999999999995,7812,46250,27,1181,0.81779999999999997,2.8799999999999999E-2,2.87E-2,1.2500000000000001E-2,1E-3,2.9999999999999997E-4,1.0500000000000001E-2,8.9300000000000004E-2,4.7500000000000001E-2,10823,8494,0.61899999999999999,0.1188,0.76739999999999997,0.88580000000000003,3.2199999999999999E-2,2,23250,26863,11384,0.99000001000000004,0.25999999000000001,19.75,122480.57,108917.5,4.7100000380000004,100,1914,49600,45900,39.74046444,-84.17978875
Texas A & M University-College Station,3,4,Public,Southwest,Small City,0.69469999999999998,43931,20819,26,1182,0.67910000000000004,2.75E-2,0.19639999999999999,4.9500000000000002E-2,2.8999999999999998E-3,1E-3,2.8799999999999999E-2,1.2999999999999999E-2,0.10009999999999999,13297,10287,0.89419999999999999,0.2162,0.79079999999999995,0.9143,3.0800000000000001E-2,4.8,16566.5,19253,9000,0.91000002599999996,0.469999999,20.13999939,83346.84,71288,9.3599996569999995,628,8165,56300,49000,30.610775,-96.349232
Calvin College,3,4,Private,Great Lakes,Mid-size City,0.69750000000000001,3895,39013,26,1183,0.75039999999999996,2.5399999999999999E-2,3.4700000000000002E-2,4.2599999999999999E-2,3.3E-3,0,2.5700000000000001E-2,9.8599999999999993E-2,2.2599999999999999E-2,13845,7208,0.98809999999999998,0.2326,0.72729999999999995,0.87409999999999999,1.9199999999999998E-2,2.5,22500,26870,12500,0.980000019,0.37000000500000002,19.659999849999998,97807.66,93258,5.4699997900000001,114,1062,41100,38100,42.9299158,-85.58754835
South Dakota School of Mines and Technology,3,4,Public,Great Plains,Small City,0.86080000000000001,2194,20234,26,1183,0.8569,1.6E-2,3.4599999999999999E-2,1.37E-2,1.41E-2,1.4E-3,3.56E-2,2.01E-2,0.1162,10035,8892,0.90700000000000003,0.25230000000000002,0.45660000000000001,0.78859999999999997,0.1439,5,14875,27100,8774,0.939999998,0.47999998900000002,21.61000061,66137.5,57505.5,8.6099996569999995,53,690,51900,48600,44.07543935,-103.2057529
Clarkson University,3,4,Private,Mid-Atlantic,Remote Town,0.64029999999999998,3060,54772,26,1187,0.83099999999999996,2.29E-2,4.4400000000000002E-2,3.5299999999999998E-2,2E-3,2.9999999999999997E-4,1.9900000000000001E-2,2.52E-2,3.5999999999999999E-3,13218,10138,0.87450000000000006,0.28129999999999999,0.72870000000000001,0.87,1.54E-2,2.4,24187,27000,14379,0.980000019,0.37999999499999998,19.559999470000001,89280.81,82272,7.1599998469999999,63,1124,61900,62400,44.663761,-74.999947
University of Vermont,3,4,Public,New England,Small City,0.77549999999999997,9970,27788,27,1190,0.83399999999999996,1.15E-2,4.2700000000000002E-2,2.2100000000000002E-2,2.7000000000000001E-3,2.0000000000000001E-4,2.9399999999999999E-2,2.0199999999999999E-2,3.5000000000000003E-2,16066,9562,0.81330000000000002,0.1948,0.75819999999999999,0.85770000000000002,7.9500000000000001E-2,3.8,18878,21893.5,9581.5,0.959999979,0.34999999399999998,20.239999770000001,95378.54,77614,5.4099998469999999,174,2337,44700,39400,44.47926159,-73.19812816
University of North Carolina at Asheville,3,4,Public,Southeast,Small City,0.64029999999999998,3323,17468,26,1190,0.83330000000000004,3.0700000000000002E-2,3.9100000000000003E-2,1.47E-2,4.1999999999999997E-3,8.9999999999999998E-4,3.2800000000000003E-2,3.8999999999999998E-3,9.2999999999999999E-2,9085,7371,0.78690000000000004,0.31869999999999998,0.59540000000000004,0.80249999999999999,0.22059999999999999,7.3,15772.5,20508,7629,0.920000017,0.55000001200000004,22.010000229999999,60962.62,48654,7.9400000569999998,98,732,32800,31600,35.61661815,-82.56525862
University of California-Davis,3,4,Public,Far West,Small Suburb,0.4521,26483,31803,26,1192,0.3125,2.1100000000000001E-2,0.17199999999999999,0.35510000000000003,2E-3,4.7999999999999996E-3,5.11E-2,6.1800000000000001E-2,2.6700000000000002E-2,21365,12065,0.8397,0.42970000000000003,0.81330000000000002,0.9294,5.7099999999999998E-2,3.8,13626.5,15000,11461,0.88999998599999997,0.62000000499999997,20.510000229999999,59783.54,41894,8.5399999619999996,635,5144,54800,48500,38.53820558,-121.75103
University of Colorado Boulder,3,4,Public,Rocky Mountains,Small City,0.87709999999999999,25461,27854,27,1192,0.74129999999999996,1.6899999999999998E-2,9.5899999999999999E-2,5.1799999999999999E-2,3.0999999999999999E-3,5.9999999999999995E-4,3.6200000000000003E-2,3.7600000000000001E-2,6.5500000000000003E-2,13949,10298,0.68300000000000005,0.17219999999999999,0.69689999999999996,0.84619999999999995,6.7000000000000004E-2,4.7,15000,19500,9500,0.94999998799999996,0.439999998,20.63999939,96924.800000000003,73526,4.5199999809999998,547,4614,47900,41600,40.00441507,-105.2670613
Belmont University,3,4,Private,Southeast,Large City,0.79869999999999997,5465,41450,27,1193,0.82010000000000005,4.0099999999999997E-2,4.2799999999999998E-2,1.61E-2,2.3999999999999998E-3,4.0000000000000002E-4,3.2599999999999997E-2,8.2000000000000007E-3,6.5500000000000003E-2,8976,8450,0.47799999999999998,0.17560000000000001,0.67959999999999998,0.83330000000000004,8.48E-2,1.9,19173,23250,8750.5,0.959999979,0.34000000400000002,21.159999849999998,98697.97,83588,6.1799998279999997,84,1048,42100,37600,36.13386614,-86.79471511
Loyola University Maryland,3,4,Private,Mid-Atlantic,Large City,0.57999999999999996,3972,56736,27,1194,0.79410000000000003,5.0599999999999999E-2,9.2100000000000001E-2,3.0200000000000001E-2,2E-3,5.0000000000000001E-4,2.1399999999999999E-2,3.8E-3,8.3000000000000001E-3,11584,8346,0.61880000000000002,0.1414,0.84370000000000001,0.87309999999999999,7.1999999999999998E-3,2.9,26000,27000,8490.5,0.99000001000000004,0.219999999,19.36000061,134101.78,112164,4.1199998860000004,43,803,64000,56400,39.34604381,-76.62341728
University of Puerto Rico-Rio Piedras,3,4,Public,Outlying Areas,Large City,0.52480000000000004,11834,8020,0,1195,7.0000000000000001E-3,1.4E-3,0.90269999999999995,1.4E-3,1E-3,1E-4,2.5000000000000001E-3,1E-4,0.1032,12517,7104,0.78620000000000001,0.58950000000000002,0.4748,0.89680000000000004,7.46E-2,11.9,5500,5500,5197,0.33000001299999998,0.980000019,19.549999239999998,25464.65,22433.5,45.729999540000001,0,0,0,0,18.403027,-66.045875
Loyola University Chicago,3,4,Private,Great Lakes,Large City,0.91400000000000003,9931,47727,27,1195,0.61380000000000001,3.5400000000000001E-2,0.12659999999999999,0.11310000000000001,1E-3,1.5E-3,5.7500000000000002E-2,0.03,7.5499999999999998E-2,11462,9432,0.50190000000000001,0.29899999999999999,0.71009999999999995,0.85409999999999997,8.0399999999999999E-2,4.5999999999999996,22934,25751,11000,0.97000002900000004,0.43000000700000002,20.510000229999999,85748.31,67583.5,6.3000001909999996,281,2324,50600,45500,41.9991606,-87.65739899
University of Portland,3,4,Private,Far West,Large City,0.66800000000000004,3468,51036,0,1195,0.6401,8.6999999999999994E-3,9.98E-2,0.1024,3.2000000000000002E-3,1.41E-2,7.9000000000000001E-2,2.8799999999999999E-2,1.67E-2,10427,7678,0.59850000000000003,0.21890000000000001,0.755,0.9002,3.2099999999999997E-2,1.1000000000000001,22454,25000,10000,0.97000002900000004,0.31999999299999998,20.420000080000001,98696.67,86897,6.579999924,55,821,52400,48800,45.57196701,-122.7259723
Cedarville University,3,4,Private,Great Lakes,Fringe Town,0.74009999999999998,3108,33652,27,1195,0.87770000000000004,1.54E-2,2.41E-2,1.6400000000000001E-2,3.8999999999999998E-3,2.9999999999999997E-4,1.83E-2,1.4200000000000001E-2,2.0899999999999998E-2,9988,6831,0.74299999999999999,0.20780000000000001,0.72629999999999995,0.85199999999999998,1.54E-2,1.4,19500,25000,12000,0.959999979,0.37999999499999998,19.629999160000001,90859.17,83099,5.4499998090000004,84,904,39400,36000,39.75033848,-83.81209819
Drexel University,3,4,Private,Mid-Atlantic,Large City,0.81499999999999995,16257,53831,27,1197,0.56569999999999998,6.4000000000000001E-2,5.6399999999999999E-2,0.12570000000000001,1.5E-3,6.3E-3,2.63E-2,0.1273,0.14460000000000001,13309,10246,0.53580000000000005,0.2021,0.69510000000000005,0.86439999999999995,0.18229999999999999,3.5,17027.5,26098,10873,0.980000019,0.30000001199999998,22.219999309999999,84469.63,69348,6.4699997900000001,316,3828,64000,58400,39.95485501,-75.18874474
Indiana University-Bloomington,3,4,Public,Great Lakes,Small City,0.72170000000000001,31984,23043,27,1198,0.73129999999999995,4.0599999999999997E-2,4.3799999999999999E-2,3.8399999999999997E-2,1.1999999999999999E-3,6.9999999999999999E-4,3.1E-2,0.1075,3.3599999999999998E-2,13471,9431,0.85550000000000004,0.19370000000000001,0.77049999999999996,0.8982,2.9899999999999999E-2,5.9,19500,23628,15000,0.959999979,0.37000000500000002,20.260000229999999,92768.66,80326,5.5,531,7104,49000,42000,39.16773929,-86.52358465
Pennsylvania State University-Main Campus,3,4,Public,Mid-Atlantic,Small City,0.54200000000000004,39460,31625,27,1199,0.72130000000000005,4.2700000000000002E-2,5.4600000000000003E-2,5.4600000000000003E-2,6.9999999999999999E-4,5.9999999999999995E-4,2.3199999999999998E-2,8.9399999999999993E-2,2.3199999999999998E-2,18073,9902,0.749,0.17680000000000001,0.84840000000000004,0.92359999999999998,2.7199999999999998E-2,7.7,21500,27000,11500,0.959999979,0.44999998800000002,20.879999160000001,81964.639999999999,70439.5,6.7899999619999996,1608,19644,48100,43400,40.800732,-77.861644
The University of Tennessee-Knoxville,3,4,Public,Southeast,Mid-size City,0.72489999999999999,20948,24746,27,1199,0.80589999999999995,7.3499999999999996E-2,2.7699999999999999E-2,2.8500000000000001E-2,2.5000000000000001E-3,0,2.8000000000000001E-2,1.5100000000000001E-2,6.0299999999999999E-2,20792,9976,0.83199999999999996,0.29909999999999998,0.6754,0.85629999999999995,8.8300000000000003E-2,6,15250,20338.5,9613.5,0.89999997600000003,0.5,21.120000839999999,72817.34,55229,8.2799997330000004,435,4613,48300,39000,35.955093,-83.92969601
University of South Carolina-Columbia,3,4,Public,Southeast,Mid-size City,0.60599999999999998,23987,23685,27,1200,0.77090000000000003,0.1016,4.0599999999999997E-2,2.2800000000000001E-2,2.5000000000000001E-3,1.1000000000000001E-3,3.2099999999999997E-2,1.1299999999999999E-2,6.5799999999999997E-2,10384,9514,0.71279999999999999,0.2394,0.7268,0.87380000000000002,6.7000000000000004E-2,4.7,19125,22500,13500,0.94999998799999996,0.439999998,20.899999619999999,76756.240000000005,63282.5,8.4300003050000001,439,4951,45600,38700,33.996677,-81.026916
Elon University,3,4,Private,Southeast,Mid-size Suburb,0.53979999999999995,5599,41679,25,1200,0.81620000000000004,6.3200000000000006E-2,4.6300000000000001E-2,1.9099999999999999E-2,3.3999999999999998E-3,8.9999999999999998E-4,1.6299999999999999E-2,1.77E-2,2.41E-2,14745,8485,0.71179999999999999,9.11E-2,0.8165,0.89890000000000003,6.1000000000000004E-3,2.4,20500,24500,19000,0.980000019,0.25,19.530000690000001,118353.3,104953,4.829999924,46,939,47500,43600,36.104149,-79.505632
New Mexico Institute of Mining and Technology,3,4,Public,Southwest,Remote Town,0.41360000000000002,1490,17600,26,1200,0.59189999999999998,2.01E-2,0.25440000000000002,2.8899999999999999E-2,3.6200000000000003E-2,6.9999999999999999E-4,3.6900000000000002E-2,2.9499999999999998E-2,4.8300000000000003E-2,9268,6908,0.61580000000000001,0.29520000000000002,0.44169999999999998,0.76590000000000003,0.1827,6.9,9283,16083,7500,0.769999981,0.61000001400000003,21.520000459999999,60441.2,42214,13.43999958,27,290,52800,48600,34.06618984,-106.9077014
Loyola Marymount University,3,4,Private,Far West,Large City,0.54120000000000001,6087,55432,27,1202,0.4894,5.6300000000000003E-2,0.221,0.1045,2.5000000000000001E-3,1.2999999999999999E-3,7.2599999999999998E-2,5.2400000000000002E-2,2.76E-2,14921,10098,0.53520000000000001,0.1923,0.75829999999999997,0.91439999999999999,2.3199999999999998E-2,3.9,20201.5,22299.5,13562.5,0.97000002900000004,0.37000000500000002,20.120000839999999,101494.67,76696,8.6000003809999992,154,1450,58000,49600,33.97085505,-118.4157451
Gonzaga University,3,4,Private,Far West,Mid-size City,0.66510000000000002,4830,46475,27,1204,0.73750000000000004,1.01E-2,8.6099999999999996E-2,3.8699999999999998E-2,5.5999999999999999E-3,4.5999999999999999E-3,5.7799999999999997E-2,2.7099999999999999E-2,1.04E-2,9687,8626,0.58860000000000001,0.18790000000000001,0.82279999999999998,0.9425,2.98E-2,2.2999999999999998,26035,27000,16049.5,0.97000002900000004,0.37000000500000002,20.579999919999999,102446.28,87057,6.8400001530000001,82,1107,52500,47900,47.668144,-117.403062
Hope College,3,3,Private,Great Lakes,Small City,0.72529999999999994,3296,38593,27,1204,0.85350000000000004,2.2499999999999999E-2,6.7100000000000007E-2,1.6400000000000001E-2,8.9999999999999998E-4,0,1.9400000000000001E-2,2.0299999999999999E-2,2.4899999999999999E-2,9281,7591,0.67869999999999997,0.20399999999999999,0.78139999999999998,0.88360000000000005,1.5299999999999999E-2,3.5,25000,27000,14025,0.980000019,0.34000000400000002,19.450000760000002,107260.41,91493,4.5500001909999996,44,792,41400,39700,42.78805162,-86.1053755
Texas Christian University,3,4,Private,Southwest,Large City,0.47389999999999999,8597,48189,27,1206,0.73799999999999999,5.1200000000000002E-2,0.10589999999999999,2.24E-2,9.7999999999999997E-3,2.5999999999999999E-3,7.7000000000000002E-3,4.5499999999999999E-2,3.3500000000000002E-2,14422,10206,0.98040000000000005,0.1447,0.76,0.90210000000000001,5.21E-2,4.3,19500,22500,9500,0.97000002900000004,0.36000001399999998,20.549999239999998,103263.14,81852.5,6.4699997900000001,136,1651,50700,45800,32.70956756,-97.3615366
Michigan Technological University,3,4,Public,Great Lakes,Remote Town,0.76590000000000003,5536,24724,27,1206,0.84450000000000003,1.2999999999999999E-2,2.0400000000000001E-2,7.9000000000000008E-3,5.4000000000000003E-3,5.0000000000000001E-4,2.1700000000000001E-2,5.6899999999999999E-2,6.1199999999999997E-2,11415,9142,0.85870000000000002,0.26700000000000002,0.64529999999999998,0.82189999999999996,4.8599999999999997E-2,6,21812,27000,11000,0.97000002900000004,0.439999998,19.920000080000001,82033.179999999993,76868.5,5.9800000190000002,113,1457,56700,57400,47.11830019,-88.54640255
University of Iowa,3,4,Public,Great Plains,Small City,0.80230000000000001,21314,21832,27,1208,0.71589999999999998,2.76E-2,5.8999999999999997E-2,3.0300000000000001E-2,1.9E-3,8.9999999999999998E-4,2.41E-2,0.1,9.4399999999999998E-2,13911,10194,0.86370000000000002,0.19059999999999999,0.69620000000000004,0.85840000000000005,8.5500000000000007E-2,4.0999999999999996,18692.5,22500,12000,0.959999979,0.38999998600000002,20.950000760000002,83051.199999999997,74267,5.3699998860000004,303,5665,51300,44000,41.66069518,-91.535698
Chapman University,3,4,Private,Far West,Mid-size City,0.4471,5940,57020,27,1208,0.5978,1.6199999999999999E-2,0.14330000000000001,9.8100000000000007E-2,3.0000000000000001E-3,2.3999999999999998E-3,5.8599999999999999E-2,3.7999999999999999E-2,3.4799999999999998E-2,13977,11095,1,0.20349999999999999,0.76100000000000001,0.9073,3.0300000000000001E-2,3.5,19000,20250,14000,0.97000002900000004,0.34000000400000002,27.719999309999999,71813.399999999994,53889,8.3100004199999997,363,3037,49800,48000,33.79367792,-117.8514805
University of Massachusetts-Amherst,3,4,Public,New England,Large Suburb,0.62939999999999996,21672,25665,27,1209,0.66849999999999998,3.5900000000000001E-2,4.82E-2,7.7399999999999997E-2,1.2999999999999999E-3,5.9999999999999995E-4,2.3199999999999998E-2,2.1600000000000001E-2,5.9400000000000001E-2,12988,11354,0.80200000000000005,0.25130000000000002,0.72660000000000002,0.89300000000000002,8.1100000000000005E-2,5.6,21500,24250,12250,0.959999979,0.40000000600000002,20.590000150000002,85910.2,75270.5,5.5999999049999998,421,5259,46800,43500,42.388647,-72.529312
University of Maryland-Baltimore County,3,4,Public,Mid-Atlantic,Large Suburb,0.63149999999999995,11012,22024,27,1209,0.4521,0.15939999999999999,5.6800000000000003E-2,0.1983,1.5E-3,1.5E-3,3.5999999999999997E-2,4.2299999999999997E-2,0.1381,9852,8985,0.69769999999999999,0.26950000000000002,0.64580000000000004,0.87329999999999997,0.1515,5.6,17500,21500,11750,0.87999999500000003,0.50999998999999996,21.379999160000001,73930.94,59891,4.920000076,231,1985,50700,46900,39.25668589,-76.71160698
Rutgers University-New Brunswick,3,4,Public,Mid-Atlantic,Small City,0.59509999999999996,33427,28011,0,1210,0.45179999999999998,7.6700000000000004E-2,0.123,0.25559999999999999,8.0000000000000004E-4,3.2000000000000002E-3,3.3099999999999997E-2,3.78E-2,5.3800000000000001E-2,14782,10967,0.57040000000000002,0.3105,0.79690000000000005,0.9093,8.8599999999999998E-2,5.2,19500,22250,13000,0.93000000699999996,0.5,20.979999540000001,76131.149999999994,59041,6.0199999809999998,1048,10583,55700,50300,40.49953534,-74.44700726
Purdue University-Main Campus,3,4,Public,Great Lakes,Mid-size Suburb,0.60419999999999996,30167,23109,27,1211,0.67659999999999998,3.2199999999999999E-2,3.95E-2,4.82E-2,1.1999999999999999E-3,8.9999999999999998E-4,1.9300000000000001E-2,0.1636,5.1400000000000001E-2,15477,11005,0.94489999999999996,0.20580000000000001,0.69940000000000002,0.90590000000000004,5.5100000000000003E-2,5.0999999999999996,20500,23766,12000,0.939999998,0.43000000700000002,20.36000061,87549.24,77728,5.2399997709999999,474,6955,53800,47500,40.428206,-86.914435
Florida State University,3,4,Public,Southeast,Mid-size City,0.56810000000000005,32086,20774,27,1212,0.66700000000000004,8.5000000000000006E-2,0.1704,2.5100000000000001E-2,3.8E-3,1.8E-3,2.2800000000000001E-2,1.04E-2,0.1052,8596,9706,0.80169999999999997,0.30649999999999999,0.76880000000000004,0.91710000000000003,6.8099999999999994E-2,5.8,18750,21000,12999.5,0.89999997600000003,0.540000021,20.760000229999999,68162.48,51372.5,8.8999996190000008,654,6951,44700,40000,30.443222,-84.301554
University of California-Santa Barbara,3,4,Public,Far West,Mid-size Suburb,0.44440000000000002,19362,31913,27,1212,0.39650000000000002,2.1299999999999999E-2,0.24809999999999999,0.17630000000000001,1E-3,6.9999999999999999E-4,8.43E-2,3.9699999999999999E-2,1.4800000000000001E-2,10571,13048,0.83399999999999996,0.37980000000000003,0.80700000000000005,0.91930000000000001,2.2200000000000001E-2,4.5,15000,18057,12625,0.91000002599999996,0.579999983,20.049999239999998,70987.149999999994,51240,9.4799995419999998,428,3995,50300,45600,34.412344,-119.851493
Butler University,3,4,Private,Great Lakes,Large City,0.66100000000000003,3998,47010,28,1212,0.82689999999999997,3.5299999999999998E-2,3.2000000000000001E-2,2.8299999999999999E-2,2E-3,0,1.4E-2,2.2499999999999999E-2,1.2500000000000001E-2,12922,7980,1,0.1739,0.73860000000000003,0.91100000000000003,1.8499999999999999E-2,2,25000,26600,10975,0.980000019,0.25,20.090000150000002,109689.19,99069,4.8200001720000003,46,1112,62400,50700,39.84016678,-86.17068693
Creighton University,3,4,Private,Great Plains,Large City,0.76649999999999996,3943,46248,27,1214,0.73750000000000004,2.4899999999999999E-2,6.9699999999999998E-2,9.3299999999999994E-2,4.7999999999999996E-3,3.5999999999999999E-3,4.0099999999999997E-2,1.7999999999999999E-2,3.8800000000000001E-2,13789,9081,0.67559999999999998,0.191,0.75919999999999999,0.90880000000000005,7.7499999999999999E-2,2,21500,23750,13950,0.97000002900000004,0.310000002,20.809999470000001,101259.23,80669.5,5.6500000950000002,54,1170,59300,51200,41.26535402,-95.94779995
Taylor University,3,4,Private,Great Lakes,Distant Town,0.876,1873,38845,28,1214,0.87350000000000005,2.3E-2,2.6700000000000002E-2,2.5600000000000001E-2,2.7000000000000001E-3,2.0999999999999999E-3,7.4999999999999997E-3,3.7900000000000003E-2,2.5100000000000001E-2,9780,6365,0.62929999999999997,0.18490000000000001,0.74150000000000005,0.89359999999999995,4.0500000000000001E-2,3.4,20500,24712.5,11875,0.939999998,0.46000000800000002,20.870000839999999,82840.55,71404,5.25,84,727,35500,32800,40.45838197,-85.49690642
Auburn University,3,4,Public,Southeast,Small City,0.82740000000000002,19761,23788,27,1215,0.85429999999999995,7.1400000000000005E-2,2.53E-2,2.1299999999999999E-2,7.7000000000000002E-3,0,0,7.4000000000000003E-3,9.0200000000000002E-2,11324,9429,0.878,0.16869999999999999,0.67920000000000003,0.89459999999999995,4.1500000000000002E-2,6.1,18250,22250,11000,0.959999979,0.46000000800000002,20.329999919999999,88745.91,71775.5,9.5900001530000001,345,3804,47100,41800,32.600201,-85.492409
Baylor University,3,4,Private,Southwest,Mid-size City,0.57469999999999999,13221,51086,27,1215,0.64080000000000004,7.4099999999999999E-2,0.1386,6.4600000000000005E-2,3.3E-3,2.9999999999999997E-4,4.7300000000000002E-2,2.8899999999999999E-2,1.4200000000000001E-2,14046,8793,0.81479999999999997,0.22,0.74719999999999998,0.88249999999999995,2.4500000000000001E-2,4.8,21000,25281,9500,0.94999998799999996,0.439999998,19.799999239999998,93014.48,72163,7.4600000380000004,200,2541,47700,43700,31.54614957,-97.11845258
Marquette University,3,4,Private,Great Lakes,Large City,0.57450000000000001,8190,46649,27,1217,0.74180000000000001,4.5400000000000003E-2,9.3299999999999994E-2,4.6300000000000001E-2,1.8E-3,1.1000000000000001E-3,3.3000000000000002E-2,3.4799999999999998E-2,2.3699999999999999E-2,9995,9665,0.5544,0.16889999999999999,0.78239999999999998,0.90710000000000002,2.6800000000000001E-2,2.5,24760,27000,11000,0.980000019,0.280000001,20.170000080000001,105199.44,93069,5.170000076,111,2278,57800,52300,43.03718292,-87.93108826
Yeshiva University,3,4,Private,Mid-Atlantic,Large City,0.8216,2887,53825,26,1217,0.91930000000000001,6.9999999999999999E-4,4.1999999999999997E-3,6.9999999999999999E-4,0,0,3.5000000000000001E-3,5.7799999999999997E-2,3.6400000000000002E-2,33021,5086,0.69159999999999999,0.18099999999999999,0.85189999999999999,0.92900000000000005,2.3999999999999998E-3,3.3,15358.5,19361,10500,0.88999998599999997,0.41999998700000002,19.620000839999999,109592.47,87607,8.2200002669999996,112,420,59500,49000,40.85079952,-73.92854103
Virginia Polytechnic Institute and State University,3,4,Public,Southeast,Small City,0.70279999999999998,23928,25513,0,1220,0.71819999999999995,3.49E-2,5.1200000000000002E-2,8.48E-2,1.6000000000000001E-3,1.2999999999999999E-3,4.0300000000000002E-2,3.8199999999999998E-2,2.0400000000000001E-2,10476,10146,0.98119999999999996,0.17349999999999999,0.82430000000000003,0.91190000000000004,2.76E-2,2.6,21500,25000,13925,0.959999979,0.33000001299999998,19.709999079999999,104751.65,95419,5.3099999430000002,270,4439,55900,52900,37.2299064,-80.41998783
St Mary's College of Maryland,3,4,Public,Mid-Atlantic,Small Suburb,0.72040000000000004,1794,29174,28,1221,0.74529999999999996,7.9699999999999993E-2,6.4699999999999994E-2,2.6200000000000001E-2,1.6999999999999999E-3,0,4.1200000000000001E-2,1.4500000000000001E-2,2.01E-2,13542,6981,0.74160000000000004,0.152,0.79310000000000003,0.89980000000000004,2.86E-2,1.4,19130,21671.5,9500,0.939999998,0.28999999199999998,19.670000080000001,107725.72,103581.5,4.6199998860000004,39,383,44300,42900,38.188615,-76.425706
CUNY Bernard M Baruch College,3,4,Public,Mid-Atlantic,Large City,0.24829999999999999,13698,15112,0,1225,0.27989999999999998,9.2299999999999993E-2,0.1545,0.3397,1.6999999999999999E-3,3.0000000000000001E-3,7.3000000000000001E-3,0.1217,0.24129999999999999,7969,8651,0.46239999999999998,0.45019999999999999,0.66869999999999996,0.87619999999999998,0.26129999999999998,6.1,10000,11500,8000,0.310000002,0.88999998599999997,21.770000459999999,29059.07,21425,17.489999770000001,477,3161,54100,49500,40.74023821,-73.98341701
University of San Diego,3,4,Private,Far West,Large City,0.48849999999999999,5573,56346,28,1228,0.55389999999999995,2.7799999999999998E-2,0.1888,5.9200000000000003E-2,4.7000000000000002E-3,3.0999999999999999E-3,5.74E-2,5.9900000000000002E-2,2.5700000000000001E-2,13166,11648,0.45179999999999998,0.1807,0.75019999999999998,0.90210000000000001,4.7800000000000002E-2,2.8,19500,22500,10215.5,0.97000002900000004,0.28999999199999998,20.850000380000001,97719.44,69873.5,6.5999999049999998,134,1290,61800,53400,32.77142025,-117.1887209
North Carolina State University at Raleigh,3,4,Public,Southeast,Large City,0.50009999999999999,22977,20511,28,1229,0.75119999999999998,6.9099999999999995E-2,4.2700000000000002E-2,5.2299999999999999E-2,4.4999999999999997E-3,5.9999999999999995E-4,3.1399999999999997E-2,2.6700000000000002E-2,7.17E-2,13831,9774,0.88129999999999997,0.22470000000000001,0.7359,0.92579999999999996,9.74E-2,4.0999999999999996,17750,20500,12000,0.91000002599999996,0.469999999,20.540000920000001,76057.179999999993,66351,7.3600001339999999,306,4025,49900,44100,35.78511061,-78.67451716
University of Denver,3,4,Private,Rocky Mountains,Large City,0.76729999999999998,5505,53614,28,1231,0.68359999999999999,2.7199999999999998E-2,8.8999999999999996E-2,4.1599999999999998E-2,5.1000000000000004E-3,8.9999999999999998E-4,3.1199999999999999E-2,8.8499999999999995E-2,7.0099999999999996E-2,14113,8914,0.50390000000000001,0.18559999999999999,0.7752,0.86780000000000002,7.4099999999999999E-2,1.9,20832,24500,11753,0.939999998,0.34999999399999998,22.870000839999999,86015.75,55997.5,5.2800002099999999,158,1392,53700,47600,39.68143947,-104.9615317
The College of Wooster,3,3,Private,Great Lakes,Distant Town,0.56330000000000002,2070,51300,28,1231,0.71879999999999999,7.9200000000000007E-2,4.0099999999999997E-2,3.3799999999999997E-2,1.4500000000000001E-2,1E-3,0,7.2499999999999995E-2,4.7999999999999996E-3,13868,8007,0.81699999999999995,0.1938,0.75049999999999994,0.87090000000000001,8.0000000000000002E-3,6.6,20490,25500,8473,0.99000001000000004,0.34999999399999998,19.36000061,99900.84,88881.5,5.9000000950000002,32,411,43600,39900,40.81221622,-81.93304609
Rochester Institute of Technology,3,4,Private,Mid-Atlantic,Large Suburb,0.60160000000000002,12587,45772,28,1232,0.62739999999999996,5.16E-2,6.3500000000000001E-2,5.8900000000000001E-2,2.0999999999999999E-3,5.9999999999999995E-4,2.4500000000000001E-2,5.0999999999999997E-2,0.04,16160,9621,0.67290000000000005,0.31280000000000002,0.63880000000000003,0.86909999999999998,6.6299999999999998E-2,5.2,24500,27000,19849.5,0.97000002900000004,0.47999998900000002,20.649999619999999,82498.77,72166,6.5399999619999996,332,3581,56500,54000,43.08443583,-77.67385371
University of Connecticut,3,4,Public,New England,Large Suburb,0.53659999999999997,17684,25786,28,1233,0.63490000000000002,5.2200000000000003E-2,7.8399999999999997E-2,8.8200000000000001E-2,1.4E-3,6.9999999999999999E-4,2.5600000000000001E-2,3.44E-2,3.4000000000000002E-2,20908,11500,0.96120000000000005,0.20880000000000001,0.83230000000000004,0.93920000000000003,3.4299999999999997E-2,3.8,18983,21500,11600,0.94999998799999996,0.34999999399999998,20.120000839999999,94914.09,86510,4.9600000380000004,320,4800,54100,49700,41.807658,-72.256961
University of Washington-Seattle Campus,3,4,Public,Far West,Large City,0.55230000000000001,28754,24606,28,1234,0.43990000000000001,2.6700000000000002E-2,6.9199999999999998E-2,0.2422,6.6E-3,4.7999999999999996E-3,5.1799999999999999E-2,0.14069999999999999,6.0499999999999998E-2,23645,10461,0.7258,0.24890000000000001,0.81830000000000003,0.93030000000000002,9.9599999999999994E-2,4.3,14793.5,16326,11400,0.87000000499999997,0.540000021,22.63999939,55950.49,38703,6.5700001720000003,678,6080,56400,48300,47.65577518,-122.3108022
Bentley University,3,4,Private,New England,Small City,0.43790000000000001,4172,54806,28,1234,0.61460000000000004,2.9499999999999998E-2,6.8599999999999994E-2,8.0299999999999996E-2,1E-3,0,1.77E-2,0.14530000000000001,2.18E-2,13149,12158,0.62649999999999995,0.15540000000000001,0.87270000000000003,0.9355,2.3099999999999999E-2,1,26000,27000,17375,0.99000001000000004,0.31999999299999998,19.659999849999998,105823.11,93494,5.0300002099999999,66,1199,71600,69000,42.38879812,-71.22014831
The College of New Jersey,3,4,Public,Mid-Atlantic,Large Suburb,0.43109999999999998,6446,28943,0,1235,0.66239999999999999,4.8599999999999997E-2,0.1129,9.1499999999999998E-2,1.6000000000000001E-3,2.8999999999999998E-3,9.4999999999999998E-3,2.2000000000000001E-3,2.1299999999999999E-2,11117,9518,0.43569999999999998,0.18,0.84430000000000005,0.93469999999999998,2.6200000000000001E-2,1.7,21500,23196,12250,0.959999979,0.31999999299999998,19.88999939,103967.08,96654.5,4.579999924,67,1338,53500,52000,40.26874153,-74.7774115
Pepperdine University,3,4,Private,Far West,Large Suburb,0.37340000000000001,3516,58772,0,1235,0.4249,6.8000000000000005E-2,0.15529999999999999,0.1399,4.5999999999999999E-3,2.3E-3,6.2300000000000001E-2,8.7599999999999997E-2,9.98E-2,11299,11650,0.56969999999999998,0.20760000000000001,0.80430000000000001,0.91739999999999999,8.7300000000000003E-2,2.2000000000000002,25000,27000,15943,0.980000019,0.310000002,22.309999470000001,83597.929999999993,60331,6.9000000950000002,101,991,65400,52100,34.04168349,-118.7093804
Saint Louis University,3,4,Private,Great Plains,Large City,0.64429999999999998,7961,52413,28,1237,0.65680000000000005,6.88E-2,3.2899999999999999E-2,8.2299999999999998E-2,1.2999999999999999E-3,0,5.0900000000000001E-2,7.6399999999999996E-2,0.10249999999999999,16641,10028,0.5867,0.14149999999999999,0.69740000000000002,0.86829999999999996,9.5500000000000002E-2,4.7,20500,25000,11000,0.980000019,0.33000001299999998,20.870000839999999,103272.02,87461,6.1799998279999997,119,1894,52700,48100,38.63651622,-90.23343003
Rhode Island School of Design,3,4,Private,New England,Mid-size City,0.27310000000000001,2005,59597,28,1239,0.3342,2.4899999999999999E-2,8.2799999999999999E-2,0.1636,1.5E-3,1E-3,3.39E-2,0.2369,0,20460,7949,0.2747,0.1537,0.87319999999999998,0.92630000000000001,2.5899999999999999E-2,3.3,25000,26024.5,17500,0.99000001000000004,0.280000001,21.530000690000001,92334.03,75194,6.7100000380000004,68,471,41700,39200,41.82593482,-71.40769203
Miami University-Oxford,3,4,Public,Great Lakes,Fringe Town,0.66759999999999997,15378,30858,28,1240,0.8095,3.6700000000000003E-2,3.3000000000000002E-2,1.7600000000000001E-2,1.8E-3,4.0000000000000002E-4,3.04E-2,6.4500000000000002E-2,2.7699999999999999E-2,10056,8478,0.95509999999999995,0.15529999999999999,0.80840000000000001,0.89570000000000005,1.9900000000000001E-2,14.7,16766.5,25000,9500,0.939999998,0.40999999599999998,21.120000839999999,94869.73,81424.5,5.0700001720000003,383,4250,46200,40500,39.50964156,-84.73182112
Emerson College,3,4,Private,New England,Large City,0.4798,3720,51158,28,1240,0.64649999999999996,2.9600000000000001E-2,0.1022,3.8699999999999998E-2,5.0000000000000001E-4,8.0000000000000004E-4,4.5699999999999998E-2,4.65E-2,1.4200000000000001E-2,9283,9204,0.43569999999999998,0.17019999999999999,0.81469999999999998,0.88109999999999999,1.9400000000000001E-2,2.5,21500,23312,8750,0.99000001000000004,0.25999999000000001,19.670000080000001,108523.09,94808,5.420000076,95,1038,42600,38900,42.35214945,-71.06547689
Drake University,3,4,Private,Great Plains,Mid-size City,0.65949999999999998,3310,42477,28,1240,0.79369999999999996,3.2300000000000002E-2,3.2599999999999997E-2,4.4699999999999997E-2,1.8E-3,5.9999999999999995E-4,1.2999999999999999E-2,6.9500000000000006E-2,4.02E-2,9273,9108,0.66459999999999997,0.17150000000000001,0.72699999999999998,0.875,4.7600000000000003E-2,2.9,21500,25000,12000,0.980000019,0.310000002,20.270000459999999,97812.93,88132.5,4.7100000380000004,54,1071,60300,48000,41.60355009,-93.65390882
Trinity College,3,4,Private,New England,Mid-size City,0.31780000000000003,2239,59865,27,1240,0.64980000000000004,6.3E-2,7.2800000000000004E-2,4.5100000000000001E-2,4.0000000000000002E-4,0,3.3099999999999997E-2,8.2600000000000007E-2,4.4699999999999997E-2,23403,10884,0.74139999999999995,0.11600000000000001,0.86280000000000001,0.90859999999999996,2.7799999999999998E-2,3.3,19275,21500,8000,0.91000002599999996,0.40000000600000002,20.31999969,117428.63,87726,7.4800000190000002,25,337,56000,50300,41.74674554,-72.68868415
California Polytechnic State University-San Luis Obispo,3,4,Public,Far West,Small Suburb,0.31230000000000002,18664,23867,28,1242,0.59560000000000002,7.6E-3,0.1489,0.1134,2.3999999999999998E-3,2.7000000000000001E-3,6.7199999999999996E-2,1.2800000000000001E-2,3.5999999999999997E-2,9907,8675,0.68579999999999997,0.19750000000000001,0.69720000000000004,0.92490000000000006,3.5900000000000001E-2,3.1,17500,19500,12000,0.920000017,0.47999998900000002,20.399999619999999,86747.55,72114,7.1599998469999999,261,3017,60000,55400,35.30237596,-120.6615969
Truman State University,3,4,Public,Great Plains,Remote Town,0.72189999999999999,5482,19689,28,1243,0.81610000000000005,3.27E-2,2.92E-2,1.77E-2,2.2000000000000001E-3,6.9999999999999999E-4,2.1700000000000001E-2,6.0900000000000003E-2,3.0800000000000001E-2,8626,7038,0.8619,0.1895,0.71679999999999999,0.874,1.5900000000000001E-2,3.8,17500,21894,9545.5,0.939999998,0.37000000500000002,19.649999619999999,86263.679999999993,80910,6.0999999049999998,63,1102,41200,38000,40.1882667,-92.58165838
Muhlenberg College,3,3,Private,Mid-Atlantic,Mid-size City,0.46160000000000001,2357,53637,28,1246,0.77090000000000003,2.6700000000000002E-2,5.2600000000000001E-2,2.93E-2,1.6999999999999999E-3,4.0000000000000002E-4,1.5699999999999999E-2,6.4000000000000003E-3,2.9700000000000001E-2,14525,8429,0.59519999999999995,7.8399999999999997E-2,0.85840000000000005,0.90710000000000002,8.9899999999999994E-2,2.8,24187,26941,10200,0.980000019,0.189999998,20.629999160000001,125281.36,110473,4.25,25,467,51700,49100,40.59747658,-75.50828284
University of Georgia,3,4,Public,Southeast,Mid-size City,0.56079999999999997,26120,21162,28,1247,0.72970000000000002,7.3999999999999996E-2,5.1999999999999998E-2,8.9499999999999996E-2,8.9999999999999998E-4,1.1000000000000001E-3,2.9899999999999999E-2,1.2200000000000001E-2,5.6099999999999997E-2,8478,9015,0.88039999999999996,0.23599999999999999,0.83140000000000003,0.94169999999999998,3.7400000000000003E-2,3.8,16831,18700,14500,0.89999997600000003,0.43000000700000002,21.190000529999999,84425.2,69003,7.2699999809999998,430,4620,48800,42500,33.937727,-83.37143
Skidmore College,3,4,Private,Mid-Atlantic,Small Suburb,0.35049999999999998,2646,58562,28,1247,0.63490000000000002,3.5900000000000001E-2,8.5400000000000004E-2,5.7799999999999997E-2,0,1.9E-3,4.4600000000000001E-2,6.7599999999999993E-2,4.8999999999999998E-3,19402,9067,0.82709999999999995,0.1462,0.85919999999999996,0.9304,7.7999999999999996E-3,3.3,19500,20500,10991.5,0.97000002900000004,0.34000000400000002,20.25,103433.96,79221,7.170000076,47,427,46200,41900,43.09702687,-73.78532187
Sewanee-The University of the South,3,4,Private,Southeast,Distant Rural,0.60270000000000001,1599,46530,28,1248,0.82679999999999998,4.82E-2,0.04,1.9400000000000001E-2,0,5.9999999999999995E-4,3.9399999999999998E-2,2.5600000000000001E-2,1.2999999999999999E-3,14960,8389,0.93630000000000002,0.17560000000000001,0.78049999999999997,0.9073,2.5000000000000001E-3,4.8,16000,19500,5500,0.959999979,0.36000001399999998,19.600000380000001,110350.36,81758,7.2699999809999998,22,247,39600,34300,35.20442987,-85.9177719
Illinois Institute of Technology,3,4,Private,Great Lakes,Large City,0.56969999999999998,2855,48940,28,1252,0.373,6.83E-2,0.14710000000000001,0.1082,4.1999999999999997E-3,4.1999999999999997E-3,4.5999999999999999E-3,0.2452,5.11E-2,12231,11256,0.56340000000000001,0.31669999999999998,0.625,0.85960000000000003,0.1459,3.1,22015,26981.5,12000,0.959999979,0.40999999599999998,21.440000529999999,69130.16,55985.5,6.5900001530000001,64,624,70000,61700,41.83380065,-87.62834593
Stony Brook University,3,4,Public,Mid-Atlantic,Large Suburb,0.39479999999999998,15724,20611,28,1253,0.37819999999999998,6.1400000000000003E-2,0.1032,0.2447,1.5E-3,1.5E-3,2.24E-2,9.8400000000000001E-2,6.5799999999999997E-2,18552,10346,0.59379999999999999,0.35149999999999998,0.6593,0.90090000000000003,8.9099999999999999E-2,5.0999999999999996,17000,20173,12000,0.87000000499999997,0.60000002399999997,20.700000760000002,61963.11,42408,9.0200004580000002,473,3811,51600,48200,40.91554,-73.12112
University of Pittsburgh-Pittsburgh Campus,3,4,Public,Mid-Atlantic,Large City,0.56130000000000002,18304,30410,28,1258,0.76829999999999998,5.4600000000000003E-2,2.5899999999999999E-2,7.5200000000000003E-2,4.0000000000000002E-4,5.0000000000000001E-4,2.87E-2,3.3300000000000003E-2,4.7500000000000001E-2,16506,9533,0.74780000000000002,0.1706,0.8044,0.90869999999999995,6.6500000000000004E-2,4.2,22000,26896.5,10596,0.980000019,0.37999999499999998,20.93000031,79347.41,71893,6.8899998660000001,410,5951,51000,45600,40.44259861,-79.95410478
Fordham University,3,4,Private,Mid-Atlantic,Large City,0.4713,8193,56604,28,1258,0.61329999999999996,4.2599999999999999E-2,0.14069999999999999,8.8200000000000001E-2,1E-3,8.9999999999999998E-4,3.3300000000000003E-2,5.5500000000000001E-2,6.4799999999999996E-2,13784,12679,1,0.20419999999999999,0.80510000000000004,0.90510000000000002,7.8700000000000006E-2,4.2,21500,25000,9652,0.94999998799999996,0.41999998700000002,20.090000150000002,96092.62,74870,9.0799999239999991,250,2385,54600,50300,40.8614117,-73.88989949
American University,3,4,Private,Mid-Atlantic,Large City,0.43120000000000003,6829,55159,28,1258,0.56710000000000005,6.4000000000000001E-2,0.1012,6.3799999999999996E-2,1.8E-3,4.0000000000000002E-4,4.99E-2,6.88E-2,3.4599999999999999E-2,12700,11074,0.57640000000000002,0.1565,0.79890000000000005,0.8821,2.52E-2,3.3,19500,23500,9250,0.980000019,0.310000002,20.049999239999998,105560.77,86431,5.3400001530000001,153,1443,55900,51600,38.93694264,-77.08894726
Babson College,3,4,Private,New England,Large Suburb,0.28210000000000002,2106,58450,28,1258,0.38979999999999998,4.2299999999999997E-2,9.9699999999999997E-2,0.1168,1.9E-3,0,2.23E-2,0.26350000000000001,0,13960,14952,0.72199999999999998,0.1613,0.9073,0.94889999999999997,8.9999999999999993E-3,1,27000,27000,19500,0.99000001000000004,0.31999999299999998,20.280000690000001,104940.77,80987,6.5100002290000001,50,381,83200,74700,42.296529,-71.269479
Clemson University,3,4,Public,Southeast,Large Suburb,0.57869999999999999,16801,27944,29,1259,0.83599999999999997,6.2600000000000003E-2,2.5899999999999999E-2,1.77E-2,1.5E-3,1E-3,2.1100000000000001E-2,8.2000000000000007E-3,4.8099999999999997E-2,11711,9907,0.66320000000000001,0.1782,0.82530000000000003,0.9194,3.9300000000000002E-2,4,20008,22388.5,12000,0.959999979,0.37999999499999998,20.06999969,97916.93,87306,7.5500001909999996,192,2716,48500,43500,34.677329,-82.834463
The University of Texas at Austin,3,4,Public,Southwest,Large City,0.40189999999999998,39323,25176,28,1262,0.47539999999999999,4.2900000000000001E-2,0.21820000000000001,0.1792,2.2000000000000001E-3,1.1000000000000001E-3,3.1399999999999997E-2,4.65E-2,6.93E-2,16906,10900,0.90680000000000005,0.26829999999999998,0.7944,0.93630000000000002,5.0799999999999998E-2,4.7,20500,22165,14000,0.939999998,0.50999998999999996,20.18000031,79614.320000000007,62086,9.0100002289999992,643,7763,58900,48600,30.283809,-97.736463
The University of Texas at Dallas,3,4,Public,Southwest,Mid-size City,0.5857,13042,22381,28,1262,0.40350000000000003,6.3600000000000004E-2,0.16769999999999999,0.26500000000000001,2.0999999999999999E-3,2E-3,3.8899999999999997E-2,4.3200000000000002E-2,0.185,9848,12416,0.72850000000000004,0.35399999999999998,0.62909999999999999,0.88109999999999999,0.23760000000000001,7.2,15080.5,19500,10250,0.89999997600000003,0.55000001200000004,23.36000061,54836.23,39445.5,6.3099999430000002,275,2379,51200,46800,32.98949394,-96.748714
Missouri University of Science and Technology,3,4,Public,Great Plains,Remote Town,0.82150000000000001,6064,22102,28,1263,0.78990000000000005,4.3499999999999997E-2,2.4400000000000002E-2,2.4199999999999999E-2,4.0000000000000001E-3,1.6000000000000001E-3,1.9800000000000002E-2,5.7599999999999998E-2,0.10390000000000001,13510,9931,0.76400000000000001,0.25869999999999999,0.62570000000000003,0.82620000000000005,6.9000000000000006E-2,3.8,18843,25000,11168.5,0.959999979,0.47999998900000002,20.450000760000002,76783.850000000006,71244,7.3099999430000002,82,1181,60800,61200,37.955853,-91.7759
University of Wisconsin-Madison,3,4,Public,Great Lakes,Mid-size City,0.67920000000000003,29504,23718,28,1268,0.77129999999999999,2.1499999999999998E-2,4.5900000000000003E-2,5.5100000000000003E-2,2.2000000000000001E-3,1.1999999999999999E-3,2.64E-2,7.2499999999999995E-2,4.48E-2,14278,10758,0.97199999999999998,0.15010000000000001,0.82840000000000003,0.95169999999999999,5.5399999999999998E-2,1.6,21000,23000,13000,0.939999998,0.34999999399999998,20.25,95485.119999999995,87726,4.8400001530000001,364,5177,57000,48200,43.07385753,-89.40535646
University of Minnesota-Twin Cities,3,4,Public,Great Plains,Large City,0.44419999999999998,30271,24278,28,1270,0.7147,3.8100000000000002E-2,3.0200000000000001E-2,8.5800000000000001E-2,2.8E-3,6.9999999999999999E-4,3.3000000000000002E-2,8.7300000000000003E-2,7.9399999999999998E-2,13003,10892,0.83940000000000003,0.21690000000000001,0.754,0.9022,0.1111,3.6,18822,21500,12750,0.94999998799999996,0.40000000600000002,20.870000839999999,80969.009999999995,72908.5,5.3200001720000003,600,7705,49500,43300,44.97788627,-93.23535212
Trinity University,3,4,Private,Southwest,Large City,0.63929999999999998,2127,46274,29,1270,0.55900000000000005,3.6200000000000003E-2,0.17069999999999999,6.4399999999999999E-2,2.3999999999999998E-3,5.0000000000000001E-4,3.8100000000000002E-2,6.8599999999999994E-2,1.0800000000000001E-2,14743,9715,0.79110000000000003,0.15490000000000001,0.81620000000000004,0.95630000000000004,1.1599999999999999E-2,2.7,18500,21630,9500,0.980000019,0.280000001,19.56999969,112397.83,101012.5,6.75,37,457,54600,49600,29.46286037,-98.48257744
University of Florida,3,4,Public,Southeast,Mid-size City,0.46550000000000002,32346,20456,29,1272,0.58430000000000004,7.3999999999999996E-2,0.19020000000000001,7.5399999999999995E-2,2.5999999999999999E-3,7.0000000000000001E-3,2.8199999999999999E-2,1.0500000000000001E-2,7.0900000000000005E-2,15167,10498,0.85299999999999998,0.32069999999999999,0.86539999999999995,0.96460000000000001,5.6099999999999997E-2,3.6,14546,15132.5,10250,0.85000002399999997,0.60000002399999997,20.489999770000001,64142.77,45776.5,8.7299995419999998,627,6609,54600,46600,29.638248,-82.361195
SUNY College at Geneseo,3,4,Public,Mid-Atlantic,Distant Town,0.45660000000000001,5463,21004,28,1274,0.75160000000000005,2.9100000000000001E-2,6.1899999999999997E-2,6.59E-2,2.2000000000000001E-3,6.9999999999999999E-4,2.4500000000000001E-2,2.3800000000000002E-2,2.07E-2,10011,7177,0.71879999999999999,0.22689999999999999,0.77939999999999998,0.90249999999999997,2.4199999999999999E-2,2,18500,20500,13200,0.959999979,0.38999998600000002,19.81999969,89014.11,84076,6.329999924,82,1560,44500,42500,42.79686373,-77.82199851
University of California-San Diego,3,4,Public,Far West,Large City,0.375,23792,29751,28,1276,0.23569999999999999,1.1900000000000001E-2,0.15809999999999999,0.40110000000000001,1.2999999999999999E-3,4.1000000000000003E-3,4.7600000000000003E-2,0.1181,2.7099999999999999E-2,22757,13126,0.83440000000000003,0.4274,0.85799999999999998,0.94199999999999995,6.0499999999999998E-2,2.9,18463,19266,15116,0.88999998599999997,0.66000002599999996,20.200000760000002,58621.21,41248,8.6800003050000001,517,4204,56800,50100,32.87659766,-117.2377935
Brigham Young University-Provo,3,4,Private,Rocky Mountains,Mid-size City,0.49419999999999997,27765,17174,29,1277,0.83440000000000003,4.7000000000000002E-3,5.5399999999999998E-2,1.9800000000000002E-2,4.1000000000000003E-3,6.0000000000000001E-3,3.1E-2,3.2300000000000002E-2,9.6600000000000005E-2,13268,9649,0.7409,0.35780000000000001,0.77969999999999995,0.84609999999999996,0.122,1.3,9260.5,11000,7400,0.540000021,0.88999998599999997,21.700000760000002,42156.62,20347,8.0399999619999996,2217,6090,55500,47400,40.250851,-111.649281
Boston University,3,4,Private,New England,Large City,0.45610000000000001,16460,59036,28,1279,0.4733,3.2300000000000002E-2,9.2799999999999994E-2,0.1326,6.9999999999999999E-4,1E-3,3.7600000000000001E-2,0.15859999999999999,2.58E-2,27281,12360,0.62829999999999997,0.1487,0.8448,0.92789999999999995,3.1699999999999999E-2,2,25500,27000,15562.5,0.980000019,0.25,19.950000760000002,106244,91507,5.7699999809999998,334,4062,60000,53600,42.349581,-71.09984
University of Tulsa,3,4,Private,Southwest,Large City,0.40589999999999998,3394,46560,29,1279,0.5524,4.5100000000000001E-2,4.1799999999999997E-2,3.27E-2,3.9199999999999999E-2,1.1999999999999999E-3,1.7100000000000001E-2,0.25629999999999997,3.5900000000000001E-2,16047,9672,0.77549999999999997,0.15570000000000001,0.68820000000000003,0.90339999999999998,5.9499999999999997E-2,7.2,20500,25000,11000,0.939999998,0.46000000800000002,21.120000839999999,79960.34,64324,7.329999924,65,688,50700,41400,36.15188744,-95.94517524
Lewis & Clark College,3,4,Private,Far West,Large City,0.62849999999999995,1985,53455,29,1279,0.64790000000000003,2.1700000000000001E-2,8.4099999999999994E-2,6.0499999999999998E-2,1.41E-2,3.0000000000000001E-3,7.6E-3,4.9399999999999999E-2,1.01E-2,14496,9221,0.54220000000000002,0.2135,0.74509999999999998,0.86229999999999996,1.0800000000000001E-2,1.9,19115,22389.5,10500,0.980000019,0.27000001099999998,20.969999309999999,83576.98,67573,6.4800000190000002,50,482,42500,37600,45.45153924,-122.6703365
Gettysburg College,3,3,Private,Mid-Atlantic,Small City,0.4163,2520,55770,28,1282,0.8175,2.7400000000000001E-2,4.4400000000000002E-2,1.43E-2,0,0,2.5000000000000001E-2,2.46E-2,2.8E-3,15043,9257,0.75429999999999997,0.1404,0.8357,0.88170000000000004,2.3999999999999998E-3,2.6,19957,22227,7000,0.980000019,0.23999999499999999,19.340000150000002,131825.39000000001,107490,4.5500001909999996,39,586,51400,46200,39.83584149,-77.23453327
Lafayette College,3,3,Private,Mid-Atlantic,Large Suburb,0.34139999999999998,2452,57688,29,1283,0.67820000000000003,5.0999999999999997E-2,0.06,2.98E-2,1.1999999999999999E-3,4.0000000000000002E-4,2.2800000000000001E-2,0.06,6.8999999999999999E-3,20383,10996,0.85709999999999997,0.1065,0.88319999999999999,0.91259999999999997,6.0000000000000001E-3,1.6,21648,24338,6500,0.959999979,0.23000000400000001,19.31999969,122599.26,107123,5.1999998090000004,30,390,69500,62400,40.69951263,-75.21134228
Dickinson College,3,3,Private,Mid-Atlantic,Small City,0.44440000000000002,2352,58149,29,1285,0.76149999999999995,3.61E-2,5.74E-2,2.3800000000000002E-2,4.0000000000000002E-4,0,3.0599999999999999E-2,7.2300000000000003E-2,5.4999999999999997E-3,17811,8726,0.79930000000000001,0.1215,0.85619999999999996,0.89849999999999997,5.4000000000000003E-3,1.7,19545,21000,7500,0.99000001000000004,0.27000001099999998,19.36000061,119315.61,100478,6.0399999619999996,53,430,53500,48700,40.20279628,-77.19785419
Ohio State University-Main Campus,3,4,Public,Great Lakes,Large City,0.55530000000000002,43139,24524,29,1289,0.72330000000000005,5.9799999999999999E-2,3.3799999999999997E-2,5.3900000000000003E-2,1.6000000000000001E-3,5.9999999999999995E-4,2.63E-2,7.4300000000000005E-2,7.5600000000000001E-2,16161,11284,0.65129999999999999,0.22239999999999999,0.83230000000000004,0.92449999999999999,8.4400000000000003E-2,7.1,17000,22250,9500,0.93000000699999996,0.5,21.040000920000001,75442.679999999993,65600.5,6.5100002290000001,1032,11887,43800,38900,39.99949343,-83.00879179
University of California-Los Angeles,3,4,Public,Far West,Large City,0.21990000000000001,28667,31474,28,1289,0.28589999999999999,2.6100000000000002E-2,0.1842,0.30990000000000001,1.1999999999999999E-3,3.5999999999999999E-3,4.82E-2,0.1176,2.06E-2,38489,15089,0.70820000000000005,0.3624,0.90310000000000001,0.96260000000000001,5.3199999999999997E-2,2.2000000000000002,15200,15900,13244.5,0.86000001400000003,0.66000002599999996,20.920000080000001,54271.79,34557.5,10.079999920000001,693,5287,60000,51000,34.0688923,-118.4439005
St Olaf College,3,3,Private,Great Plains,Distant Town,0.59189999999999998,3079,50550,29,1290,0.7843,1.46E-2,4.4200000000000003E-2,5.1999999999999998E-2,1.2999999999999999E-3,0,3.73E-2,5.7500000000000002E-2,2.5999999999999999E-3,16054,8527,0.70320000000000005,0.1489,0.87080000000000002,0.93520000000000003,3.8E-3,1.6,25000,26531,12000,0.99000001000000004,0.25,19.440000529999999,118248.44,98006,4.4899997709999999,55,668,46000,40200,44.46195598,-93.18331841
Santa Clara University,3,4,Private,Far West,Mid-size City,0.51219999999999999,5404,57213,29,1294,0.47849999999999998,2.98E-2,0.17449999999999999,0.14399999999999999,1.2999999999999999E-3,2.3999999999999998E-3,6.6100000000000006E-2,2.98E-2,1.67E-2,10783,11662,0.60189999999999999,0.1389,0.84009999999999996,0.94979999999999998,1.5299999999999999E-2,2.9,19500,20500,15291,0.94999998799999996,0.33000001299999998,19.950000760000002,120161.97,100259,5.4699997900000001,84,953,69200,61500,37.34935096,-121.9382604
SUNY at Binghamton,3,4,Public,Mid-Atlantic,Mid-size Suburb,0.42870000000000003,12940,21966,29,1297,0.53859999999999997,5.04E-2,9.5500000000000002E-2,0.14130000000000001,1.1000000000000001E-3,5.0000000000000001E-4,2.3800000000000002E-2,0.1123,3.0300000000000001E-2,10953,9059,0.69620000000000004,0.26900000000000002,0.80769999999999997,0.90739999999999998,4.1500000000000002E-2,3.5,17750,20500,11625,0.939999998,0.52999997099999996,20.309999470000001,75078.960000000006,57865.5,8.7799997330000004,252,2789,55900,52100,42.088049,-75.971143
George Washington University,3,4,Private,Mid-Atlantic,Large City,0.33079999999999998,10121,58925,29,1297,0.60260000000000002,6.5299999999999997E-2,7.3899999999999993E-2,9.4799999999999995E-2,2E-3,6.9999999999999999E-4,3.3000000000000002E-2,8.7900000000000006E-2,5.8900000000000001E-2,19705,13058,0.48530000000000001,0.1356,0.80830000000000002,0.92259999999999998,7.8299999999999995E-2,1.4,22723,25175,13500,0.99000001000000004,0.27000001099999998,20.299999239999998,105732.4,85746,5.5399999619999996,198,1956,69400,60100,38.8990964,-77.04627687
Colorado School of Mines,3,4,Public,Rocky Mountains,Large Suburb,0.37430000000000002,4197,29091,29,1298,0.75290000000000001,1.17E-2,8.0299999999999996E-2,4.6699999999999998E-2,1.9E-3,2.0000000000000001E-4,4.2200000000000001E-2,4.3400000000000001E-2,4.07E-2,13498,10579,0.85750000000000004,0.1754,0.69689999999999996,0.91890000000000005,7.1099999999999997E-2,1.9,22625,26025,11700,0.94999998799999996,0.43000000700000002,20.020000459999999,83465.13,74554,5.170000076,52,669,78700,73000,39.74909154,-105.2229073
Southern Methodist University,3,4,Private,Southwest,Large Suburb,0.50700000000000001,6295,57947,29,1302,0.65559999999999996,5.5E-2,0.1172,6.7199999999999996E-2,4.3E-3,1.1000000000000001E-3,2.9499999999999998E-2,6.6699999999999995E-2,2.8400000000000002E-2,15884,11283,0.64280000000000004,0.17349999999999999,0.79020000000000001,0.8891,3.8199999999999998E-2,4,19000,22500,11000,0.94999998799999996,0.40999999599999998,21.159999849999998,95228.81,63543.5,6.3800001139999996,148,1304,59900,50400,32.8452543,-96.78485525
University of Illinois at Urbana-Champaign,3,4,Public,Great Lakes,Small City,0.62390000000000001,31663,28564,29,1303,0.53149999999999997,5.5399999999999998E-2,8.2500000000000004E-2,0.15179999999999999,5.9999999999999995E-4,1.5E-3,2.53E-2,0.1462,1.6899999999999998E-2,13674,11576,0.71940000000000004,0.2019,0.83799999999999997,0.93059999999999998,2.07E-2,3.5,19399,20950,11566,0.94999998799999996,0.37999999499999998,19.670000080000001,93333.2,85462,5.5999999049999998,414,5864,56900,50700,40.1083116,-88.22848166
Occidental College,3,4,Private,Far West,Large City,0.4239,2101,60655,29,1303,0.51500000000000001,4.4699999999999997E-2,0.158,0.1285,2.3999999999999998E-3,1.9E-3,9.0899999999999995E-2,3.7100000000000001E-2,5.7000000000000002E-3,16465,10402,0.72729999999999995,0.21310000000000001,0.87770000000000004,0.93020000000000003,4.1999999999999997E-3,2.2000000000000002,20900,21500,12000,0.920000017,0.43000000700000002,19.61000061,86871.679999999993,67714.5,8.5699996949999999,43,385,46300,41100,34.1262239,-118.2107828
Stevens Institute of Technology,3,4,Private,Mid-Atlantic,Large Suburb,0.38159999999999999,2662,59479,30,1305,0.60589999999999999,2.4799999999999999E-2,9.0499999999999997E-2,9.6199999999999994E-2,4.0000000000000002E-4,0,0,4.2099999999999999E-2,4.0000000000000002E-4,14918,9474,1,0.217,0.78610000000000002,0.96250000000000002,1.34E-2,2.6,26500,27000,25000,0.980000019,0.34000000400000002,19.540000920000001,99419.73,87408,5.6799998279999997,31,498,78600,79200,40.744776,-74.025334
Bucknell University,3,4,Private,Mid-Atlantic,Distant Town,0.29509999999999997,3498,59090,30,1306,0.78700000000000003,3.2300000000000002E-2,5.2299999999999999E-2,3.6600000000000001E-2,2.9999999999999997E-4,0,3.2000000000000001E-2,5.2900000000000003E-2,2.8999999999999998E-3,19054,10168,0.96709999999999996,0.1061,0.90759999999999996,0.94099999999999995,6.4999999999999997E-3,1.3,25000,27000,13650.5,0.99000001000000004,0.280000001,19.420000080000001,121378.65,102976,4.7699999809999998,31,627,62200,54800,40.95370378,-76.88519235
University of Maryland-College Park,3,4,Public,Mid-Atlantic,Large Suburb,0.46989999999999998,26045,22933,0,1310,0.53680000000000005,0.1249,8.8700000000000001E-2,0.15570000000000001,1.1999999999999999E-3,8.0000000000000004E-4,3.6200000000000003E-2,3.04E-2,6.3200000000000006E-2,12725,11628,0.77129999999999999,0.19070000000000001,0.84060000000000001,0.94679999999999997,7.3400000000000007E-2,2.8,17500,19500,14000,0.89999997600000003,0.43000000700000002,20.31999969,91124.17,75194,4.4299998279999997,436,4844,58700,54400,38.98860655,-76.93970412
Rose-Hulman Institute of Technology,3,4,Private,Great Lakes,Small City,0.56220000000000003,2165,55413,30,1310,0.77549999999999997,2.4500000000000001E-2,2.86E-2,3.6999999999999998E-2,1.8E-3,1.8E-3,3.4599999999999999E-2,9.2399999999999996E-2,6.4999999999999997E-3,20879,8411,0.90529999999999999,0.18390000000000001,0.72840000000000005,0.9123,0.01,2.4,26000,27000,10467.5,0.980000019,0.30000001199999998,19.5,105688.73,91307,5.4800000190000002,33,553,72500,71300,39.48350154,-87.32366994
University of North Carolina at Chapel Hill,3,4,Public,Southeast,Small City,0.27589999999999998,17882,23069,30,1313,0.66320000000000001,8.3799999999999999E-2,7.0699999999999999E-2,8.8400000000000006E-2,4.7999999999999996E-3,1.4E-3,3.73E-2,2.47E-2,2.0299999999999999E-2,25891,11392,0.85750000000000004,0.20530000000000001,0.9002,0.96089999999999998,4.2799999999999998E-2,2.2999999999999998,15000,15906,11666.5,0.88999998599999997,0.43000000700000002,20.629999160000001,80815.19,64969.5,7.0100002290000001,259,2897,59700,48000,35.91216532,-79.05096942
University of Richmond,3,4,Private,Southeast,Mid-size City,0.31159999999999999,3107,55980,30,1313,0.58450000000000002,7.6600000000000001E-2,7.0499999999999993E-2,5.57E-2,2.5999999999999999E-3,2.9999999999999997E-4,3.4799999999999998E-2,8.8200000000000001E-2,5.7000000000000002E-2,18204,10983,0.64639999999999997,0.20050000000000001,0.85019999999999996,0.93730000000000002,7.0300000000000001E-2,1.7,18370,19500,10250,0.97000002900000004,0.23000000400000001,22.280000690000001,109334.2,90735.5,4.7899999619999996,44,639,61800,51500,37.57739933,-77.53879718
Villanova University,3,4,Private,Mid-Atlantic,Large Suburb,0.48899999999999999,6856,56265,30,1316,0.75980000000000003,4.4900000000000002E-2,7.0999999999999994E-2,6.7400000000000002E-2,0,5.9999999999999995E-4,2.2599999999999999E-2,1.7600000000000001E-2,4.6199999999999998E-2,15426,10425,0.63580000000000003,0.11559999999999999,0.90080000000000005,0.94020000000000004,6.4000000000000001E-2,2,25000,27000,17750,0.980000019,0.23999999499999999,20.020000459999999,130737.82,112696,4.4600000380000004,95,1555,70500,65100,40.03577163,-75.34022219
Wheaton College,3,4,Private,Great Lakes,Large Suburb,0.68710000000000004,2415,41394,30,1318,0.78220000000000001,2.1499999999999998E-2,4.9299999999999997E-2,8.2000000000000003E-2,8.0000000000000004E-4,0,4.5100000000000001E-2,1.8599999999999998E-2,1.61E-2,14865,8328,0.6603,0.2097,0.86719999999999997,0.94469999999999998,8.6E-3,1.2,21179,23000,13750,0.959999979,0.34999999399999998,19.520000459999999,99339.64,83641,4.8400001530000001,61,486,43700,39700,41.87094274,-88.09681024
Lehigh University,3,4,Private,Mid-Atlantic,Small City,0.30840000000000001,4904,55441,30,1322,0.68759999999999999,3.3599999999999998E-2,8.0500000000000002E-2,6.9500000000000006E-2,5.9999999999999995E-4,0,2.69E-2,6.8099999999999994E-2,1.26E-2,19955,12344,0.81200000000000006,0.1472,0.85840000000000005,0.93920000000000003,5.7000000000000002E-3,0.9,22500,24750,13000,0.99000001000000004,0.25999999000000001,19.329999919999999,125770.36,102543,4.0399999619999996,58,964,77100,68600,40.6066257,-75.37709515
Colorado College,3,4,Private,Rocky Mountains,Large City,0.2228,2025,54200,30,1323,0.69630000000000003,2.12E-2,8.8400000000000006E-2,4.3499999999999997E-2,4.4000000000000003E-3,0,7.85E-2,6.1199999999999997E-2,0,20972,10886,0.86050000000000004,9.8299999999999998E-2,0.87209999999999999,0.96079999999999999,3.3999999999999998E-3,3,17255,18049.5,12000,0.89999997600000003,0.37000000500000002,20.129999160000001,100140.33,73379,6.3600001339999999,35,284,39400,34400,38.84885428,-104.8226781
Kenyon College,3,3,Private,Great Lakes,Distant Town,0.38379999999999997,1694,57910,30,1328,0.75680000000000003,3.2500000000000001E-2,5.4899999999999997E-2,5.6099999999999997E-2,5.8999999999999999E-3,0,1.89E-2,4.3700000000000003E-2,0,19725,8924,0.95830000000000004,0.1026,0.89080000000000004,0.95740000000000003,3.5000000000000001E-3,1.5,16491,18304.5,10000,0.97000002900000004,0.23999999499999999,19.489999770000001,124272.54,110054,5.6100001339999999,18,222,40400,37400,40.376828,-82.396215
University of Miami,3,4,Private,Southeast,Large Suburb,0.40439999999999998,11246,57700,30,1332,0.43020000000000003,7.2800000000000004E-2,0.21709999999999999,5.3800000000000001E-2,1.5E-3,1.1999999999999999E-3,2.6800000000000001E-2,0.13439999999999999,6.4799999999999996E-2,28251,11115,0.74709999999999999,0.1855,0.81689999999999996,0.91339999999999999,5.8400000000000001E-2,2.8,18750,21250,12250,0.94999998799999996,0.40999999599999998,20.870000839999999,86177.73,59417,7.8200001720000003,276,2452,60800,51100,25.720406,-80.27645
Bryn Mawr College,3,4,Private,Mid-Atlantic,Large Suburb,0.3992,1316,57586,30,1334,0.37390000000000001,5.1700000000000003E-2,9.5000000000000001E-2,0.1079,1.5E-3,0,4.48E-2,0.22489999999999999,3.8E-3,30846,9775,0.84030000000000005,0.18609999999999999,0.84089999999999998,0.90680000000000005,2.2599999999999999E-2,1.8,22650,25000,12000,0.99000001000000004,0.310000002,20.489999770000001,91611.46,70896,6.7100000380000004,44,264,48200,46800,40.02667263,-75.31445262
Barnard College,3,3,Private,Mid-Atlantic,Large City,0.20530000000000001,2486,59581,30,1340,0.56879999999999997,5.3499999999999999E-2,0.1114,0.14560000000000001,8.0000000000000004E-4,0,5.0299999999999997E-2,6.9599999999999995E-2,1.0500000000000001E-2,21351,11888,0.60529999999999995,0.18410000000000001,0.89659999999999995,0.97640000000000005,4.7999999999999996E-3,2.4,16000,17493,9750,0.939999998,0.439999998,19.239999770000001,105139.12,77701,8.7399997710000008,29,305,55100,46900,40.80913678,-73.96402698
Tulane University of Louisiana,3,4,Private,Southeast,Large City,0.26429999999999998,8290,58904,31,1341,0.71799999999999997,9.01E-2,5.8500000000000003E-2,3.6400000000000002E-2,3.8999999999999998E-3,8.0000000000000004E-4,2.93E-2,3.0300000000000001E-2,0.2175,21299,10880,0.77400000000000002,0.16170000000000001,0.76019999999999999,0.90490000000000004,0.15709999999999999,5.5,20001,27000,10500,0.959999979,0.310000002,22.81999969,78916.25,45863.5,9.2100000380000004,217,1867,63600,51200,29.93969617,-90.12040931
Colby College,3,3,Private,New England,Remote Town,0.26040000000000002,1820,57300,30,1343,0.59670000000000001,3.3000000000000002E-2,6.2600000000000003E-2,5.4399999999999997E-2,5.0000000000000001E-4,0,4.7800000000000002E-2,8.4099999999999994E-2,0,20179,11329,0.84819999999999995,0.1079,0.92510000000000003,0.93100000000000005,5.0000000000000001E-4,2.5,18500,19461,6000,0.959999979,0.23999999499999999,19.38999939,124510.95,104003,5.7100000380000004,23,271,57000,45700,44.56421114,-69.6633703
Brandeis University,3,4,Private,New England,Small City,0.37040000000000001,3603,58850,30,1347,0.501,5.16E-2,6.5500000000000003E-2,0.12429999999999999,5.9999999999999995E-4,0,2.8000000000000001E-2,0.1482,1.6999999999999999E-3,14309,11328,0.66669999999999996,0.17810000000000001,0.89590000000000003,0.93030000000000002,7.7000000000000002E-3,2.4,26000,27000,12000,0.99000001000000004,0.310000002,19.489999770000001,113024.02,97995,5.6999998090000004,64,605,54600,47400,42.36494703,-71.25471606
University of California-Berkeley,3,4,Public,Far West,Mid-size City,0.18,25951,32715,30,1350,0.28570000000000001,2.2100000000000002E-2,0.13200000000000001,0.34939999999999999,1.1999999999999999E-3,2.8E-3,4.53E-2,0.1313,2.8199999999999999E-2,18072,14652,0.73040000000000005,0.32369999999999999,0.9103,0.9637,6.2100000000000002E-2,3.8,14480,14667,14147,0.83999997400000004,0.670000017,20.780000690000001,60121.120000000003,39266,8.5600004199999997,692,4340,62500,53000,37.875759,-122.24851
Macalester College,3,3,Private,Great Plains,Large City,0.34160000000000001,2029,55393,31,1350,0.66539999999999999,2.6599999999999999E-2,6.1600000000000002E-2,7.0499999999999993E-2,1E-3,0,5.1700000000000003E-2,0.1232,9.4000000000000004E-3,17781,9450,0.78949999999999998,0.17199999999999999,0.87419999999999998,0.95130000000000003,1E-3,1.6,21996.5,23501.5,13717.5,0.99000001000000004,0.31999999299999998,19.379999160000001,93155.63,85439.5,6.0300002099999999,35,308,45600,38900,44.93663243,-93.16915068
University of Michigan-Ann Arbor,3,4,Public,Great Lakes,Mid-size City,0.33260000000000001,28077,25760,30,1352,0.62719999999999998,4.36E-2,4.1200000000000001E-2,0.1222,1.6000000000000001E-3,4.0000000000000002E-4,3.1E-2,6.6699999999999995E-2,3.0200000000000001E-2,22051,10509,0.80259999999999998,0.157,0.89970000000000006,0.96879999999999999,1.9800000000000002E-2,2.1,21000,22000,15000,0.959999979,0.30000001199999998,20.879999160000001,87306.5,69630,5.8899998660000001,388,4565,65900,53400,42.27803,-83.736564
New York University,3,4,Private,Mid-Atlantic,Large City,0.26050000000000001,22172,60059,30,1352,0.38369999999999999,4.6699999999999998E-2,0.1052,0.1837,2.3999999999999998E-3,8.9999999999999998E-4,3.4599999999999999E-2,0.1363,4.9200000000000001E-2,28606,13434,0.40450000000000003,0.19869999999999999,0.83309999999999995,0.92500000000000004,6.2199999999999998E-2,2.5,21500,23250,15775,0.97000002900000004,0.37000000500000002,20.729999540000001,99964.68,74827,7.4000000950000002,579,4758,64600,52500,40.7294519,-73.9972639
Georgia Institute of Technology-Main Campus,3,4,Public,Southeast,Large City,0.54930000000000001,13975,21980,30,1352,0.55300000000000005,6.2799999999999995E-2,6.5000000000000002E-2,0.17499999999999999,1.2999999999999999E-3,8.9999999999999998E-4,3.2300000000000002E-2,0.1048,5.6000000000000001E-2,13939,11230,0.95679999999999998,0.19320000000000001,0.82189999999999996,0.95520000000000005,4.3700000000000003E-2,2.5,20750,22750,14000,0.920000017,0.41999998700000002,20.030000690000001,94533.48,82697,6.2699999809999998,154,2243,69300,65700,33.77373183,-84.39601919
University of Rochester,3,4,Private,Mid-Atlantic,Mid-size City,0.35680000000000001,6047,59156,31,1353,0.53610000000000002,4.7500000000000001E-2,5.67E-2,0.1052,2.5999999999999999E-3,8.0000000000000004E-4,2.7799999999999998E-2,0.1507,3.7699999999999997E-2,29937,12762,0.95269999999999999,0.18440000000000001,0.8518,0.96050000000000002,6.1400000000000003E-2,2.5,24325.5,26000,13500,0.99000001000000004,0.30000001199999998,20.239999770000001,97862.81,85192,6.2600002290000001,79,996,59500,50200,43.126397,-77.631202
Davidson College,3,3,Private,Southeast,Large Suburb,0.25609999999999999,1782,54930,31,1353,0.68740000000000001,7.3499999999999996E-2,6.2300000000000001E-2,4.7699999999999999E-2,6.1999999999999998E-3,0,3.7600000000000001E-2,5.33E-2,0,17631,11706,0.9355,0.1313,0.92459999999999998,0.95709999999999995,0,2.2000000000000002,15750,16662.5,8750,0.94999998799999996,0.25,19.459999079999999,118112.31,111520,6.3699998860000004,19,178,55100,47900,35.50000638,-80.84523583
Oberlin College,3,4,Private,Great Lakes,Fringe Town,0.30409999999999998,2894,59683,30,1354,0.69520000000000004,5.4899999999999997E-2,7.2900000000000006E-2,4.2200000000000001E-2,1E-3,2.9999999999999997E-4,5.4600000000000003E-2,6.8099999999999994E-2,1.35E-2,27620,9872,0.8982,0.1072,0.88570000000000004,0.93410000000000004,2.0999999999999999E-3,2,23250,25217,12375,0.99000001000000004,0.280000001,19.36000061,112508.35,97279,6.4000000950000002,76,491,36700,33200,41.29473992,-82.22178623
Grinnell College,3,3,Private,Great Plains,Remote Town,0.35060000000000002,1661,53318,30,1357,0.57979999999999998,5.8999999999999997E-2,8.3699999999999997E-2,7.5300000000000006E-2,1.8E-3,0,4.2700000000000002E-2,0.12640000000000001,1.1999999999999999E-3,23516,9129,0.83130000000000004,0.2097,0.85680000000000001,0.93240000000000001,1.6999999999999999E-3,3,10022.5,10775,7950,0.94999998799999996,0.34999999399999998,19.379999160000001,98649.16,88440,6.8899998660000001,26,240,47100,37600,41.74636255,-92.72143175
College of William and Mary,3,4,Public,Southeast,Small Suburb,0.33210000000000001,6235,25938,30,1358,0.59499999999999997,7.1400000000000005E-2,9.1399999999999995E-2,6.8199999999999997E-2,1.9E-3,8.0000000000000004E-4,4.7199999999999999E-2,4.19E-2,7.4000000000000003E-3,13265,10253,0.80869999999999997,0.11749999999999999,0.89929999999999999,0.95620000000000005,1.9599999999999999E-2,0.9,19500,20785.5,12000,0.939999998,0.30000001199999998,19.959999079999999,112915,98940,4.8000001909999996,81,868,57400,48800,37.273294,-76.719631
University of Virginia-Main Campus,3,4,Public,Southeast,Small City,0.2999,15020,25255,31,1362,0.60699999999999998,6.3E-2,5.79E-2,0.12239999999999999,1.2999999999999999E-3,2.9999999999999997E-4,4.2900000000000001E-2,5.6500000000000002E-2,3.8300000000000001E-2,16577,12428,0.9466,0.1205,0.93069999999999997,0.97,5.6599999999999998E-2,1.7,17746,19500,11921,0.93000000699999996,0.28999999199999998,20.379999160000001,100872.78,84687,5.6399998660000001,151,1870,66300,53600,38.033977,-78.511845
Emory University,3,4,Private,Southeast,Large Suburb,0.26329999999999998,7705,58180,31,1363,0.40479999999999999,9.2399999999999996E-2,6.2300000000000001E-2,0.22040000000000001,1.4E-3,1E-4,2.7799999999999998E-2,0.15079999999999999,1.2699999999999999E-2,33796,12133,0.67920000000000003,0.21920000000000001,0.89610000000000001,0.94379999999999997,3.1E-2,2.4,19000,19500,12000,0.97000002900000004,0.31999999299999998,21.200000760000002,95403.45,64962,6.0599999430000002,104,1047,72500,56900,33.79326806,-84.32581769
Rensselaer Polytechnic Institute,3,4,Private,Mid-Atlantic,Small City,0.41199999999999998,5379,59470,29,1366,0.6492,2.3199999999999998E-2,6.8199999999999997E-2,9.9599999999999994E-2,1.1000000000000001E-3,5.9999999999999995E-4,6.25E-2,7.3599999999999999E-2,4.0000000000000002E-4,20550,12145,0.83040000000000003,0.16600000000000001,0.84940000000000004,0.93510000000000004,1.8200000000000001E-2,1.9,27000,27835.5,12000,0.99000001000000004,0.310000002,19.719999309999999,102722.37,94717.5,5.8600001339999999,99,1473,71900,70100,42.72898349,-73.6787675
Colgate University,3,4,Private,Mid-Atlantic,Distant Town,0.26379999999999998,2872,57745,31,1370,0.67789999999999995,4.2500000000000003E-2,7.8700000000000006E-2,3.27E-2,2.0999999999999999E-3,1.4E-3,3.5900000000000001E-2,8.43E-2,2.9999999999999997E-4,21634,10985,1,0.1154,0.90859999999999996,0.93120000000000003,1.4E-3,2.7,15062.5,15625,7750,0.97000002900000004,0.33000001299999998,19.290000920000001,110016.68,91654,6.6300001139999996,37,409,61700,53400,42.8181753,-75.5352177
Reed College,3,4,Private,Far West,Large City,0.48530000000000001,1351,57701,31,1371,0.60770000000000002,1.6299999999999999E-2,0.1081,5.11E-2,1.5E-3,0,8.0699999999999994E-2,6.0699999999999997E-2,5.1999999999999998E-3,20261,10092,1,0.17180000000000001,0.81899999999999995,0.94059999999999999,1.43E-2,2.2999999999999998,15500,16098.5,8914,0.959999979,0.40999999599999998,19.690000529999999,90869.88,69123.5,7.170000076,26,163,36000,28400,45.48095914,-122.6303479
Boston College,3,4,Private,New England,Small City,0.32219999999999999,9465,58639,32,1375,0.57969999999999999,4.3200000000000002E-2,0.1055,9.3700000000000006E-2,6.9999999999999999E-4,2.9999999999999997E-4,2.8000000000000001E-2,5.1999999999999998E-2,1.2699999999999999E-2,18302,13355,0.60299999999999998,0.1371,0.91300000000000003,0.94840000000000002,2.4E-2,1.4,19000,19000,12042,0.99000001000000004,0.23000000400000001,20.600000380000001,103787.15,81102,5.9299998279999997,186,2231,78700,61800,42.33620322,-71.16924179
Case Western Reserve University,3,4,Private,Great Lakes,Large City,0.41880000000000001,4551,55783,31,1377,0.53639999999999999,4.7E-2,5.0999999999999997E-2,0.18679999999999999,1.2999999999999999E-3,2.0000000000000001E-4,3.6299999999999999E-2,8.2400000000000001E-2,1.0999999999999999E-2,31974,10272,0.8044,0.20039999999999999,0.80120000000000002,0.94240000000000002,1.9099999999999999E-2,1.3,22500,25000,14250,0.99000001000000004,0.25999999000000001,21.940000529999999,72928.28,57740,6.4499998090000004,102,1143,74300,61800,41.50409549,-81.60489286
University of Southern California,3,4,Private,Far West,Large City,0.19839999999999999,18087,59787,31,1380,0.38119999999999998,4.4200000000000003E-2,0.13550000000000001,0.2306,1.2999999999999999E-3,1.1999999999999999E-3,4.7500000000000001E-2,0.12089999999999999,2.81E-2,42077,13045,0.57269999999999999,0.23080000000000001,0.91169999999999995,0.95989999999999998,3.7699999999999997E-2,1.8,21500,22841.5,17125,0.959999979,0.34999999399999998,21.659999849999998,74599.850000000006,42938,8.75,462,4462,74400,62300,34.021058,-118.283858
Hamilton College,3,3,Private,Mid-Atlantic,Fringe Rural,0.27189999999999998,1909,57420,31,1384,0.62490000000000001,3.8199999999999998E-2,7.6999999999999999E-2,6.7599999999999993E-2,0,0,3.04E-2,4.6100000000000002E-2,2.5999999999999999E-3,28954,11159,0.8972,0.13750000000000001,0.92949999999999999,0.94030000000000002,6.7000000000000002E-3,1.8,15500,16500,7475,0.97000002900000004,0.310000002,19.370000839999999,110802.25,99145,7.2300000190000002,22,302,62800,52600,43.05424753,-75.40799649
Wesleyan University,3,4,Private,New England,Small City,0.2092,2888,61167,31,1387,0.52939999999999998,7.1999999999999995E-2,9.6600000000000005E-2,7.9600000000000004E-2,6.9999999999999999E-4,1E-3,5.8200000000000002E-2,8.2799999999999999E-2,0,24442,11163,0.88100000000000001,0.1837,0.91539999999999999,0.95079999999999998,2.0999999999999999E-3,1.5,17625,18633,8500,0.99000001000000004,0.310000002,19.379999160000001,106492.97,88497,6.7399997709999999,48,413,46300,42000,41.5568096,-72.65677326
Middlebury College,3,4,Private,New England,Distant Town,0.1716,2466,59200,32,1391,0.66300000000000003,2.8799999999999999E-2,7.3800000000000004E-2,6.1600000000000002E-2,1.6000000000000001E-3,0,4.3799999999999999E-2,0.1022,4.1000000000000003E-3,23214,10599,0.85360000000000003,0.1103,0.93600000000000005,0.95150000000000001,4.4000000000000003E-3,1.6,17777.5,19500,10245.5,0.99000001000000004,0.23000000400000001,21.600000380000001,86276.38,60997.5,6.5999999049999998,55,424,60900,49100,44.009117,-73.176068
Washington and Lee University,3,4,Private,Southeast,Distant Town,0.18429999999999999,1846,56616,32,1392,0.8337,2.4400000000000002E-2,3.4700000000000002E-2,3.6299999999999999E-2,1.1000000000000001E-3,0,1.5699999999999999E-2,3.2500000000000001E-2,1.1000000000000001E-3,28860,12144,0.77510000000000001,9.5799999999999996E-2,0.90239999999999998,0.96660000000000001,0,1.1000000000000001,18543,19500,0,0.94999998799999996,0.189999998,20.309999470000001,132813.41,112856,5.3899998660000001,19,203,76200,61800,37.78897441,-79.44286896
Northeastern University,3,4,Private,New England,Large City,0.3231,13204,55914,32,1394,0.49509999999999998,3.44E-2,6.6299999999999998E-2,9.9599999999999994E-2,8.0000000000000004E-4,2.0000000000000001E-4,3.5400000000000001E-2,0.17610000000000001,0,13078,11581,0.74250000000000005,0.1424,0.8256,0.95530000000000004,1.52E-2,4.2,25759.5,28804.5,24500,0.980000019,0.310000002,20.93000031,99407.61,83394,5.6900000569999998,313,4676,60600,56400,42.34018276,-71.08806856
Vassar College,3,3,Private,Mid-Atlantic,Large Suburb,0.24110000000000001,2436,59320,32,1394,0.61250000000000004,5.7500000000000002E-2,0.1104,9.5200000000000007E-2,4.0000000000000002E-4,0,5.8700000000000002E-2,6.4399999999999999E-2,5.7000000000000002E-3,29148,11065,0.86829999999999996,0.21990000000000001,0.9365,0.95589999999999997,1.9800000000000002E-2,0.3,16590,17545,7500,0.97000002900000004,0.25999999000000001,19.399999619999999,115433.73,102049,6.3899998660000001,43,356,49200,42300,41.68599708,-73.89758065
Claremont McKenna College,3,4,Private,Far West,Large Suburb,0.1173,1311,60065,31,1397,0.43859999999999999,3.9699999999999999E-2,0.11210000000000001,0.10829999999999999,0,1.5E-3,7.7799999999999994E-2,0.14419999999999999,3.0999999999999999E-3,26268,9388,0.91949999999999998,0.1163,0.9254,0.96220000000000006,3.0000000000000001E-3,0,12086,14000,7125,0.959999979,0.37000000500000002,19.540000920000001,112417.66,88986.5,7.2100000380000004,18,157,70800,55600,34.10199541,-117.7064143
Georgetown University,3,4,Private,Mid-Atlantic,Large City,0.16969999999999999,7261,59900,31,1398,0.58860000000000001,6.3799999999999996E-2,7.8799999999999995E-2,9.1899999999999996E-2,1.4E-3,8.0000000000000004E-4,3.9399999999999998E-2,0.10730000000000001,2.81E-2,29282,12851,0.53139999999999998,0.13250000000000001,0.92449999999999999,0.95979999999999999,5.9700000000000003E-2,0.9,17125,17500,12000,0.980000019,0.209999993,21.870000839999999,87179.34,60247,6.5399999619999996,175,1668,100300,76200,38.90880927,-77.07346324
Wellesley College,3,3,Private,New England,Large Suburb,0.29110000000000003,2347,57164,31,1399,0.42049999999999998,5.9200000000000003E-2,9.9299999999999999E-2,0.22800000000000001,0,0,5.79E-2,0.1095,5.4999999999999997E-3,32790,12025,0.85860000000000003,0.19220000000000001,0.90680000000000005,0.96579999999999999,1.9E-2,1.2,8000,8225,6832.5,0.959999979,0.40999999599999998,19.879999160000001,91334.36,74657,6.4400000569999998,40,273,58000,52800,42.29374109,-71.30665725
Haverford College,3,3,Private,Mid-Atlantic,Large Suburb,0.2349,1187,59654,32,1400,0.65800000000000003,6.4000000000000001E-2,7.7499999999999999E-2,7.1599999999999997E-2,2.5000000000000001E-3,0,7.0800000000000002E-2,5.5599999999999997E-2,0,27567,10341,0.82350000000000001,0.1502,0.93330000000000002,0.97829999999999995,8.0000000000000004E-4,3.3,13399,13852.5,6500,0.93000000699999996,0.30000001199999998,19.31999969,108246.15,89312.5,7.1100001339999999,10,135,54200,46000,40.00736959,-75.30508518
Carleton College,3,3,Private,Great Plains,Distant Town,0.20949999999999999,2023,58275,31,1406,0.65839999999999999,3.5099999999999999E-2,6.4799999999999996E-2,8.7999999999999995E-2,1E-3,1.5E-3,4.4499999999999998E-2,8.5000000000000006E-2,0,26533,10669,0.9173,0.1231,0.9214,0.96020000000000005,2.8999999999999998E-3,2.2999999999999998,16644,17500,10000,0.97000002900000004,0.34999999399999998,19.399999619999999,104347.16,91175.5,6.7300000190000002,23,236,52600,42700,44.46230352,-93.15466192
Johns Hopkins University,3,4,Private,Mid-Atlantic,Large City,0.18129999999999999,5932,58980,32,1418,0.48720000000000002,5.5599999999999997E-2,0.10150000000000001,0.18609999999999999,1.1999999999999999E-3,6.9999999999999999E-4,4.0599999999999997E-2,0.1043,1.5800000000000002E-2,75570,10922,0.86370000000000002,0.13070000000000001,0.9254,0.97040000000000004,7.7499999999999999E-2,1.7,17500,18500,15504,0.980000019,0.189999998,22.920000080000001,83968.47,57761.5,6.1799998279999997,135,1250,73800,64400,39.32980761,-76.62072273
Cornell University,3,4,Private,Mid-Atlantic,Small City,0.15559999999999999,14309,59572,32,1422,0.42680000000000001,5.8700000000000002E-2,0.1116,0.16350000000000001,3.0000000000000001E-3,2.9999999999999997E-4,4.3200000000000002E-2,9.3899999999999997E-2,8.9999999999999998E-4,23140,13820,0.9022,0.1636,0.93340000000000001,0.9677,1.3299999999999999E-2,1.5,11500,12000,9496,0.97000002900000004,0.34000000400000002,19.799999239999998,97334.41,81957,6.4899997709999999,233,2662,84500,65000,42.448713,-76.476535
Bowdoin College,3,3,Private,New England,Fringe Town,0.14949999999999999,1789,58200,32,1423,0.64170000000000005,4.7E-2,0.12470000000000001,6.9900000000000004E-2,1.1000000000000001E-3,5.9999999999999995E-4,6.2E-2,4.7E-2,5.9999999999999995E-4,26266,10803,0.85599999999999998,0.1376,0.93259999999999998,0.96540000000000004,2.8E-3,0.6,18000,19500,10978,0.939999998,0.37000000500000002,19.260000229999999,111449.46,89780.5,7.4299998279999997,20,281,63000,48600,43.907134,-69.963942
Brown University,3,4,Private,New England,Mid-size City,9.1800000000000007E-2,6182,58140,32,1425,0.43269999999999997,6.4199999999999993E-2,0.1084,0.12330000000000001,3.8999999999999998E-3,1E-3,5.3699999999999998E-2,0.1166,5.7000000000000002E-3,30823,13381,0.88490000000000002,0.1444,0.94520000000000004,0.97140000000000004,1.12E-2,1.3,15164,16000,11966.5,0.97000002900000004,0.34000000400000002,19.780000690000001,103616.9,84559,7.2699999809999998,94,803,70400,54400,41.82685309,-71.40292511
Tufts University,3,4,Private,New England,Large Suburb,0.18840000000000001,5146,58752,32,1428,0.56569999999999998,3.9600000000000003E-2,6.3899999999999998E-2,0.10920000000000001,4.0000000000000002E-4,2.0000000000000001E-4,4.3299999999999998E-2,8.14E-2,5.4000000000000003E-3,21026,11427,0.6361,0.1132,0.92190000000000005,0.96399999999999997,1.0200000000000001E-2,2.2999999999999998,17300,18125,12250,0.980000019,0.189999998,21.420000080000001,86991.55,64738,6.1199998860000004,95,837,69000,57400,42.406004,-71.120641
Carnegie Mellon University,3,4,Private,Mid-Atlantic,Large City,0.25490000000000002,5834,59710,32,1432,0.38769999999999999,5.1900000000000002E-2,7.5399999999999995E-2,0.24729999999999999,5.0000000000000001E-4,2.0000000000000001E-4,4.1500000000000002E-2,0.1414,1.9E-2,24821,11055,0.93240000000000001,0.13700000000000001,0.87990000000000002,0.94220000000000004,1.66E-2,0.9,23000,25000,14750,0.980000019,0.30000001199999998,19.829999919999999,103727.25,90107.5,5.9099998469999999,113,1139,90200,72200,40.44359759,-79.94348507
Amherst College,3,3,Private,New England,Large Suburb,0.14280000000000001,1785,59060,32,1434,0.41739999999999999,0.11650000000000001,0.1283,0.1255,1.1000000000000001E-3,0,5.6000000000000001E-2,9.5799999999999996E-2,0,23275,11690,0.91490000000000005,0.19980000000000001,0.95779999999999998,0.97619999999999996,1.23E-2,4.5,10453,11185.5,7500,0.83999997400000004,0.40999999599999998,19.329999919999999,107166.93,85922,6.9699997900000001,23,190,71100,54000,42.372459,-72.518493
Williams College,3,4,Private,New England,Fringe Town,0.17019999999999999,2051,59412,32,1439,0.56510000000000005,7.7499999999999999E-2,0.12139999999999999,0.1053,2.8999999999999998E-3,0,6.0900000000000003E-2,6.6799999999999998E-2,0,39164,12027,0.80700000000000005,0.1903,0.9536,0.97989999999999999,5.1999999999999998E-3,1.8,11248,12005,6625,0.88999998599999997,0.40000000600000002,19.329999919999999,106459.04,88403.5,7.6300001139999996,41,246,61400,46400,42.7127729,-73.20307081
University of Pennsylvania,3,4,Private,Mid-Atlantic,Large City,0.12239999999999999,10606,59600,32,1442,0.46289999999999998,7.3099999999999998E-2,9.98E-2,0.18149999999999999,1.4E-3,5.9999999999999995E-4,3.5900000000000001E-2,0.1052,4.3700000000000003E-2,52081,15460,0.7278,0.14169999999999999,0.95689999999999997,0.9778,5.67E-2,1.3,19500,21500,12500,0.980000019,0.18000000699999999,22.219999309999999,87200.75,62169,7.0100002290000001,250,2466,106600,73200,39.95100193,-75.19361788
Swarthmore College,3,3,Private,Mid-Atlantic,Large Suburb,0.14319999999999999,1524,58481,33,1442,0.42780000000000001,5.5800000000000002E-2,0.1404,0.1542,1.2999999999999999E-3,0,8.2699999999999996E-2,8.5300000000000001E-2,0,29924,12138,0.88280000000000003,0.1411,0.93420000000000003,0.95499999999999996,6.4999999999999997E-3,0,17718.5,19000,10051,0.920000017,0.310000002,19.290000920000001,104516.71,89473,6.9800000190000002,24,174,52000,41300,39.90598596,-75.35163882
Duke University,3,4,Private,Southeast,Mid-size City,0.13420000000000001,6501,59528,32,1444,0.48609999999999998,0.10009999999999999,6.1100000000000002E-2,0.21240000000000001,6.1999999999999998E-3,5.0000000000000001E-4,1.7399999999999999E-2,8.9200000000000002E-2,8.9999999999999998E-4,51653,14288,0.94,0.1366,0.94230000000000003,0.97199999999999998,3.8E-3,1.1000000000000001,6569,6500,7000,0.959999979,0.23999999499999999,21.309999470000001,92670.02,73265,6.3499999049999998,107,1107,96500,69400,36.00234351,-78.93859727
Dartmouth College,3,4,Private,New England,Remote Town,9.7799999999999998E-2,4154,61398,32,1446,0.46850000000000003,6.5500000000000003E-2,7.6300000000000007E-2,0.1399,1.9699999999999999E-2,5.0000000000000001E-4,5.4600000000000003E-2,8.4000000000000005E-2,0,25268,13143,0.80679999999999996,0.13639999999999999,0.94699999999999995,0.97899999999999998,6.1000000000000004E-3,1.4,10695.5,11625,6962,0.959999979,0.34000000400000002,20.200000760000002,102621.61,78815,6.8000001909999996,61,618,88900,60300,43.705524,-72.288842
University of Notre Dame,3,4,Private,Great Lakes,Large Suburb,0.223,8466,57805,33,1450,0.71260000000000001,3.5700000000000003E-2,0.1024,6.0100000000000001E-2,3.8999999999999998E-3,1E-4,3.9E-2,4.0800000000000003E-2,2E-3,26795,12629,0.88390000000000002,0.1178,0.9486,0.98609999999999998,5.9999999999999995E-4,0.8,20300,21000,14257,0.99000001000000004,0.219999999,20.090000150000002,123618.48,106005,5.7600002290000001,78,1616,76300,63200,41.699587,-86.237075
Rice University,3,4,Private,Southwest,Large City,0.16739999999999999,3920,52242,33,1454,0.39439999999999997,6.4299999999999996E-2,0.15049999999999999,0.21379999999999999,1.5E-3,0,4.6899999999999997E-2,0.1145,1.35E-2,39651,13468,0.78129999999999999,0.17230000000000001,0.91110000000000002,0.98170000000000002,4.7999999999999996E-3,1.3,7727,8413,6125,0.91000002599999996,0.28999999199999998,20.459999079999999,91944.43,71258,7.420000076,34,491,73200,56500,29.71621847,-95.40497687
Pomona College,3,3,Private,Far West,Large Suburb,0.13919999999999999,1587,57014,33,1454,0.44800000000000001,5.9900000000000002E-2,0.1474,0.1216,5.9999999999999995E-4,0,7.2499999999999995E-2,6.9900000000000004E-2,2.5000000000000001E-3,34930,12326,0.95689999999999997,0.1686,0.95730000000000004,0.97489999999999999,3.7000000000000002E-3,0,8561,8600,8008,0.87999999500000003,0.540000021,19.379999160000001,96962.74,63215,8.5699996949999999,13,117,53400,43100,34.09829827,-117.7119442
Northwestern University,3,4,Private,Great Lakes,Small City,0.1532,8855,60729,33,1458,0.54320000000000002,5.67E-2,9.6600000000000005E-2,0.1704,2.5999999999999999E-3,0,4.7300000000000002E-2,6.88E-2,4.48E-2,34438,14525,0.84499999999999997,0.1416,0.94189999999999996,0.97689999999999999,6.2600000000000003E-2,1.3,18234,19200,12497.5,0.980000019,0.23000000400000001,21.5,93582.8,71885.5,6,161,1672,78000,58100,42.05837717,-87.67365284
Stanford University,3,4,Private,Far West,Large Suburb,5.6899999999999999E-2,6980,58408,33,1466,0.37019999999999997,6.3E-2,0.16880000000000001,0.1908,8.9999999999999993E-3,3.7000000000000002E-3,0.1079,8.09E-2,0,88200,19862,0.97860000000000003,0.15959999999999999,0.95760000000000001,0.98580000000000001,4.0099999999999997E-2,1,11500,12224,9083,0.93000000699999996,0.28999999199999998,21.61000061,83177.59,53935.5,7.5500001909999996,127,1203,109200,76500,37.4329738,-122.1750451
Columbia University in the City of New York,3,4,Private,Mid-Atlantic,Large City,7.4200000000000002E-2,7970,61540,33,1471,0.39219999999999999,7.4899999999999994E-2,0.1358,0.1709,5.4999999999999997E-3,1.4E-3,4.4900000000000002E-2,0.1368,7.4800000000000005E-2,78147,15706,0.53239999999999998,0.21540000000000001,0.93289999999999995,0.97340000000000004,0.1744,2,17125,19435,14500,0.980000019,0.209999993,23.760000229999999,59265.49,30939,8.7799997330000004,320,2328,92500,69500,40.80828575,-73.96188511
Washington University in St Louis,3,4,Private,Great Plains,Large Suburb,0.1555,6851,62594,33,1474,0.55289999999999995,5.8700000000000002E-2,5.5800000000000002E-2,0.17380000000000001,1.2999999999999999E-3,1E-4,3.7999999999999999E-2,7.7499999999999999E-2,4.7100000000000003E-2,97613,13286,0.65229999999999999,6.1600000000000002E-2,0.94040000000000001,0.96419999999999995,8.7099999999999997E-2,3,19500,20125,16742.5,0.99000001000000004,0.23000000400000001,21.38999939,97020.72,77947.5,6.170000076,100,1165,69500,58300,38.64812499,-90.31163891
Vanderbilt University,3,4,Private,Southeast,Large City,0.12740000000000001,6794,59890,33,1475,0.60570000000000002,8.0199999999999994E-2,7.9200000000000007E-2,8.48E-2,3.8E-3,5.9999999999999995E-4,4.8899999999999999E-2,5.7799999999999997E-2,5.7000000000000002E-3,76995,12871,0.83620000000000005,0.1429,0.92520000000000002,0.97319999999999995,2.3E-3,1.3,13000,13750,8959,0.93000000699999996,0.33000001299999998,19.93000031,99004.36,74999.5,6.6500000950000002,86,937,70800,54400,36.14442982,-86.80487465
Princeton University,3,4,Private,Mid-Atlantic,Large Suburb,7.4099999999999999E-2,5234,55430,33,1495,0.4713,7.6399999999999996E-2,8.1000000000000003E-2,0.20080000000000001,8.0000000000000004E-4,5.9999999999999995E-4,4.1700000000000001E-2,0.1087,0,48021,15711,0.84850000000000003,0.12180000000000001,0.96940000000000004,0.97570000000000001,4.1000000000000003E-3,2.2999999999999998,7500,6810,8375,0.68000000699999996,0.55000001200000004,20.040000920000001,89090.02,50686,6.7699999809999998,38,258,101500,66500,40.34714142,-74.65769781
Yale University,3,4,Private,New England,Mid-size City,7.0499999999999993E-2,5422,59320,34,1497,0.47339999999999999,6.7299999999999999E-2,0.1013,0.16450000000000001,5.7000000000000002E-3,5.9999999999999995E-4,5.9799999999999999E-2,0.1051,1.1000000000000001E-3,106214,16042,0.72809999999999997,0.1273,0.97789999999999999,0.98670000000000002,5.7000000000000002E-3,0.9,12000,12000,12775,0.939999998,0.209999993,22.299999239999998,73769.14,45652.5,7.7699999809999998,123,1206,100000,70600,41.31230826,-72.92251114
Harvard University,3,4,Private,New England,Mid-size City,5.8400000000000001E-2,7278,57950,34,1501,0.46239999999999998,6.5299999999999997E-2,9.3299999999999994E-2,0.1777,2.2000000000000001E-3,8.0000000000000004E-4,5.9900000000000002E-2,0.1028,5.0299999999999997E-2,47083,17861,0.85950000000000004,0.1016,0.97470000000000001,0.97060000000000002,0.23419999999999999,1.9,7500,6000,12500,0.89999997600000003,0.23000000400000001,23.649999619999999,60645.79,33323.5,7.7699999809999998,186,1600,118700,77600,42.37417202,-71.11823411
Massachusetts Institute of Technology,3,4,Private,New England,Mid-size City,8.1500000000000003E-2,4510,57010,34,1503,0.37069999999999997,5.2999999999999999E-2,0.1643,0.2404,2.7000000000000001E-3,0,5.0799999999999998E-2,9.6000000000000002E-2,5.4999999999999997E-3,58223,15617,0.98619999999999997,0.1825,0.93069999999999997,0.9788,6.7999999999999996E-3,1.7,13000,13645,10515,0.920000017,0.31999999299999998,21.010000229999999,95848.89,79076,7.3499999049999998,86,810,125100,86900,42.36009534,-71.09211458
University of Chicago,3,4,Private,Great Lakes,Large City,8.8099999999999998E-2,5697,62425,34,1504,0.4546,4.53E-2,8.6900000000000005E-2,0.18129999999999999,1.8E-3,5.0000000000000001E-4,3.7400000000000003E-2,9.3700000000000006E-2,1.2800000000000001E-2,74864,16589,0.80759999999999998,0.1419,0.92679999999999996,0.99339999999999995,1.6000000000000001E-3,1.4,17610,18625,15133.5,0.980000019,0.209999993,21.809999470000001,75760.31,53224,7.2399997709999999,150,1233,86100,58700,41.79014558,-87.60092236
