OBJECTID,IPEDSID,NAME,ADDRESS,CITY,STATE,ZIP,ZIP4,TELEPHONE,TYPE,STATUS,POPULATION,COUNTY,COUNTYFIPS,COUNTRY,LATITUDE,LONGITUDE,NAICS_CODE,NAICS_DESC,SOURCE,SOURCEDATE,VAL_METHOD,VAL_DATE,WEBSITE,STFIPS,COFIPS,SECTOR,LEVEL,HI_OFFER,DEG_GRANT,LOCALE,CLOSE_DATE,MERGE_ID,ALIAS,SIZE_SET,INST_SIZE,PT_ENROLL,FT_ENROLL,TOT_ENROLL,HOUSING,DORM_CAP,TOT_EMP,SHELTER_ID,x,y
4604,433387,WESTERN GOVERNORS UNIVERSITY,4001 SOUTH 700 EAST SUITE 700,SALT LAKE CITY,UT,84107,NOT AVAILABLE,(801) 274-3280,2,A,154991,SALT LAKE,49035,USA,40.684783,-111.869857,611310,"COLLEGES, UNIVERSITIES, AND PROFESSIONAL SCHOOLS",https://nces.ed.gov/collegenavigator/?id=433387,12/31/09 0:00,IMAGERY,8/11/16 0:00,www.wgu.edu/,49,035,2,2,20,1,21,-2,-2,WGU WESTERN GOVERNORS,18,5,-999,147866,147866,2,-999,7125,NOT AVAILABLE,-12453295.52,4965957.821
1638,183026,SOUTHERN NEW HAMPSHIRE UNIVERSITY,2500 NORTH RIVER ROAD,MANCHESTER,NH,03106,1045,(603) 668-2211,2,A,144645,MERRIMACK,33013,USA,43.03989182,-71.45393835,611310,"COLLEGES, UNIVERSITIES, AND PROFESSIONAL SCHOOLS",https://nces.ed.gov/collegenavigator/?id=183026,10/13/09 0:00,IMAGERY,6/29/16 0:00,www.snhu.edu/,33,013,2,3,12,1,22,-2,-2,SNHU,18,5,93333,41012,134345,1,1934,10300,NOT AVAILABLE,-7954216.032,5318045.761
5756,104717,GRAND CANYON UNIVERSITY,3300 W CAMELBACK RD,PHOENIX,AZ,85017,NOT AVAILABLE,(800) 800-9776,3,A,110404,MARICOPA,04013,USA,33.51323097,-112.1299289,611310,"COLLEGES, UNIVERSITIES, AND PROFESSIONAL SCHOOLS",https://nces.ed.gov/collegenavigator/?id=104717,12/10/09 0:00,IMAGERY/OTHER,7/12/16 0:00,www.gcu.edu/,04,013,3,1,12,1,11,-2,-2,NOT AVAILABLE,17,5,83483,19944,103427,1,14780,6977,NOT AVAILABLE,-12482246.59,3963626.62
5172,232557,LIBERTY UNIVERSITY,1971 UNIVERSITY BLVD,LYNCHBURG,VA,24515,NOT AVAILABLE,(434) 582-2000,2,A,100674,LYNCHBURG CITY,51680,USA,37.35034487,-79.17968842,611310,"COLLEGES, UNIVERSITIES, AND PROFESSIONAL SCHOOLS",https://nces.ed.gov/collegenavigator/?id=232557,10/13/09 0:00,IMAGERY/OTHER,8/9/16 0:00,www.liberty.edu/,51,680,2,3,11,1,13,-2,-2,NOT AVAILABLE,17,5,40379,52970,93349,1,8068,7325,NOT AVAILABLE,-8814242.596,4488053.503
6424,495767,THE PENNSYLVANIA STATE UNIVERSITY,201 OLD MAIN,UNIVERSITY PARK,PA,16802,1503,(814) 865-4700,1,N,112931,CENTRE,42027,USA,40.79639446,-77.86293435,611310,"COLLEGES, UNIVERSITIES, AND PROFESSIONAL SCHOOLS",https://nces.ed.gov/collegenavigator/?id=495767,10/13/21 0:00,IMAGERY/OTHER,5/25/22 0:00,https://www.psu.edu/,42,027,1,1,11,1,13,-2,-2,PENN STATE,15,5,17301,72515,89816,1,20580,23115,NOT AVAILABLE,-8667662.203,4982356.121
4140,484613,UNIVERSITY OF PHOENIX-ARIZONA,4035 SOUTH RIVERPOINT PARKWAY,PHOENIX,AZ,85040,NOT AVAILABLE,(866) 766-0766,3,A,97248,MARICOPA,04013,USA,33.40207556,-111.9661661,611310,"COLLEGES, UNIVERSITIES, AND PROFESSIONAL SCHOOLS",https://nces.ed.gov/collegenavigator/?id=484613,1/21/16 0:00,IMAGERY/OTHER,1/22/16 0:00,https://www.phoenix.edu/,04,013,3,3,12,1,11,-2,-2,NOT AVAILABLE,17,5,-999,89763,89763,2,-999,7485,NOT AVAILABLE,-12464016.59,3948795.188
3830,104151,ARIZONA STATE UNIVERSITY CAMPUS IMMERSION,UNIVERSITY DRIVE AND MILL AVENUE,TEMPE,AZ,85287,NOT AVAILABLE,(855) 278-5080,1,A,87678,MARICOPA,04013,USA,33.41728,-111.935499,611310,"COLLEGES, UNIVERSITIES, AND PROFESSIONAL SCHOOLS",https://nces.ed.gov/collegenavigator/?id=104151,12/31/09 0:00,IMAGERY,7/7/16 0:00,www.asu.edu/,04,013,1,1,11,1,12,-2,-2,ASU TEMPE,15,5,8386,66409,74795,1,17878,12883,NOT AVAILABLE,-12460602.75,3950822.79
893,224615,DALLAS COLLEGE,1601 SOUTH LAMAR,DALLAS,TX,75215,3604,(214) 378-1824,1,A,80335,DALLAS,48113,USA,32.77981695,-96.80536102,611210,JUNIOR COLLEGES,https://nces.ed.gov/collegenavigator/?id=224615,10/13/09 0:00,IMAGERY,8/18/16 0:00,www.dcccd.edu/pages/default.aspx,48,113,1,2,30,1,11,-2,-2,NOT AVAILABLE,6,5,56012,18769,74781,2,-999,5554,NOT AVAILABLE,-10776323.49,3866114.682
2859,132903,UNIVERSITY OF CENTRAL FLORIDA,4000 CENTRAL FLORIDA BLVD,ORLANDO,FL,32816,NOT AVAILABLE,(407) 823-2000,1,A,77982,ORANGE,12095,USA,28.60215943,-81.20088927,611310,"COLLEGES, UNIVERSITIES, AND PROFESSIONAL SCHOOLS",https://nces.ed.gov/collegenavigator/?id=132903,12/10/09 0:00,IMAGERY/OTHER,11/11/15 0:00,www.ucf.edu/,12,095,1,1,11,1,21,-2,-2,UCF,15,5,23413,48468,71881,1,12277,6101,10782895,-9039241.646,3325106.638
3785,228723,TEXAS A & M UNIVERSITY-COLLEGE STATION,"JKW ADMINISTRATION BUILDING, SUITE 200",COLLEGE STATION,TX,77843,1248,(979) 845-3211,1,A,81678,BRAZOS,48041,USA,30.610775,-96.349232,611310,"COLLEGES, UNIVERSITIES, AND PROFESSIONAL SCHOOLS",https://nces.ed.gov/collegenavigator/?id=228723,12/31/09 0:00,IMAGERY,7/7/16 0:00,https://www.tamu.edu/,48,041,1,2,11,1,12,-2,-2,TEXAS A&M | TAMU,15,5,9498,60920,70418,1,11366,11260,NOT AVAILABLE,-10725547.44,3582303.365
559,227182,LONE STAR COLLEGE SYSTEM,5000 RESEARCH FOREST DRIVE,THE WOODLANDS,TX,77381,4399,(832) 813-6500,1,A,77117,MONTGOMERY,48339,USA,30.187356,-95.488122,611210,JUNIOR COLLEGES,https://nces.ed.gov/collegenavigator/?id=227182,10/13/09 0:00,IMAGERY/OTHER,3/20/19 0:00,www.lonestar.edu/,48,339,1,2,30,1,13,-2,-2,NORTH HARRIS MONTGOMERY|NORTH HARRIS|NHMCCD|N HARRIS MONTGOMERY|KINGWOOD|TOMBALL|CY-FAIR|CYFAIR|MONTGOMERY|UNIVERSITY PARK/HOUSTON NORTH,2,5,50187,19922,70109,2,-999,7008,10822456,-10629689.12,3527655.515
4457,150987,IVY TECH COMMUNITY COLLEGE,50 W. FALL CREEK PARKWAY N. DRIVE,INDIANAPOLIS,IN,46208,5752,(317) 921-4800,1,A,70690,MARION,18097,USA,39.803753,-86.158213,611210,JUNIOR COLLEGES,https://nces.ed.gov/collegenavigator/?id=150987,12/31/09 0:00,IMAGERY/OTHER,8/8/16 0:00,www.ivytech.edu/,18,097,4,3,40,1,11,-2,-2,NOT AVAILABLE,6,5,46069,17740,63809,2,-999,6881,NOT AVAILABLE,-9591088.399,4837465.048
3877,204796,OHIO STATE UNIVERSITY-MAIN CAMPUS,190 N. OVAL MALL,COLUMBUS,OH,43210,NOT AVAILABLE,(614) 292-6446,1,A,96399,FRANKLIN,39049,USA,39.99949343,-83.00879179,611310,"COLLEGES, UNIVERSITIES, AND PROFESSIONAL SCHOOLS",https://nces.ed.gov/collegenavigator/?id=204796,10/13/09 0:00,IMAGERY,8/12/16 0:00,www.osu.edu/,39,049,1,1,11,1,11,-2,-2,NOT AVAILABLE,15,5,8747,52622,61369,1,13085,35030,NOT AVAILABLE,-9240496.433,4865868.667
148,133951,FLORIDA INTERNATIONAL UNIVERSITY,11200 S. W. 8 STREET,MIAMI,FL,33199,NOT AVAILABLE,(305) 348-2000,1,A,65410,MIAMI-DADE,12086,USA,25.75711094,-80.37759052,611310,"COLLEGES, UNIVERSITIES, AND PROFESSIONAL SCHOOLS",https://nces.ed.gov/collegenavigator/?id=133951,10/13/09 0:00,IMAGERY,7/7/16 0:00,www.fiu.edu/,12,086,1,3,11,1,21,-2,-2,FIU,15,5,23980,34856,58836,1,3710,6574,NOT AVAILABLE,-8947592.448,2969029.06
4459,163204,UNIVERSITY OF MARYLAND GLOBAL CAMPUS,3501 UNIVERSITY BLVD EAST,ADELPHI,MD,20783,8010,(301) 985-7000,1,A,64103,PRINCE GEORGE'S,24033,USA,38.91270875,-76.84758204,611310,"COLLEGES, UNIVERSITIES, AND PROFESSIONAL SCHOOLS",https://nces.ed.gov/collegenavigator/?id=163204,10/13/09 0:00,IMAGERY/OTHER,3/19/19 0:00,www.umgc.edu/,24,033,1,1,13,1,21,-2,-2,UMGC,18,5,47965,10561,58526,2,-999,5577,NOT AVAILABLE,-8554633.702,4709175.552
4373,483124,ARIZONA STATE UNIVERSITY DIGITAL IMMERSION,1475 N SCOTTSDALE RD,SCOTTSDALE,AZ,85257,NOT AVAILABLE,(855) 278-5080,1,A,55938,MARICOPA,04013,USA,33.46378645,-111.9238606,611310,"COLLEGES, UNIVERSITIES, AND PROFESSIONAL SCHOOLS",https://nces.ed.gov/collegenavigator/?id=483124,8/10/15 0:00,IMAGERY,9/4/15 0:00,www.asu.edu/,04,013,1,3,12,1,11,-2,-2,ASU SKYSONG,17,5,34840,19153,53993,2,-999,1945,NOT AVAILABLE,-12459307.17,3957026.904
149,134130,UNIVERSITY OF FLORIDA,TIGERT HALL,GAINESVILLE,FL,32611,NOT AVAILABLE,(352) 392-3261,1,A,69252,ALACHUA,12001,USA,29.638248,-82.361195,611310,"COLLEGES, UNIVERSITIES, AND PROFESSIONAL SCHOOLS",https://nces.ed.gov/collegenavigator/?id=134130,12/31/09 0:00,IMAGERY,7/7/16 0:00,www.ufl.edu/,12,001,1,1,11,1,12,-2,-2,NOT AVAILABLE,15,5,9501,43871,53372,1,10161,15880,NOT AVAILABLE,-9168406.289,3457134.236
4646,232946,NORTHERN VIRGINIA COMMUNITY COLLEGE,4001 WAKEFIELD CHAPEL RD,ANNANDALE,VA,22003,3796,(703) 323-3000,1,A,55897,FAIRFAX,51059,USA,38.83403943,-77.23667856,611210,JUNIOR COLLEGES,https://nces.ed.gov/collegenavigator/?id=232946,12/10/09 0:00,IMAGERY/OTHER,7/7/16 0:00,https://www.nvcc.edu/,51,059,4,1,40,1,21,-2,-2,NOT AVAILABLE,2,5,37322,15551,52873,2,-999,3024,NOT AVAILABLE,-8597947.728,4697926.948
1044,193900,NEW YORK UNIVERSITY,70 WASHINGTON SQ SOUTH,NEW YORK,NY,10012,1091,(212) 998-1212,2,A,76559,NEW YORK,36061,USA,40.7294519,-73.9972639,611310,"COLLEGES, UNIVERSITIES, AND PROFESSIONAL SCHOOLS",https://nces.ed.gov/collegenavigator/?id=193900,10/13/09 0:00,IMAGERY/OTHER,6/14/16 0:00,www.nyu.edu/,36,061,2,2,11,1,11,-2,-2,NOT AVAILABLE,15,5,8728,44047,52775,1,12985,23784,NOT AVAILABLE,-8237337.737,4972517.412
5582,145637,UNIVERSITY OF ILLINOIS URBANA-CHAMPAIGN,601 E JOHN STREET,CHAMPAIGN,IL,61820,5711,(217) 333-1000,1,A,65110,CHAMPAIGN,17019,USA,40.1083116,-88.22848166,611310,"COLLEGES, UNIVERSITIES, AND PROFESSIONAL SCHOOLS",https://nces.ed.gov/collegenavigator/?id=145637,10/13/09 0:00,IMAGERY/OTHER,8/5/16 0:00,www.illinois.edu/,17,019,1,2,11,1,13,-2,-2,ILLINOIS|ILLINIOS|ILINOIS|ILINIOS|URBANA|CHAMPAIGN|CHAMPAGNE|CHAMPAIGN-URBANA|CHAMPAGNE-URBANA|URBANA-CHAMPAIGN|URBANA-CHAMPAGNE|UNIVERSITY OF ILLINOIS AT URBANA|UNIVERSITY OF ILLINOIS AT CHAMPAIGN|UNIVERSITY OF ILLINOIS AT CHAMPAGNE|UNIVERSITY OF ILLINOIS AT CHAMPAIGN-URBANA|UNIVERSITY OF ILLINOIS AT CHAMPAGNE-URBANA|UIUC|UICU|UNIVERSITY OF ILLINOIS AT UC|UNIVERSITY OF ILLINOIS AT CU,15,5,9405,43274,52679,1,15007,12431,NOT AVAILABLE,-9821549.652,4881694.332
3467,174066,UNIVERSITY OF MINNESOTA-TWIN CITIES,100 CHURCH STREET SE,MINNEAPOLIS,MN,55455,0213,(612) 625-5000,1,A,70641,HENNEPIN,27053,USA,44.97788627,-93.23535212,611310,"COLLEGES, UNIVERSITIES, AND PROFESSIONAL SCHOOLS",https://nces.ed.gov/collegenavigator/?id=174066,10/13/09 0:00,IMAGERY,7/7/16 0:00,https://twin-cities.umn.edu/,27,053,1,2,11,1,11,-2,-2,NOT AVAILABLE,15,5,13619,38398,52017,1,7414,18624,10789019,-10378911.92,5618040.803
1532,137351,UNIVERSITY OF SOUTH FLORIDA,4202 EAST FOWLER AVE,TAMPA,FL,33620,9951,(813) 974-2011,1,A,59916,HILLSBOROUGH,12057,USA,28.05664722,-82.41587583,611310,"COLLEGES, UNIVERSITIES, AND PROFESSIONAL SCHOOLS",https://nces.ed.gov/collegenavigator/?id=137351,10/13/09 0:00,IMAGERY/OTHER,10/29/15 0:00,www.usf.edu/,12,057,1,1,11,1,11,-2,-2,UNIVERSITY OF SOUTH FLORIDA USF,15,5,14157,36469,50626,1,7208,9290,10824144,-9174493.33,3256117.587
3786,228778,THE UNIVERSITY OF TEXAS AT AUSTIN,110 INNER CAMPUS DRIVE,AUSTIN,TX,78705,NOT AVAILABLE,(512) 471-3434,1,A,67083,TRAVIS,48453,USA,30.283809,-97.736463,611310,"COLLEGES, UNIVERSITIES, AND PROFESSIONAL SCHOOLS",https://nces.ed.gov/collegenavigator/?id=228778,10/13/09 0:00,IMAGERY,7/7/16 0:00,https://www.utexas.edu/,48,453,1,1,11,1,11,-2,-2,UT AUSTIN,15,5,3178,47298,50476,1,7784,16607,NOT AVAILABLE,-10879973.29,3540083.259
290,186380,RUTGERS UNIVERSITY-NEW BRUNSWICK,83 SOMERSET ST,NEW BRUNSWICK,NJ,08901,1281,(848) 445-4636,1,A,69755,MIDDLESEX,34023,USA,40.49953534,-74.44700726,611310,"COLLEGES, UNIVERSITIES, AND PROFESSIONAL SCHOOLS",https://nces.ed.gov/collegenavigator/?id=186380,10/13/09 0:00,IMAGERY/OTHER,1/28/19 0:00,https://newbrunswick.rutgers.edu/,34,023,1,2,11,1,13,-2,-2,"RUTGERS, THE STATE UNIVERSITY OF NEW JERSEY|RUTGERS, THE STATE UNIVERSITY|RUTGERS UNIVERSITY|RUTGERS, NEW BRUNSWICK |RUTGERS UNIVERSITY-NEW BRUNSWICK|RUTGERS-NEW JERSEY|RUTGERS, THE STATE UNIVERSITY NEW BRUNSWICK/PISCATAWAY|RUTGERS, NEW BRUNSWICK|RUTGERS|RU|RUTGERS, NEW JERSEY",15,5,7727,42684,50411,1,15862,19344,NOT AVAILABLE,-8287402.939,4938801.152
4311,449339,AMERICAN PUBLIC UNIVERSITY SYSTEM,111 W CONGRESS ST,CHARLES TOWN,WV,25414,NOT AVAILABLE,(877) 468-6268,3,A,52455,JEFFERSON,54037,USA,39.28779431,-77.86007025,611310,"COLLEGES, UNIVERSITIES, AND PROFESSIONAL SCHOOLS",https://nces.ed.gov/collegenavigator/?id=449339,10/13/09 0:00,IMAGERY/OTHER,1/31/19 0:00,https://www.apus.edu/,54,037,3,1,12,1,31,-2,-2,AMERICAN MILITARY UNIVERSITY AMERICAN PUBLIC UNIVERSITY,18,5,46863,3184,50047,2,-999,2408,NOT AVAILABLE,-8667343.374,4762979.88
468,171100,MICHIGAN STATE UNIVERSITY,NOT AVAILABLE,EAST LANSING,MI,48824,1046,(517) 355-1855,1,A,62325,INGHAM,26065,USA,42.72476,-84.473639,611310,"COLLEGES, UNIVERSITIES, AND PROFESSIONAL SCHOOLS",https://nces.ed.gov/collegenavigator/?id=171100,12/31/09 0:00,IMAGERY,6/2/16 0:00,https://www.msu.edu/,26,065,1,1,11,1,13,-2,-2,MSU|SPARTANS|MI STATE UNIVERSITY|STATE|MI STATE U,15,5,6690,43005,49695,1,17445,12630,NOT AVAILABLE,-9403562.479,5270170.909
4828,125231,WALDEN UNIVERSITY,"100 WASHINGTON AVENUE SOUTH, SUITE 900",MINNEAPOLIS,MN,55401,NOT AVAILABLE,(866) 492-5336,3,A,54019,HENNEPIN,27053,USA,44.98119484,-93.26581548,611310,"COLLEGES, UNIVERSITIES, AND PROFESSIONAL SCHOOLS",https://nces.ed.gov/collegenavigator/?id=125231,10/13/09 0:00,GEOCODE,10/23/15 0:00,www.waldenu.edu/,27,053,3,1,12,1,11,-2,-2,NOT AVAILABLE,17,5,29080,20615,49695,2,-999,4324,NOT AVAILABLE,-10382303.09,5618561.484
900,225423,HOUSTON COMMUNITY COLLEGE,3100 MAIN STREET,HOUSTON,TX,77002,NOT AVAILABLE,(877) 422-6111,1,A,53508,HARRIS,48201,USA,29.73730329,-95.37652382,611210,JUNIOR COLLEGES,https://nces.ed.gov/collegenavigator/?id=225423,10/13/09 0:00,IMAGERY/OTHER,2/10/20 0:00,www.hccs.edu/,48,201,4,3,40,1,11,-2,-2,HCC,1,5,34186,14143,48329,2,-999,5179,NOT AVAILABLE,-10617266.07,3469827.127
2021,236948,UNIVERSITY OF WASHINGTON-SEATTLE CAMPUS,1400 NE CAMPUS PARKWAY,SEATTLE,WA,98195,4550,(206) 543-2100,1,A,68838,KING,53033,USA,47.65577518,-122.3108022,611310,"COLLEGES, UNIVERSITIES, AND PROFESSIONAL SCHOOLS",https://nces.ed.gov/collegenavigator/?id=236948,10/13/09 0:00,IMAGERY/OTHER,8/2/16 0:00,www.washington.edu/,53,033,1,3,11,1,11,-2,-2,"UW-SEATTLE, UDUB, UW, WASHINGTON",15,5,6094,42055,48149,1,8631,20689,NOT AVAILABLE,-13615576.22,6049777.956
2012,228769,THE UNIVERSITY OF TEXAS AT ARLINGTON,701 S. NEDDERMAN DR.,ARLINGTON,TX,76013,NOT AVAILABLE,(817) 272-2011,1,A,52044,TARRANT,48439,USA,32.72919367,-97.11517266,611310,"COLLEGES, UNIVERSITIES, AND PROFESSIONAL SCHOOLS",https://nces.ed.gov/collegenavigator/?id=228769,12/10/09 0:00,IMAGERY/OTHER,8/15/16 0:00,https://www.uta.edu/,48,439,1,3,11,1,11,-2,-2,UT ARLINGTON,15,5,24413,23659,48072,1,9940,3972,NOT AVAILABLE,-10810811.57,3859413.871
1003,170976,UNIVERSITY OF MICHIGAN-ANN ARBOR,503 THOMPSON STREET,ANN ARBOR,MI,48109,NOT AVAILABLE,(734) 764-1817,1,A,72512,WASHTENAW,26161,USA,42.27803,-83.736564,611310,"COLLEGES, UNIVERSITIES, AND PROFESSIONAL SCHOOLS",https://nces.ed.gov/collegenavigator/?id=170976,12/31/09 0:00,IMAGERY,11/5/15 0:00,https://umich.edu/,26,161,1,2,11,1,12,-2,-2,U OF MICHIGAN|U OF M|UNIV OF MICHIGAN|U MICHIGAN ANN ARBOR|UNIVERSITY OF MICHIGAN ANN ARBOR,15,5,3323,44584,47907,1,12242,24605,10802823,-9321511.665,5202718.404
821,225511,UNIVERSITY OF HOUSTON,212 E. CULLEN BUILDING,HOUSTON,TX,77204,2018,(713) 743-1000,1,A,52610,HARRIS,48201,USA,29.719988,-95.344851,611310,"COLLEGES, UNIVERSITIES, AND PROFESSIONAL SCHOOLS",https://nces.ed.gov/collegenavigator/?id=225511,12/31/09 0:00,IMAGERY,8/15/16 0:00,www.uh.edu/,48,201,1,3,11,1,11,-2,-2,UH,15,5,12736,34354,47090,1,8397,5520,NOT AVAILABLE,-10613740.26,3467607.452
5115,243780,PURDUE UNIVERSITY-MAIN CAMPUS,HOVDE HALL OF ADMINISTRATION,WEST LAFAYETTE,IN,47907,2040,(765) 494-4600,1,A,58024,TIPPECANOE,18157,USA,40.428206,-86.914435,611310,"COLLEGES, UNIVERSITIES, AND PROFESSIONAL SCHOOLS",https://nces.ed.gov/collegenavigator/?id=243780,12/31/09 0:00,IMAGERY,8/8/16 0:00,https://www.purdue.edu/,18,157,1,1,11,1,13,-2,-2,PURDUE-WEST LAFAYETTE|PURDUE|PU|PURDUE-WL,15,5,6995,39660,46655,1,14094,11369,NOT AVAILABLE,-9675270.647,4928364.524
3405,135717,MIAMI DADE COLLEGE,300 NE 2ND AVENUE,MIAMI,FL,33132,2204,(305) 237-8888,1,A,54356,MIAMI-DADE,12086,USA,25.77771735,-80.19085641,611210,JUNIOR COLLEGES,https://nces.ed.gov/collegenavigator/?id=135717,10/13/09 0:00,IMAGERY,7/7/16 0:00,www.mdc.edu/,12,086,1,2,30,1,11,-2,-2,MDC|MDCC|MIAMI-DADE COMMUNITY COLLEGE|MIAMI DADE,14,5,26573,19950,46523,2,-999,7833,NOT AVAILABLE,-8926805.302,2971576.23
2441,123961,UNIVERSITY OF SOUTHERN CALIFORNIA,UNIVERSITY PARK,LOS ANGELES,CA,90089,NOT AVAILABLE,(213) 740-2311,2,A,62935,LOS ANGELES,06037,USA,34.021058,-118.283858,611310,"COLLEGES, UNIVERSITIES, AND PROFESSIONAL SCHOOLS",https://nces.ed.gov/collegenavigator/?id=123961,12/31/09 0:00,IMAGERY,7/25/16 0:00,www.usc.edu/,06,037,2,2,11,1,11,-2,-2,USC,15,5,7680,38607,46287,1,8700,16648,NOT AVAILABLE,-13167298.84,4031629.952
4441,138187,VALENCIA COLLEGE,1768 PARK CENTER DRIVE,ORLANDO,FL,32835,NOT AVAILABLE,(407) 299-2187,1,A,50078,ORANGE,12095,USA,28.52264632,-81.46416804,611210,JUNIOR COLLEGES,https://nces.ed.gov/collegenavigator/?id=138187,12/10/09 0:00,IMAGERY/OTHER,7/7/16 0:00,valenciacollege.edu/,12,095,1,2,30,1,11,-2,-2,NOT AVAILABLE,14,5,29461,16488,45949,2,-999,4129,10820592,-9068549.704,3315028.77
359,104179,UNIVERSITY OF ARIZONA,1401 E UNIVERSITY,TUCSON,AZ,85721,0066,(520) 621-2211,1,A,58335,PIMA,04019,USA,32.23286613,-110.9500859,611310,"COLLEGES, UNIVERSITIES, AND PROFESSIONAL SCHOOLS",https://nces.ed.gov/collegenavigator/?id=104179,12/10/09 0:00,IMAGERY/OTHER,7/7/16 0:00,https://www.arizona.edu/,04,019,1,1,11,1,11,-2,-2,THE UNIVERSITY OF ARIZONA | UARIZONA | U OF A | UOFA | UA | UNIVERSITY OF AZ | UNIV. OF AZ | THE UNIV. OF AZ,15,5,11119,34482,45601,1,6581,12734,NOT AVAILABLE,-12350907.06,3793916.89
5478,240444,UNIVERSITY OF WISCONSIN-MADISON,500 LINCOLN DR,MADISON,WI,53706,1380,(608) 263-2400,1,A,63654,DANE,55025,USA,43.07385753,-89.40535646,611310,"COLLEGES, UNIVERSITIES, AND PROFESSIONAL SCHOOLS",https://nces.ed.gov/collegenavigator/?id=240444,10/13/09 0:00,IMAGERY,7/29/16 0:00,www.wisc.edu/,55,025,1,1,11,1,11,-2,-2,NOT AVAILABLE,15,5,4753,39887,44640,1,8871,19014,NOT AVAILABLE,-9952558.756,5323220.482
1068,110662,UNIVERSITY OF CALIFORNIA-LOS ANGELES,405 HILGARD AVE,LOS ANGELES,CA,90095,1405,(310) 825-4321,1,A,69845,LOS ANGELES,06037,USA,34.0688923,-118.4439005,611310,"COLLEGES, UNIVERSITIES, AND PROFESSIONAL SCHOOLS",https://nces.ed.gov/collegenavigator/?id=110662,10/13/09 0:00,IMAGERY,7/15/16 0:00,www.ucla.edu/,06,037,1,2,11,1,11,-2,-2,UCLA,15,5,1650,42939,44589,1,19093,25256,NOT AVAILABLE,-13185114.69,4038056.334
4272,142522,BRIGHAM YOUNG UNIVERSITY-IDAHO,525 S CENTER,REXBURG,ID,83460,1690,(208) 496-1411,2,A,48110,MADISON,16065,USA,43.81538377,-111.7847282,611310,"COLLEGES, UNIVERSITIES, AND PROFESSIONAL SCHOOLS",https://nces.ed.gov/collegenavigator/?id=142522,12/31/09 0:00,IMAGERY,7/26/16 0:00,www.byui.edu/,16,065,2,2,30,1,32,-2,-2,BYU-I,22,5,25649,18832,44481,1,1162,3629,NOT AVAILABLE,-12443819.02,5436916.705
260,489779,PURDUE UNIVERSITY GLOBAL,"2550 NORTHWESTERN AVENUE, SUITE 1100",WEST LAFAYETTE,IN,47906,NOT AVAILABLE,(866) 522-7747,1,A,45975,MARION,18097,USA,39.91844,-86.109501,611310,"COLLEGES, UNIVERSITIES, AND PROFESSIONAL SCHOOLS",https://nces.ed.gov/collegenavigator/?id=489779,4/10/18 0:00,IMAGERY/OTHER,4/10/18 0:00,https://www.purdueglobal.edu/,18,097,1,3,13,1,11,-2,-2,NOT AVAILABLE,-2,5,32150,11777,43927,2,-999,2048,NOT AVAILABLE,-9585665.804,4854097.271
3488,488846,UNIVERSITY OF THE PEOPLE,595 E COLORADO BLVD SUITE 623,PASADENA,CA,91101,NOT AVAILABLE,(626) 264-8880,2,A,43748,LOS ANGELES,06037,USA,34.14209319,-118.1334422,611310,"COLLEGES, UNIVERSITIES, AND PROFESSIONAL SCHOOLS",https://nces.ed.gov/collegenavigator/?id=488846,4/10/18 0:00,IMAGERY/OTHER,2/1/19 0:00,uopeople.edu/,06,037,2,2,20,1,12,-2,-2,NOT AVAILABLE,-2,5,38940,4782,43722,2,-999,26,NOT AVAILABLE,-13150554.63,4047897.665
4412,134097,FLORIDA STATE UNIVERSITY,222 S. COPELAND STREET,TALLAHASSEE,FL,32306,1037,(850) 644-2525,1,A,50842,LEON,12073,USA,30.443222,-84.301554,611310,"COLLEGES, UNIVERSITIES, AND PROFESSIONAL SCHOOLS",https://nces.ed.gov/collegenavigator/?id=134097,12/31/09 0:00,IMAGERY,6/1/16 0:00,https://www.fsu.edu/,12,073,1,2,11,1,12,-2,-2,FLORIDA STATE|F.S.U.|FSU|F. S. U.|FLA. STATE UNIVERSITY|FLA. STATE|FL STATE UNIVERSITY|FL STATE|FL STATE UNIVERSITY|FL STATE|SEMINOLES|NOLES|FLORIDA STATE SEMINOLES|FLORIDA STATE UNIVERSITY SEMINOLES|FL. STATE|FL. STATE UNIVERSITY|THE FLORIDA STATE UNIVERSITY|FLORIDIA STATE UNIVERSITY|FLORDA STATE UNIVERSITY|FLORIDA STATE UNIVERISITY|FLORDIA STATE UNIVERSITY|FLORIDA STATE UNVERSITY|,15,5,7908,35661,43569,1,6709,7273,NOT AVAILABLE,-9384406.064,3560650.075
1535,151351,INDIANA UNIVERSITY-BLOOMINGTON,107 SOUTH INDIANA AVE.,BLOOMINGTON,IN,47405,7000,(812) 855-4848,1,A,52280,MONROE,18105,USA,39.16773929,-86.52358465,611310,"COLLEGES, UNIVERSITIES, AND PROFESSIONAL SCHOOLS",https://nces.ed.gov/collegenavigator/?id=151351,10/13/09 0:00,IMAGERY/OTHER,8/8/16 0:00,www.indiana.edu/,18,105,1,3,11,1,13,-2,-2,IUB | IU BLOOMINGTON,15,5,5480,37584,43064,1,12461,9216,NOT AVAILABLE,-9631761.385,4745727.348
915,228547,TARRANT COUNTY COLLEGE DISTRICT,1500 HOUSTON ST,FORT WORTH,TX,76102,6524,(817) 515-8223,1,A,46780,TARRANT,48439,USA,32.74750094,-97.32794844,611210,JUNIOR COLLEGES,https://nces.ed.gov/collegenavigator/?id=228547,10/13/09 0:00,IMAGERY/OTHER,7/7/16 0:00,www.tccd.edu/,48,439,4,3,40,1,11,-2,-2,TARRANT COUNTY COLLEGE,2,5,34357,8643,43000,2,-999,3780,NOT AVAILABLE,-10834497.66,3861836.695
3793,110635,UNIVERSITY OF CALIFORNIA-BERKELEY,200 CALIFORNIA HALL,BERKELEY,CA,94720,NOT AVAILABLE,(510) 642-6000,1,A,54449,ALAMEDA,06001,USA,37.875759,-122.24851,611310,"COLLEGES, UNIVERSITIES, AND PROFESSIONAL SCHOOLS",https://nces.ed.gov/collegenavigator/?id=110635,12/31/09 0:00,IMAGERY,7/7/16 0:00,www.berkeley.edu/,06,001,1,2,11,1,12,-2,-2,UC BERKELEY,15,5,3525,38802,42327,1,10104,12122,NOT AVAILABLE,-13608641.88,4561889.563
2135,110565,CALIFORNIA STATE UNIVERSITY-FULLERTON,800 N STATE COLLEGE BLVD,FULLERTON,CA,92831,3599,(657) 278-2593,1,A,45670,ORANGE,06059,USA,33.88326053,-117.8856586,611310,"COLLEGES, UNIVERSITIES, AND PROFESSIONAL SCHOOLS",https://nces.ed.gov/collegenavigator/?id=110565,12/10/09 0:00,IMAGERY/OTHER,7/7/16 0:00,www.fullerton.edu/,06,059,1,3,13,1,21,-2,-2,CAL STATE FULLERTON,17,5,9958,32093,42051,1,2045,3619,NOT AVAILABLE,-13122971.48,4013137.517
120,486840,KENNESAW STATE UNIVERSITY,1000 CHASTAIN RD,KENNESAW,GA,30144,NOT AVAILABLE,(470) 578-6000,1,A,45452,COBB,13067,USA,34.03813476,-84.58311748,611310,"COLLEGES, UNIVERSITIES, AND PROFESSIONAL SCHOOLS",https://nces.ed.gov/collegenavigator/?id=486840,2/13/18 0:00,IMAGERY/OTHER,2/19/18 0:00,www.kennesaw.edu/,13,067,1,1,12,1,21,-2,-2,KSU,17,5,12303,28878,41181,1,5116,4271,NOT AVAILABLE,-9415749.568,4033923.743
3782,227216,UNIVERSITY OF NORTH TEXAS,1501 W.CHESTNUT AVE.,DENTON,TX,76203,1277,(940) 565-2000,1,A,45026,DENTON,48121,USA,33.210958,-97.151211,611310,"COLLEGES, UNIVERSITIES, AND PROFESSIONAL SCHOOLS",https://nces.ed.gov/collegenavigator/?id=227216,10/13/09 0:00,IMAGERY,7/7/16 0:00,www.unt.edu/,48,121,1,3,11,1,12,-2,-2,UNT|NORTH TEXAS|MEAN GREAN,15,5,10953,30000,40953,1,6747,4073,NOT AVAILABLE,-10814823.34,3923338.703
5462,230737,UTAH VALLEY UNIVERSITY,800 W UNIVERSITY PARKWAY,OREM,UT,84058,5999,(801) 863-8000,1,A,44797,UTAH,49049,USA,40.2785117,-111.7170578,611310,"COLLEGES, UNIVERSITIES, AND PROFESSIONAL SCHOOLS",https://nces.ed.gov/collegenavigator/?id=230737,10/13/09 0:00,IMAGERY,8/11/16 0:00,www.uvu.edu/,49,049,1,1,20,1,13,-2,-2,UVU,20,5,21269,19667,40936,2,-999,3861,NOT AVAILABLE,-12436285.98,4906497.766
3576,201885,UNIVERSITY OF CINCINNATI-MAIN CAMPUS,2624 CLIFTON AVENUE,CINCINNATI,OH,45221,0063,(513) 556-6000,1,A,48594,HAMILTON,39061,USA,39.13115854,-84.5142802,611310,"COLLEGES, UNIVERSITIES, AND PROFESSIONAL SCHOOLS",https://nces.ed.gov/collegenavigator/?id=201885,10/13/09 0:00,IMAGERY,7/7/16 0:00,www.uc.edu/,39,061,1,1,11,1,11,-2,-2,NOT AVAILABLE,15,5,11009,29817,40826,1,7078,7768,NOT AVAILABLE,-9408086.636,4740476.36
4184,163286,UNIVERSITY OF MARYLAND-COLLEGE PARK,NOT AVAILABLE,COLLEGE PARK,MD,20742,NOT AVAILABLE,(301) 405-1000,1,A,50709,PRINCE GEORGE'S,24033,USA,38.98860655,-76.93970412,611310,"COLLEGES, UNIVERSITIES, AND PROFESSIONAL SCHOOLS",https://nces.ed.gov/collegenavigator/?id=163286,12/31/09 0:00,IMAGERY/OTHER,11/6/15 0:00,www.umd.edu/,24,033,1,1,11,1,21,-2,-2,NOT AVAILABLE,15,5,5089,35620,40709,1,12025,10000,NOT AVAILABLE,-8564888.684,4720039.69
5688,110608,CALIFORNIA STATE UNIVERSITY-NORTHRIDGE,18111 NORDHOFF ST,NORTHRIDGE,CA,91330,NOT AVAILABLE,(818) 677-1200,1,A,44089,LOS ANGELES,06037,USA,34.2400409,-118.5292859,611310,"COLLEGES, UNIVERSITIES, AND PROFESSIONAL SCHOOLS",https://nces.ed.gov/collegenavigator/?id=110608,10/13/09 0:00,IMAGERY/OTHER,7/25/16 0:00,https://www.csun.edu/,06,037,1,1,13,1,11,-2,-2,CSUN,18,5,8488,31893,40381,1,3443,3708,NOT AVAILABLE,-13194619.75,4061079.376
698,229115,TEXAS TECH UNIVERSITY,BROADWAY AND UNIVERSITY AVENUE,LUBBOCK,TX,79409,5005,(806) 742-2011,1,A,45569,LUBBOCK,48303,USA,33.58045123,-101.8771289,611310,"COLLEGES, UNIVERSITIES, AND PROFESSIONAL SCHOOLS",https://nces.ed.gov/collegenavigator/?id=229115,10/13/09 0:00,IMAGERY/OTHER,8/19/16 0:00,www.ttu.edu/,48,303,1,1,11,1,11,-2,-2,NOT AVAILABLE,15,5,7070,33252,40322,1,7996,5247,NOT AVAILABLE,-11340910.11,3972605.042
5567,110583,CALIFORNIA STATE UNIVERSITY-LONG BEACH,1250 BELLFLOWER BLVD,LONG BEACH,CA,90840,0115,(562) 985-4111,1,A,44120,LOS ANGELES,06037,USA,33.78281817,-118.1120399,611310,"COLLEGES, UNIVERSITIES, AND PROFESSIONAL SCHOOLS",https://nces.ed.gov/collegenavigator/?id=110583,10/13/09 0:00,IMAGERY/OTHER,7/25/16 0:00,www.csulb.edu/,06,037,1,2,11,1,11,-2,-2,CAL STATE LONG BEACH,18,5,7340,32729,40069,1,2743,4051,NOT AVAILABLE,-13148172.14,3999676.96
234,203331,EASTERN GATEWAY COMMUNITY COLLEGE,110 JOHN SCOTT HIGHWAY,STEUBENVILLE,OH,43952,3598,(740) 264-5591,1,A,41628,JEFFERSON,39081,USA,40.37617549,-80.67240784,611210,JUNIOR COLLEGES,https://nces.ed.gov/collegenavigator/?id=203331,10/13/09 0:00,IMAGERY/OTHER,8/15/16 0:00,www.egcc.edu/,39,081,4,3,40,1,13,-2,-2,NOT AVAILABLE,5,5,27271,12765,40036,2,-999,1592,NOT AVAILABLE,-8980411.362,4920758.604
3776,222992,AUSTIN COMMUNITY COLLEGE DISTRICT,5930 MIDDLE FISKVILLE RD,AUSTIN,TX,78752,NOT AVAILABLE,(512) 223-7000,1,A,43414,TRAVIS,48453,USA,30.322712,-97.712366,611210,JUNIOR COLLEGES,https://nces.ed.gov/collegenavigator/?id=222992,10/13/09 0:00,IMAGERY/OTHER,1/29/19 0:00,www.austincc.edu/,48,453,1,3,30,1,11,-2,-2,NOT AVAILABLE,6,5,30923,8973,39896,2,-999,3518,NOT AVAILABLE,-10877290.83,3545099.275
3417,139755,GEORGIA INSTITUTE OF TECHNOLOGY-MAIN CAMPUS,225 NORTH AVE,ATLANTA,GA,30332,0530,(404) 894-2000,1,A,48378,FULTON,13121,USA,33.77373183,-84.39601919,611310,"COLLEGES, UNIVERSITIES, AND PROFESSIONAL SCHOOLS",https://nces.ed.gov/collegenavigator/?id=139755,10/13/09 0:00,IMAGERY,7/7/16 0:00,www.gatech.edu/,13,121,1,2,12,1,11,-2,-2,GEORGIA TECH,15,5,18873,20898,39771,1,8796,8607,NOT AVAILABLE,-9394921.881,3998460.054
1069,110680,UNIVERSITY OF CALIFORNIA-SAN DIEGO,9500 GILMAN DR,LA JOLLA,CA,92093,NOT AVAILABLE,(858) 534-2230,1,A,55842,SAN DIEGO,06073,USA,32.87659766,-117.2377935,611310,"COLLEGES, UNIVERSITIES, AND PROFESSIONAL SCHOOLS",https://nces.ed.gov/collegenavigator/?id=110680,10/13/09 0:00,IMAGERY,7/15/16 0:00,www.ucsd.edu/,06,073,1,1,11,1,11,-2,-2,UCSD UC SAN DIEGO,15,5,1504,38072,39576,1,17598,16266,NOT AVAILABLE,-13050851.47,3878935.798
164,139959,UNIVERSITY OF GEORGIA,ADMINISTRATION BUILDING,ATHENS,GA,30602,NOT AVAILABLE,(706) 542-3000,1,A,50880,CLARKE,13059,USA,33.937727,-83.37143,611310,"COLLEGES, UNIVERSITIES, AND PROFESSIONAL SCHOOLS",https://nces.ed.gov/collegenavigator/?id=139959,12/31/09 0:00,IMAGERY/OTHER,4/25/19 0:00,www.uga.edu/,13,059,1,3,11,1,12,-2,-2,NOT AVAILABLE,15,5,4196,34951,39147,1,10050,11733,10774465,-9280865.134,4020443.346
4259,110644,UNIVERSITY OF CALIFORNIA-DAVIS,ONE SHIELDS AVENUE,DAVIS,CA,95616,8678,(530) 752-1011,1,A,52829,YOLO,06113,USA,38.53820558,-121.75103,611310,"COLLEGES, UNIVERSITIES, AND PROFESSIONAL SCHOOLS",https://nces.ed.gov/collegenavigator/?id=110644,12/10/09 0:00,IMAGERY/OTHER,7/15/16 0:00,ucdavis.edu/,06,113,1,1,11,1,23,-2,-2,UC DAVIS,15,5,1616,37458,39074,1,8284,13755,NOT AVAILABLE,-13553262.66,4655737.705
1515,413413,CAPELLA UNIVERSITY,"225 SOUTH 6TH STREET, 9TH FLOOR",MINNEAPOLIS,MN,55402,3389,(866) 808-4080,3,A,40828,HENNEPIN,27053,USA,44.97618598,-93.26871351,611310,"COLLEGES, UNIVERSITIES, AND PROFESSIONAL SCHOOLS",https://nces.ed.gov/collegenavigator/?id=413413,10/13/09 0:00,IMAGERY,6/16/16 0:00,www.capella.edu/,27,053,3,1,12,1,11,-2,-2,NOT AVAILABLE,17,5,31439,7491,38930,2,-999,1898,NOT AVAILABLE,-10382625.69,5617773.235
3259,232186,GEORGE MASON UNIVERSITY,4400 UNIVERSITY DR,FAIRFAX,VA,22030,4444,(703) 993-1000,1,A,44275,FAIRFAX,51059,USA,38.83088029,-77.30793951,611310,"COLLEGES, UNIVERSITIES, AND PROFESSIONAL SCHOOLS",https://nces.ed.gov/collegenavigator/?id=232186,12/10/09 0:00,IMAGERY/OTHER,10/12/15 0:00,https://www2.gmu.edu/,51,059,1,1,11,1,21,-2,-2,MASON,15,5,12510,26031,38541,1,6511,5734,NOT AVAILABLE,-8605880.461,4697475.495
2452,100751,THE UNIVERSITY OF ALABAMA,739 UNIVERSITY BLVD,TUSCALOOSA,AL,35487,0100,(205) 348-6010,1,A,44760,TUSCALOOSA,01125,USA,33.21439966,-87.54576647,611310,"COLLEGES, UNIVERSITIES, AND PROFESSIONAL SCHOOLS",https://nces.ed.gov/collegenavigator/?id=100751,10/13/09 0:00,IMAGERY/OTHER,7/8/16 0:00,www.ua.edu/,01,125,1,2,11,1,12,-2,-2,NOT AVAILABLE,16,5,6307,31533,37840,1,8443,6920,10787577,-9745550.144,3923796.632
5404,228459,TEXAS STATE UNIVERSITY,601 UNIVERSITY DR,SAN MARCOS,TX,78666,NOT AVAILABLE,(512) 245-2111,1,A,41737,HAYS,48209,USA,29.88807668,-97.93915455,611310,"COLLEGES, UNIVERSITIES, AND PROFESSIONAL SCHOOLS",https://nces.ed.gov/collegenavigator/?id=228459,12/10/09 0:00,IMAGERY/OTHER,8/23/16 0:00,www.txstate.edu/,48,209,1,1,11,1,13,-2,-2,TEXAS STATE|TEXAS STATE UNIVERSITY-SAN MARCOS|SOUTHWEST TEXAS STATE UNIVERSITY|SOUTHWEST TEXAS STATE|SWT|SWTSU|TEXAS STATE SAN MARCOS|TXST|TXSTATE|TS|,16,5,8595,29217,37812,1,6854,3925,NOT AVAILABLE,-10902536.81,3489171.242
5561,126614,UNIVERSITY OF COLORADO BOULDER,REGENT DRIVE AT BROADWAY,BOULDER,CO,80309,0017,(303) 492-1411,1,A,46885,BOULDER,08013,USA,40.00441507,-105.2670613,611310,"COLLEGES, UNIVERSITIES, AND PROFESSIONAL SCHOOLS",https://nces.ed.gov/collegenavigator/?id=126614,10/13/09 0:00,IMAGERY,7/28/16 0:00,www.colorado.edu/,08,013,1,2,11,1,12,-2,-2,U OF COLORADO|UNIV OF COLORADO|UNIVERSITY OF COLORADO|U OF CO|UNIV OF CO|UNIVERSITY OF CO|BOULDER|CU|CU-BOULDER|UCB|CUB|COLORADO|COLORADO UNIVERSITY|U OF COLO|UNIV OF COLO|UNIVERSITY OF COLO|COLO|BUFFS|BUFFALOS|BUFFALOES|CU AT BOULDER|GOLDEN BUFFS|UNIVERSITY OF COLORADO AT BOULDER,15,5,6918,30519,37437,1,7550,9448,NOT AVAILABLE,-11718275.66,4866583.885
866,216339,TEMPLE UNIVERSITY,1801 NORTH BROAD STREET,PHILADELPHIA,PA,19122,6096,(215) 204-7000,1,A,46015,PHILADELPHIA,42101,USA,39.980712,-75.15845161,611310,"COLLEGES, UNIVERSITIES, AND PROFESSIONAL SCHOOLS",https://nces.ed.gov/collegenavigator/?id=216339,10/13/09 0:00,IMAGERY/OTHER,7/7/16 0:00,www.temple.edu/,42,101,1,1,11,1,11,-2,-2,TEMPLE,15,5,4893,32343,37236,1,5604,8779,NOT AVAILABLE,-8366600.562,4863139.795
834,233921,VIRGINIA POLYTECHNIC INSTITUTE AND STATE UNIVERSITY,"210 BURRUSS HALL, 800 DRILLFIELD DR.",BLACKSBURG,VA,24061,0131,(540) 231-6994,1,A,45631,MONTGOMERY,51121,USA,37.2299064,-80.41998783,611310,"COLLEGES, UNIVERSITIES, AND PROFESSIONAL SCHOOLS",https://nces.ed.gov/collegenavigator/?id=233921,12/31/09 0:00,IMAGERY/OTHER,8/5/16 0:00,www.vt.edu/,51,121,1,1,11,1,13,-2,-2,VIRGINIA TECH,15,5,2973,34051,37024,1,9471,8607,NOT AVAILABLE,-8952312.095,4471201.408
2215,230038,BRIGHAM YOUNG UNIVERSITY,MAIN CAMPUS,PROVO,UT,84602,NOT AVAILABLE,(801) 422-4636,2,A,41705,UTAH,49049,USA,40.250851,-111.649281,611310,"COLLEGES, UNIVERSITIES, AND PROFESSIONAL SCHOOLS",https://nces.ed.gov/collegenavigator/?id=230038,12/31/09 0:00,IMAGERY,8/10/16 0:00,www.byu.edu/,49,049,2,3,11,1,12,-2,-2,BYU,16,5,4535,31926,36461,1,6861,5244,NOT AVAILABLE,-12428741.11,4902462.504
1074,139940,GEORGIA STATE UNIVERSITY,33 GILMER ST,ATLANTA,GA,30303,3083,(404) 413-2000,1,A,41786,FULTON,13121,USA,33.75269954,-84.3866698,611310,"COLLEGES, UNIVERSITIES, AND PROFESSIONAL SCHOOLS",https://nces.ed.gov/collegenavigator/?id=139940,12/10/09 0:00,IMAGERY,7/26/16 0:00,www.gsu.edu/,13,121,1,1,11,1,11,-2,-2,NOT AVAILABLE,15,5,8533,27827,36360,1,5414,5426,NOT AVAILABLE,-9393881.111,3995643.757
5669,122409,SAN DIEGO STATE UNIVERSITY,5500 CAMPANILE DR,SAN DIEGO,CA,92182,0001,(619) 594-5200,1,A,40053,SAN DIEGO,06073,USA,32.7752498,-117.0712279,611310,"COLLEGES, UNIVERSITIES, AND PROFESSIONAL SCHOOLS",https://nces.ed.gov/collegenavigator/?id=122409,10/13/09 0:00,IMAGERY,7/19/16 0:00,www.sdsu.edu/,06,073,1,1,11,1,11,-2,-2,NOT AVAILABLE,16,5,5185,31149,36334,1,7472,3719,NOT AVAILABLE,-13032309.47,3865509.989
1067,110653,UNIVERSITY OF CALIFORNIA-IRVINE,501 ALDRICH HALL,IRVINE,CA,92697,NOT AVAILABLE,(949) 824-5011,1,A,45633,ORANGE,06059,USA,33.643163,-117.837785,611310,"COLLEGES, UNIVERSITIES, AND PROFESSIONAL SCHOOLS",https://nces.ed.gov/collegenavigator/?id=110653,12/31/09 0:00,IMAGERY,7/15/16 0:00,www.uci.edu/,06,059,1,1,11,1,11,-2,-2,UCI UC IRVINE,15,5,984,35319,36303,1,13000,9330,NOT AVAILABLE,-13117642.22,3980987.586
5769,122755,SAN JOSE STATE UNIVERSITY,ONE WASHINGTON SQUARE,SAN JOSE,CA,95192,0001,(408) 924-1000,1,A,39794,SANTA CLARA,06085,USA,37.33750869,-121.8804585,611310,"COLLEGES, UNIVERSITIES, AND PROFESSIONAL SCHOOLS",https://nces.ed.gov/collegenavigator/?id=122755,12/10/09 0:00,IMAGERY/OTHER,7/27/16 0:00,www.sjsu.edu/,06,085,1,1,13,1,11,-2,-2,NOT AVAILABLE,18,5,8768,27440,36208,1,4261,3586,NOT AVAILABLE,-13567670.57,4486256.143
1760,199193,NORTH CAROLINA STATE UNIVERSITY AT RALEIGH,2101 HILLSBOROUGH STREET,RALEIGH,NC,27695,7001,(919) 515-2011,1,A,45678,WAKE,37183,USA,35.78511061,-78.67451716,611310,"COLLEGES, UNIVERSITIES, AND PROFESSIONAL SCHOOLS",https://nces.ed.gov/collegenavigator/?id=199193,10/13/09 0:00,IMAGERY/OTHER,7/7/16 0:00,www.ncsu.edu/,37,183,1,2,11,1,11,-2,-2,NC STATE UNIVERSITY | NC STATE | N C STATE UNIVERSITY | N C STATE | NCSU,15,5,7728,28314,36042,1,10433,9636,NOT AVAILABLE,-8758007.189,4271093.067
534,218663,UNIVERSITY OF SOUTH CAROLINA-COLUMBIA,COLUMBIA-CAMPUS,COLUMBIA,SC,29208,NOT AVAILABLE,(803) 777-7000,1,A,43203,RICHLAND,45079,USA,33.996677,-81.026916,611310,"COLLEGES, UNIVERSITIES, AND PROFESSIONAL SCHOOLS",https://nces.ed.gov/collegenavigator/?id=218663,12/31/09 0:00,IMAGERY,8/24/16 0:00,www.sc.edu/,45,079,1,1,11,1,12,-2,-2,NOT AVAILABLE,15,5,3666,31804,35470,1,9001,7733,NOT AVAILABLE,-9019875.03,4028355.837
575,247834,COLLIN COUNTY COMMUNITY COLLEGE DISTRICT,3452 SPUR 399,MCKINNEY,TX,75069,NOT AVAILABLE,(972) 881-5790,1,A,38157,COLLIN,48085,USA,33.162478,-96.638472,611210,JUNIOR COLLEGES,https://nces.ed.gov/collegenavigator/?id=247834,12/10/09 0:00,IMAGERY/OTHER,4/12/19 0:00,www.collin.edu/,48,085,1,1,30,1,22,-2,-2,COLLIN COUNTY COMMUNITY COLLEGE DISTRICT|COLLIN COUNTY COMMUNITY COLLEGE|COLIN COUNTY COMMUNITY COLLEGE DISTRICT|COLIN COUNTY COMMUNITY COLLEGE|COLLIN COLLEGE|COLIN COLLEGE|COLLIN|COLIN|CCCCD|CCCC|QUAD C|,2,5,24632,10758,35390,1,237,2767,NOT AVAILABLE,-10757745.49,3916890.112
2164,229027,THE UNIVERSITY OF TEXAS AT SAN ANTONIO,ONE UTSA CIRCLE,SAN ANTONIO,TX,78249,1644,(210) 458-4011,1,A,38396,BEXAR,48029,USA,29.5824179,-98.62138639,611310,"COLLEGES, UNIVERSITIES, AND PROFESSIONAL SCHOOLS",https://nces.ed.gov/collegenavigator/?id=229027,12/10/09 0:00,IMAGERY/OTHER,7/7/16 0:00,www.utsa.edu/,48,029,1,1,12,1,11,-2,-2,UTSA,16,5,9489,25253,34742,1,4302,3654,NOT AVAILABLE,-10978482.51,3449985.699
6023,159391,LOUISIANA STATE UNIVERSITY AND AGRICULTURAL & MECHANICAL COLLEGE,156 THOMAS BOYD HALL,BATON ROUGE,LA,70803,2750,(225) 578-3202,1,A,40896,EAST BATON ROUGE,22033,USA,30.41273915,-91.18072747,611310,"COLLEGES, UNIVERSITIES, AND PROFESSIONAL SCHOOLS",https://nces.ed.gov/collegenavigator/?id=159391,10/13/09 0:00,IMAGERY/OTHER,6/27/16 0:00,www.lsu.edu/,22,033,1,2,11,1,12,-2,-2,LOUISIANA STATE UNIVERSITY|LSU,15,5,5594,28691,34285,1,8468,6611,NOT AVAILABLE,-10150192.15,3556714.708
3421,145600,UNIVERSITY OF ILLINOIS CHICAGO,601 S MORGAN,CHICAGO,IL,60607,NOT AVAILABLE,(312) 996-7000,1,A,47263,COOK,17031,USA,41.87183722,-87.65050255,611310,"COLLEGES, UNIVERSITIES, AND PROFESSIONAL SCHOOLS",https://nces.ed.gov/collegenavigator/?id=145600,10/13/09 0:00,IMAGERY,7/7/16 0:00,www.uic.edu/,17,031,1,1,11,1,11,-2,-2,UIC|U OF I-CHICAGO|ILLINOIS-CHICAGO|U OF I-MEDICAL CENTER|UNIVERSITY OF ILLINOIS-MEDICAL CENTER|,15,5,5463,28055,33518,1,3510,13745,NOT AVAILABLE,-9757209.311,5141800.573
2305,113856,EAST LOS ANGELES COLLEGE,1301 AVENIDA CESAR CHAVEZ,MONTEREY PARK,CA,91754,6099,(323) 265-8650,1,A,34752,LOS ANGELES,06037,USA,34.0402472,-118.1481127,611210,JUNIOR COLLEGES,https://nces.ed.gov/collegenavigator/?id=113856,10/13/09 0:00,IMAGERY/OTHER,7/15/16 0:00,www.elac.edu/,06,037,4,3,40,1,21,-2,-2,NOT AVAILABLE,1,5,27428,5969,33397,2,-999,1355,NOT AVAILABLE,-13152187.75,4034207.523
3402,132709,BROWARD COLLEGE,111 EAST LAS OLAS BLVD,FORT LAUDERDALE,FL,33301,NOT AVAILABLE,(954) 201-7350,1,A,35889,BROWARD,12011,USA,26.119403,-80.141649,611210,JUNIOR COLLEGES,https://nces.ed.gov/collegenavigator/?id=132709,10/13/09 0:00,IMAGERY/OTHER,4/2/19 0:00,www.broward.edu/,12,011,1,1,30,1,12,-2,-2,BC,14,5,22528,10715,33243,2,-999,2646,NOT AVAILABLE,-8921327.558,3013877.048
2512,230764,UNIVERSITY OF UTAH,"201 PRESIDENTS CIRCLE, ROOM 201",SALT LAKE CITY,UT,84112,9008,(801) 581-7200,1,A,47336,SALT LAKE,49035,USA,40.76248351,-111.846044,611310,"COLLEGES, UNIVERSITIES, AND PROFESSIONAL SCHOOLS",https://nces.ed.gov/collegenavigator/?id=230764,10/13/09 0:00,IMAGERY/OTHER,8/12/16 0:00,www.utah.edu/,49,035,1,1,11,1,12,-2,-2,THE U,15,5,7676,25405,33081,1,5914,14255,NOT AVAILABLE,-12450644.67,4977370.908
1251,164988,BOSTON UNIVERSITY,ONE SILBER WAY,BOSTON,MA,02215,NOT AVAILABLE,(617) 353-2000,2,A,43124,SUFFOLK,25025,USA,42.349581,-71.09984,611310,"COLLEGES, UNIVERSITIES, AND PROFESSIONAL SCHOOLS",https://nces.ed.gov/collegenavigator/?id=164988,12/31/09 0:00,IMAGERY,6/3/16 0:00,www.bu.edu/,25,025,2,2,11,1,11,-2,-2,BU|BOSTON U,15,5,6446,26272,32718,1,10551,10406,NOT AVAILABLE,-7914797.984,5213489.678
696,227368,THE UNIVERSITY OF TEXAS RIO GRANDE VALLEY,1201 W UNIVERSITY DR,EDINBURG,TX,78539,2999,(956) 665-2011,1,A,36826,HIDALGO,48215,USA,26.30662864,-98.17218832,611310,"COLLEGES, UNIVERSITIES, AND PROFESSIONAL SCHOOLS",https://nces.ed.gov/collegenavigator/?id=227368,10/13/09 0:00,IMAGERY/OTHER,8/19/16 0:00,www.utrgv.edu/,48,215,1,3,11,1,12,-2,-2,UT RIO GRANDE VALLEY | UTRGV | UNIVERSITY OF TEXAS RIO GRANDE VALLEY |,17,5,9217,23224,32441,1,1109,4385,NOT AVAILABLE,-10928478.01,3037108.046
4368,126818,COLORADO STATE UNIVERSITY-FORT COLLINS,102 ADMINISTRATION BUILDING,FORT COLLINS,CO,80523,0100,(970) 491-1101,1,A,40148,LARIMER,08069,USA,40.571679,-105.085771,611310,"COLLEGES, UNIVERSITIES, AND PROFESSIONAL SCHOOLS",https://nces.ed.gov/collegenavigator/?id=126818,12/31/09 0:00,IMAGERY,3/7/19 0:00,colostate.edu/,08,069,1,1,11,1,12,-2,-2,NOT AVAILABLE,15,5,9556,22872,32428,1,8697,7720,NOT AVAILABLE,-11698094.52,4949368.223
3553,196088,UNIVERSITY AT BUFFALO,12 CAPEN HALL,BUFFALO,NY,14260,1660,(716) 645-2000,1,A,37642,ERIE,36029,USA,43.001012,-78.78961,611310,"COLLEGES, UNIVERSITIES, AND PROFESSIONAL SCHOOLS",https://nces.ed.gov/collegenavigator/?id=196088,10/13/09 0:00,IMAGERY/OTHER,1/28/19 0:00,www.buffalo.edu/,36,029,1,3,11,1,21,-2,-2,UNIVERSITY AT BUFFALO|UB|STATE UNIVERSITY OF NEW YORK AT BUFFALO|SUNY BUFFALO|UNIVERSITY OF BUFFALO,15,5,5748,26599,32347,1,7962,5295,NOT AVAILABLE,-8770819.265,5312125.885
283,209542,OREGON STATE UNIVERSITY,1500 SW JEFFERSON AVENUE,CORVALLIS,OR,97331,NOT AVAILABLE,(541) 737-0123,1,A,38551,BENTON,41003,USA,44.563109,-123.278711,611310,"COLLEGES, UNIVERSITIES, AND PROFESSIONAL SCHOOLS",https://nces.ed.gov/collegenavigator/?id=209542,12/31/09 0:00,IMAGERY,8/18/16 0:00,https://oregonstate.edu/,41,003,1,3,11,1,13,-2,-2,NOT AVAILABLE,15,5,10759,21553,32312,1,5055,6239,NOT AVAILABLE,-13723323.33,5553002.183
5370,110617,CALIFORNIA STATE UNIVERSITY-SACRAMENTO,6000 J ST,SACRAMENTO,CA,95819,2694,(916) 278-6011,1,A,35463,SACRAMENTO,06067,USA,38.55990059,-121.422416,611310,"COLLEGES, UNIVERSITIES, AND PROFESSIONAL SCHOOLS",https://nces.ed.gov/collegenavigator/?id=110617,12/10/09 0:00,IMAGERY/OTHER,7/26/16 0:00,www.csus.edu/,06,067,1,1,11,1,11,-2,-2,SACRAMENTO STATE,18,5,6607,25686,32293,1,2175,3170,NOT AVAILABLE,-13516681.52,4658825.743
493,215293,UNIVERSITY OF PITTSBURGH-PITTSBURGH CAMPUS,4200 FIFTH AVENUE,PITTSBURGH,PA,15260,NOT AVAILABLE,(412) 624-4141,1,A,45541,ALLEGHENY,42003,USA,40.44259861,-79.95410478,611310,"COLLEGES, UNIVERSITIES, AND PROFESSIONAL SCHOOLS",https://nces.ed.gov/collegenavigator/?id=215293,10/13/09 0:00,IMAGERY/OTHER,8/22/16 0:00,www.pitt.edu/,42,003,1,1,11,1,11,-2,-2,NOT AVAILABLE,15,5,6934,25343,32277,1,8097,13264,NOT AVAILABLE,-8900450.231,4930469.502
1584,153603,IOWA STATE UNIVERSITY,1750 BEARDSHEAR HALL,AMES,IA,50011,2103,(515) 294-4111,1,A,38575,STORY,19169,USA,42.025303,-93.65024,611310,"COLLEGES, UNIVERSITIES, AND PROFESSIONAL SCHOOLS",https://nces.ed.gov/collegenavigator/?id=153603,12/31/09 0:00,IMAGERY,8/2/16 0:00,www.iastate.edu/,19,169,1,1,11,1,13,-2,-2,ISU,15,5,3520,28302,31822,1,11653,6753,NOT AVAILABLE,-10425097.03,5164770.465
23,166629,UNIVERSITY OF MASSACHUSETTS-AMHERST,374 WHITMORE BUILDING 181 PRESIDENTS DRIVE,AMHERST,MA,01003,NOT AVAILABLE,(413) 545-0111,1,A,37327,HAMPSHIRE,25015,USA,42.388647,-72.529312,611310,"COLLEGES, UNIVERSITIES, AND PROFESSIONAL SCHOOLS",https://nces.ed.gov/collegenavigator/?id=166629,12/31/09 0:00,IMAGERY,11/6/15 0:00,www.umass.edu/,25,015,1,3,11,1,21,-2,-2,UMASS AMHERST,15,5,6941,24701,31642,1,14015,5685,NOT AVAILABLE,-8073926.079,5219375.841
3800,236939,WASHINGTON STATE UNIVERSITY,FRENCH ADMINISTRATION BUILDING,PULLMAN,WA,99164,5910,(509) 335-3564,1,A,37811,WHITMAN,53075,USA,46.730448,-117.158168,611310,"COLLEGES, UNIVERSITIES, AND PROFESSIONAL SCHOOLS",https://nces.ed.gov/collegenavigator/?id=236939,12/31/09 0:00,IMAGERY,7/7/16 0:00,wsu.edu/,53,075,1,3,11,1,32,-2,-2,NOT AVAILABLE,15,5,5183,25976,31159,1,7923,6652,NOT AVAILABLE,-13041987.6,5898186.777
279,182281,UNIVERSITY OF NEVADA-LAS VEGAS,4505 S MARYLAND PKY,LAS VEGAS,NV,89154,NOT AVAILABLE,(702) 895-3011,1,A,36573,CLARK,32003,USA,36.10699406,-115.1411525,611310,"COLLEGES, UNIVERSITIES, AND PROFESSIONAL SCHOOLS",https://nces.ed.gov/collegenavigator/?id=182281,10/13/09 0:00,IMAGERY/OTHER,7/7/16 0:00,www.unlv.edu/,32,003,1,2,11,1,12,-2,-2,UNLV,16,5,8281,22861,31142,1,2850,5431,NOT AVAILABLE,-12817454.47,4315353.594
4188,154022,ASHFORD UNIVERSITY,8620 SPECTRUM CENTER BOULEVARD,SAN DIEGO,CA,92123,NOT AVAILABLE,(866) 711-1700,3,A,33440,SAN DIEGO,06073,USA,32.827089,-117.141277,611310,"COLLEGES, UNIVERSITIES, AND PROFESSIONAL SCHOOLS",https://nces.ed.gov/collegenavigator/?id=154022,10/13/09 0:00,IMAGERY/OTHER,1/25/19 0:00,www.ashford.edu/,06,073,3,2,12,1,11,-2,-2,NOT AVAILABLE,18,5,-999,31115,31115,2,-999,2325,NOT AVAILABLE,-13040107.31,3872375.346
3783,227979,SAN JACINTO COMMUNITY COLLEGE,8060 SPENCER HWY,PASADENA,TX,77505,NOT AVAILABLE,(281) 998-6150,1,A,33424,HARRIS,48201,USA,29.66033481,-95.11594094,611210,JUNIOR COLLEGES,https://nces.ed.gov/collegenavigator/?id=227979,10/13/09 0:00,IMAGERY/OTHER,7/7/16 0:00,www.sanjac.edu/,48,201,1,1,30,1,21,-2,-2,SAN JACINTO COLLEGE,5,5,22086,9024,31110,2,-999,2314,NOT AVAILABLE,-10588258.11,3459963.344
5046,178396,UNIVERSITY OF MISSOURI-COLUMBIA,105 JESSE HALL,COLUMBIA,MO,65211,NOT AVAILABLE,(573) 882-2121,1,A,41145,BOONE,29019,USA,38.941015,-92.326429,611310,"COLLEGES, UNIVERSITIES, AND PROFESSIONAL SCHOOLS",https://nces.ed.gov/collegenavigator/?id=178396,12/31/09 0:00,IMAGERY,11/4/15 0:00,https://missouri.edu/,29,019,1,1,11,1,12,-2,-2,NOT AVAILABLE,15,5,5332,25757,31089,1,6392,10056,NOT AVAILABLE,-10277731.06,4713225.996
1736,133669,FLORIDA ATLANTIC UNIVERSITY,"777 GLADES RD, ADMINISTRATION BLDG., ROOM 339",BOCA RATON,FL,33431,0991,(561) 297-3000,1,A,34297,PALM BEACH,12099,USA,26.37242138,-80.10297847,611310,"COLLEGES, UNIVERSITIES, AND PROFESSIONAL SCHOOLS",https://nces.ed.gov/collegenavigator/?id=133669,12/10/09 0:00,IMAGERY/OTHER,7/7/16 0:00,www.fau.edu/,12,099,1,2,11,1,13,-2,-2,FAU,16,5,11913,18892,30805,1,4471,3492,NOT AVAILABLE,-8917022.774,3045280.523
1899,100858,AUBURN UNIVERSITY,NOT AVAILABLE,AUBURN,AL,36849,NOT AVAILABLE,(334) 844-4000,1,A,37259,LEE,01081,USA,32.600201,-85.492409,611310,"COLLEGES, UNIVERSITIES, AND PROFESSIONAL SCHOOLS",https://nces.ed.gov/collegenavigator/?id=100858,12/31/09 0:00,IMAGERY,7/7/16 0:00,www.auburn.edu/,01,081,1,3,11,1,13,-2,-2,NOT AVAILABLE,16,5,4891,25846,30737,1,4823,6522,NOT AVAILABLE,-9516971.437,3842356.777
1100,221759,THE UNIVERSITY OF TENNESSEE-KNOXVILLE,527 ANDY HOLT TOWER,KNOXVILLE,TN,37996,NOT AVAILABLE,(865) 974-1000,1,A,39517,KNOX,47093,USA,35.955093,-83.92969601,611310,"COLLEGES, UNIVERSITIES, AND PROFESSIONAL SCHOOLS",https://nces.ed.gov/collegenavigator/?id=221759,10/13/09 0:00,IMAGERY,8/24/16 0:00,www.utk.edu/,47,093,1,3,11,1,12,-2,-2,NOT AVAILABLE,15,5,3828,26731,30559,1,7714,8958,NOT AVAILABLE,-9343011.023,4294443.996
3708,166027,HARVARD UNIVERSITY,MASSACHUSETTS HALL,CAMBRIDGE,MA,02138,NOT AVAILABLE,(617) 495-1000,2,A,49569,MIDDLESEX,25017,USA,42.37417202,-71.11823411,611310,"COLLEGES, UNIVERSITIES, AND PROFESSIONAL SCHOOLS",https://nces.ed.gov/collegenavigator/?id=166027,12/31/09 0:00,IMAGERY,7/7/16 0:00,www.harvard.edu/,25,017,2,1,11,1,12,-2,-2,NOT AVAILABLE,15,5,11361,19030,30391,1,13694,19178,NOT AVAILABLE,-7916845.607,5217194.436
4296,153658,UNIVERSITY OF IOWA,101 JESSUP HALL,IOWA CITY,IA,52242,1316,(319) 335-3500,1,A,41273,JOHNSON,19103,USA,41.66069518,-91.535698,611310,"COLLEGES, UNIVERSITIES, AND PROFESSIONAL SCHOOLS",https://nces.ed.gov/collegenavigator/?id=153658,10/13/09 0:00,IMAGERY,7/7/16 0:00,www.uiowa.edu/,19,103,1,1,11,1,13,-2,-2,IOWA,15,5,5133,25185,30318,1,6660,10955,NOT AVAILABLE,-10189707.29,5110287.96
4636,199139,UNIVERSITY OF NORTH CAROLINA AT CHARLOTTE,9201 UNIVERSITY CITY BLVD,CHARLOTTE,NC,28223,0001,(704) 687-2000,1,A,34319,MECKLENBURG,37119,USA,35.30683411,-80.73579017,611310,"COLLEGES, UNIVERSITIES, AND PROFESSIONAL SCHOOLS",https://nces.ed.gov/collegenavigator/?id=199139,10/13/09 0:00,IMAGERY,11/3/15 0:00,https://www.uncc.edu/,37,119,1,1,11,1,11,-2,-2,UNC CHARLOTTE,16,5,6471,23675,30146,1,6039,4173,10817726,-8987467.05,4205657.248
5635,190150,COLUMBIA UNIVERSITY IN THE CITY OF NEW YORK,WEST 116 ST AND BROADWAY,NEW YORK,NY,10027,NOT AVAILABLE,(212) 854-1754,2,A,50996,NEW YORK,36061,USA,40.80828575,-73.96188511,611310,"COLLEGES, UNIVERSITIES, AND PROFESSIONAL SCHOOLS",https://nces.ed.gov/collegenavigator/?id=190150,10/13/09 0:00,IMAGERY/OTHER,6/13/16 0:00,www.columbia.edu/,36,061,2,3,11,1,11,-2,-2,COLUMBIA UNIVERSITY,15,5,6332,23803,30135,1,12459,20861,NOT AVAILABLE,-8233399.388,4984104.849
4637,199120,UNIVERSITY OF NORTH CAROLINA AT CHAPEL HILL,103 SOUTH BLDG CB 9100,CHAPEL HILL,NC,27599,NOT AVAILABLE,(919) 962-2211,1,A,44496,ORANGE,37135,USA,35.91216532,-79.05096942,611310,"COLLEGES, UNIVERSITIES, AND PROFESSIONAL SCHOOLS",https://nces.ed.gov/collegenavigator/?id=199120,10/13/09 0:00,IMAGERY/OTHER,11/4/15 0:00,www.unc.edu/,37,135,1,1,11,1,13,-2,-2,NOT AVAILABLE,15,5,4895,25197,30092,1,10093,14404,NOT AVAILABLE,-8799913.662,4288542.176
5539,110529,CALIFORNIA STATE POLYTECHNIC UNIVERSITY-POMONA,3801 W TEMPLE AVENUE,POMONA,CA,91768,NOT AVAILABLE,(909) 869-7659,1,A,32636,LOS ANGELES,06037,USA,34.05427317,-117.819019,611310,"COLLEGES, UNIVERSITIES, AND PROFESSIONAL SCHOOLS",https://nces.ed.gov/collegenavigator/?id=110529,10/13/09 0:00,IMAGERY,7/15/16 0:00,www.cpp.edu/,06,037,1,1,14,1,21,-2,-2,NOT AVAILABLE,18,5,4647,25367,30014,1,4131,2622,NOT AVAILABLE,-13115553.2,4036091.917
3616,157085,UNIVERSITY OF KENTUCKY,SOUTH LIMESTONE,LEXINGTON,KY,40506,0032,(859) 257-9000,1,A,42216,FAYETTE,21067,USA,38.028761,-84.502517,611310,"COLLEGES, UNIVERSITIES, AND PROFESSIONAL SCHOOLS",https://nces.ed.gov/collegenavigator/?id=157085,12/31/09 0:00,IMAGERY,11/9/15 0:00,www.uky.edu/,21,067,1,2,11,1,11,-2,-2,NOT AVAILABLE,15,5,3742,26244,29986,1,8210,12230,NOT AVAILABLE,-9406777.163,4583489.575
3528,182005,COLLEGE OF SOUTHERN NEVADA,6375 W. CHARLESTON BLVD.,LAS VEGAS,NV,89146,1164,(702) 651-5000,1,A,32365,CLARK,32003,USA,36.15844274,-115.2337841,611210,JUNIOR COLLEGES,https://nces.ed.gov/collegenavigator/?id=182005,10/13/09 0:00,IMAGERY,7/7/16 0:00,www.csn.edu/,32,003,1,3,30,1,11,-2,-2,CSN,14,5,20534,9431,29965,2,-999,2400,NOT AVAILABLE,-12827766.17,4322444.808
570,230782,WEBER STATE UNIVERSITY,3850 DIXON PARKWAY DR. DEPT. 1031,OGDEN,UT,84408,1031,(801) 626-6000,1,A,31688,WEBER,49057,USA,41.19258039,-111.9448396,611310,"COLLEGES, UNIVERSITIES, AND PROFESSIONAL SCHOOLS",https://nces.ed.gov/collegenavigator/?id=230782,10/13/09 0:00,IMAGERY,7/7/16 0:00,https://www.weber.edu/,49,057,1,3,13,1,13,-2,-2,WSU,18,5,17165,12431,29596,1,1001,2092,NOT AVAILABLE,-12461642.55,5040788.86
3792,105330,NORTHERN ARIZONA UNIVERSITY,"1900 S KNOLES DR, BABBITT ADMINISTRATIVE CENTER, ROOM 200",FLAGSTAFF,AZ,86011,4092,(928) 523-9011,1,A,33051,COCONINO,04005,USA,35.18887521,-111.6555591,611310,"COLLEGES, UNIVERSITIES, AND PROFESSIONAL SCHOOLS",https://nces.ed.gov/collegenavigator/?id=105330,12/31/09 0:00,IMAGERY,7/12/16 0:00,https://nau.edu/,04,005,1,1,11,1,13,-2,-2,NAU,16,5,6696,22870,29566,1,10144,3485,NOT AVAILABLE,-12429439.98,4189578.246
4239,454227,CHAMBERLAIN UNIVERSITY-ILLINOIS,1221 N. SWIFT ROAD,ADDISON,IL,60101,NOT AVAILABLE,(630) 953-3660,3,A,29481,DUPAGE,17043,USA,41.9497268,-88.0385579,611310,"COLLEGES, UNIVERSITIES, AND PROFESSIONAL SCHOOLS",https://nces.ed.gov/collegenavigator/?id=454227,10/13/09 0:00,IMAGERY,8/5/16 0:00,https://www.chamberlain.edu/,17,043,3,1,13,1,21,-2,-2,CHAMBERLAIN COLLEGE OF NURSING–ADDISON CHAMBERLAIN COLLEGE OF NURSING-CHICAGO CHAMBERLAIN COLLEGE OF NURSING-TINLEY PARK,26,5,25646,3835,29481,2,-999,-999,NOT AVAILABLE,-9800407.436,5153451.735
1230,151111,INDIANA UNIVERSITY-PURDUE UNIVERSITY-INDIANAPOLIS,420 UNIVERSITY BLVD,INDIANAPOLIS,IN,46202,5143,(317) 274-5555,1,A,38885,MARION,18097,USA,39.77294751,-86.17221719,611310,"COLLEGES, UNIVERSITIES, AND PROFESSIONAL SCHOOLS",https://nces.ed.gov/collegenavigator/?id=151111,10/13/09 0:00,IMAGERY,8/8/16 0:00,www.iupui.edu/,18,097,1,1,11,1,11,-2,-2,IUPUI,16,5,7133,22257,29390,1,2332,9495,NOT AVAILABLE,-9592647.338,4833002.28
375,234030,VIRGINIA COMMONWEALTH UNIVERSITY,910 W FRANKLIN ST,RICHMOND,VA,23284,2512,(804) 828-0100,1,A,36171,RICHMOND CITY,51760,USA,37.5476308,-77.45359716,611310,"COLLEGES, UNIVERSITIES, AND PROFESSIONAL SCHOOLS",https://nces.ed.gov/collegenavigator/?id=234030,10/13/09 0:00,IMAGERY/OTHER,7/7/16 0:00,https://www.vcu.edu/,51,760,1,1,11,1,12,-2,-2,VCU,15,5,5374,23696,29070,1,6234,7101,NOT AVAILABLE,-8622094.996,4515716.85
403,162928,JOHNS HOPKINS UNIVERSITY,3400 N CHARLES ST,BALTIMORE,MD,21218,2688,(410) 516-8000,2,A,48359,BALTIMORE CITY,24510,USA,39.32980761,-76.62072273,611310,"COLLEGES, UNIVERSITIES, AND PROFESSIONAL SCHOOLS",https://nces.ed.gov/collegenavigator/?id=162928,10/13/09 0:00,IMAGERY/OTHER,7/7/16 0:00,www.jhu.edu/,24,510,2,1,11,1,11,-2,-2,JOHNS HOPKINS,15,5,14238,14652,28890,1,2762,19469,NOT AVAILABLE,-8529379.838,4769024.393
5805,198464,EAST CAROLINA UNIVERSITY,EAST 5TH STREET,GREENVILLE,NC,27858,4353,(252) 328-6131,1,A,34648,PITT,37147,USA,35.606347,-77.366199,611310,"COLLEGES, UNIVERSITIES, AND PROFESSIONAL SCHOOLS",https://nces.ed.gov/collegenavigator/?id=198464,12/31/09 0:00,IMAGERY,6/3/16 0:00,www.ecu.edu/,37,147,1,3,11,1,13,-2,-2,ECU,16,5,7327,21471,28798,1,5640,5850,NOT AVAILABLE,-8612365.877,4246589.646
895,228787,THE UNIVERSITY OF TEXAS AT DALLAS,800 WEST CAMPBELL ROAD,RICHARDSON,TX,75080,3021,(972) 883-2111,1,A,32772,DALLAS,48113,USA,32.98949394,-96.748714,611310,"COLLEGES, UNIVERSITIES, AND PROFESSIONAL SCHOOLS",https://nces.ed.gov/collegenavigator/?id=228787,10/13/09 0:00,IMAGERY/OTHER,8/18/16 0:00,www.utdallas.edu/,48,113,1,3,11,1,12,-2,-2,UT DALLAS,15,5,5728,22941,28669,1,5543,4103,NOT AVAILABLE,-10770017.58,3893909.543
2327,119164,MT SAN ANTONIO COLLEGE,1100 N GRAND AVE,WALNUT,CA,91789,1399,(909) 274-7500,1,A,30125,LOS ANGELES,06037,USA,34.04619393,-117.845558,611210,JUNIOR COLLEGES,https://nces.ed.gov/collegenavigator/?id=119164,10/13/09 0:00,IMAGERY/OTHER,7/26/16 0:00,www.mtsac.edu/,06,037,4,1,40,1,21,-2,-2,MT. SAC,4,5,18515,9878,28393,2,-999,1732,NOT AVAILABLE,-13118507.51,4035006.43
1151,126827,COLORADO TECHNICAL UNIVERSITY-COLORADO SPRINGS,4435 N CHESTNUT STREET,COLORADO SPRINGS,CO,80907,3812,(719) 598-0200,3,A,30267,EL PASO,08041,USA,38.89426548,-104.8339281,611310,"COLLEGES, UNIVERSITIES, AND PROFESSIONAL SCHOOLS",https://nces.ed.gov/collegenavigator/?id=126827,10/13/09 0:00,IMAGERY,7/28/16 0:00,www.coloradotech.edu/Colorado-Springs,08,041,3,1,13,1,11,-2,-2,COLORADO TECH CTU,18,5,10166,18078,28244,2,-999,2023,NOT AVAILABLE,-11670059.5,4706537.307
4134,409315,SOUTH TEXAS COLLEGE,3201 W PECAN,MCALLEN,TX,78502,9701,(956) 872-8311,1,A,30440,HIDALGO,48215,USA,26.21759084,-98.25363445,611210,JUNIOR COLLEGES,https://nces.ed.gov/collegenavigator/?id=409315,10/13/09 0:00,IMAGERY/OTHER,7/7/16 0:00,https://www.southtexascollege.edu/,48,215,1,3,30,1,12,-2,-2,NOT AVAILABLE,14,5,19427,8806,28233,2,-999,2207,NOT AVAILABLE,-10937544.56,3026055.554
3521,207500,UNIVERSITY OF OKLAHOMA-NORMAN CAMPUS,660 PARRINGTON OVAL,NORMAN,OK,73019,3072,(405) 325-0311,1,A,33395,CLEVELAND,40027,USA,35.20806903,-97.44569235,611310,"COLLEGES, UNIVERSITIES, AND PROFESSIONAL SCHOOLS",https://nces.ed.gov/collegenavigator/?id=207500,10/13/09 0:00,IMAGERY,8/16/16 0:00,www.ou.edu/,40,027,1,3,11,1,22,-2,-2,UNIVERSITY OF OKLAHOMA|OKLAHOMA UNIVERSITY|OU|OKLAHOMA,15,5,5947,21825,27772,1,6165,5623,NOT AVAILABLE,-10847604.85,4192192.967
5461,230728,UTAH STATE UNIVERSITY,OLD MAIN HILL,LOGAN,UT,84322,1400,(435) 797-1000,1,A,31436,CACHE,49005,USA,41.740748,-111.81391,611310,"COLLEGES, UNIVERSITIES, AND PROFESSIONAL SCHOOLS",https://nces.ed.gov/collegenavigator/?id=230728,12/31/09 0:00,IMAGERY,8/11/16 0:00,www.usu.edu/,49,005,1,1,11,1,13,-2,-2,NOT AVAILABLE,16,5,9483,18208,27691,1,3095,3745,NOT AVAILABLE,-12447067.52,5122223.515
5384,202222,COLUMBUS STATE COMMUNITY COLLEGE,550 E SPRING ST,COLUMBUS,OH,43215,NOT AVAILABLE,(614) 287-5353,1,A,29945,FRANKLIN,39049,USA,39.96997635,-82.98765394,611210,JUNIOR COLLEGES,https://nces.ed.gov/collegenavigator/?id=202222,12/10/09 0:00,IMAGERY/OTHER,7/7/16 0:00,www.cscc.edu/,39,049,4,2,40,1,11,-2,-2,COLUMBUS STATE|CSCC|C-STATE,6,5,20957,6664,27621,2,-999,2324,10786724,-9238143.379,4861580.283
3833,106397,UNIVERSITY OF ARKANSAS,ADMINISTRATION BLDG 425,FAYETTEVILLE,AR,72701,NOT AVAILABLE,(479) 575-2000,1,A,32804,WASHINGTON,05143,USA,36.06564171,-94.17785232,611310,"COLLEGES, UNIVERSITIES, AND PROFESSIONAL SCHOOLS",https://nces.ed.gov/collegenavigator/?id=106397,12/31/09 0:00,IMAGERY,7/7/16 0:00,https://www.uark.edu/,05,143,1,3,11,1,13,-2,-2,UNIVERSITY OF ARKANSAS|ARKANSAS,15,5,5492,22070,27562,1,6232,5242,NOT AVAILABLE,-10483830.56,4309657.333
616,122597,SAN FRANCISCO STATE UNIVERSITY,1600 HOLLOWAY AVE,SAN FRANCISCO,CA,94132,NOT AVAILABLE,(415) 338-1111,1,A,30596,SAN FRANCISCO,06075,USA,37.72134502,-122.4779048,611310,"COLLEGES, UNIVERSITIES, AND PROFESSIONAL SCHOOLS",https://nces.ed.gov/collegenavigator/?id=122597,10/13/09 0:00,IMAGERY,7/7/16 0:00,www.sfsu.edu/,06,075,1,3,11,1,11,-2,-2,NOT AVAILABLE,17,5,5330,22019,27349,1,4416,3247,NOT AVAILABLE,-13634178,4540135.654
3798,230746,SALT LAKE COMMUNITY COLLEGE,4600 S REDWOOD RD,SALT LAKE CITY,UT,84123,NOT AVAILABLE,(801) 957-4111,1,A,30721,SALT LAKE,49035,USA,40.67157489,-111.9428094,611210,JUNIOR COLLEGES,https://nces.ed.gov/collegenavigator/?id=230746,10/13/09 0:00,IMAGERY/OTHER,7/7/16 0:00,www.slcc.edu/,49,035,4,1,40,1,21,-2,-2,NOT AVAILABLE,2,5,20433,6860,27293,2,-999,3428,NOT AVAILABLE,-12461416.54,4964019.063
5969,129020,UNIVERSITY OF CONNECTICUT,352 MANSFIELD ROAD,STORRS,CT,06269,NOT AVAILABLE,(860) 486-2000,1,A,37449,TOLLAND,09013,USA,41.807658,-72.256961,611310,"COLLEGES, UNIVERSITIES, AND PROFESSIONAL SCHOOLS",https://nces.ed.gov/collegenavigator/?id=129020,12/31/09 0:00,IMAGERY,7/7/16 0:00,uconn.edu/,09,013,1,3,11,1,21,-2,-2,NOT AVAILABLE,15,5,3501,23714,27215,1,12040,10234,10784318,-8043608.105,5132210.948
3328,131469,GEORGE WASHINGTON UNIVERSITY,"1918 F STREET, NW",WASHINGTON,DC,20052,NOT AVAILABLE,(202) 994-1000,2,A,33278,DISTRICT OF COLUMBIA,11001,USA,38.8990964,-77.04627687,611310,"COLLEGES, UNIVERSITIES, AND PROFESSIONAL SCHOOLS",https://nces.ed.gov/collegenavigator/?id=131469,10/13/09 0:00,IMAGERY/OTHER,7/7/16 0:00,https://www.gwu.edu/,11,001,2,1,11,1,11,-2,-2,GWU|GW,15,5,9515,17502,27017,1,7181,6261,NOT AVAILABLE,-8576752.309,4707228.287
5430,139931,GEORGIA SOUTHERN UNIVERSITY,1332 SOUTHERN DRIVE,STATESBORO,GA,30460,8126,(912) 478-5391,1,A,30116,BULLOCH,13031,USA,32.41985357,-81.77993606,611310,"COLLEGES, UNIVERSITIES, AND PROFESSIONAL SCHOOLS",https://nces.ed.gov/collegenavigator/?id=139931,12/31/09 0:00,IMAGERY/OTHER,1/29/20 0:00,www.georgiasouthern.edu/,13,031,1,2,11,1,32,-2,-2,NOT AVAILABLE,17,5,6096,20853,26949,1,5974,3167,NOT AVAILABLE,-9103700.839,3818549.992
1854,203517,KENT STATE UNIVERSITY AT KENT,"EXECUTIVE OFFICE, 2ND FLOOR LIBRARY",KENT,OH,44242,0001,(330) 672-3000,1,A,30612,PORTAGE,39133,USA,41.151603,-81.337128,611310,"COLLEGES, UNIVERSITIES, AND PROFESSIONAL SCHOOLS",https://nces.ed.gov/collegenavigator/?id=203517,12/31/09 0:00,IMAGERY,8/11/16 0:00,www.kent.edu/,39,133,1,2,11,1,21,-2,-2,NOT AVAILABLE,16,5,6628,20194,26822,1,5795,3790,NOT AVAILABLE,-9054407.672,5034728.854
310,196097,STONY BROOK UNIVERSITY,310 ADMINISTRATION BUILDING,STONY BROOK,NY,11794,0701,(631) 632-6000,1,A,32161,SUFFOLK,36103,USA,40.91554,-73.12112,611310,"COLLEGES, UNIVERSITIES, AND PROFESSIONAL SCHOOLS",https://nces.ed.gov/collegenavigator/?id=196097,12/31/09 0:00,IMAGERY,7/7/16 0:00,https://www.stonybrook.edu/,36,103,1,3,11,1,21,-2,-2,SUNY STONY BROOK STATE UNIVERSITY OF NEW YORK AT STONY BROOK,15,5,4797,21985,26782,1,10474,5379,NOT AVAILABLE,-8139805.845,4999891.804
2329,110592,CALIFORNIA STATE UNIVERSITY-LOS ANGELES,5151 STATE UNIVERSITY DR,LOS ANGELES,CA,90032,8506,(323) 343-3000,1,A,29389,LOS ANGELES,06037,USA,34.06692687,-118.1689654,611310,"COLLEGES, UNIVERSITIES, AND PROFESSIONAL SCHOOLS",https://nces.ed.gov/collegenavigator/?id=110592,10/13/09 0:00,IMAGERY/OTHER,7/26/16 0:00,www.calstatela.edu/,06,037,1,1,12,1,11,-2,-2,CAL STATE LA,18,5,4794,21951,26745,1,1060,2644,NOT AVAILABLE,-13154509.05,4037792.213
181,155317,UNIVERSITY OF KANSAS,"STRONG HALL, 1450 JAYHAWK BLVD, ROOM 230",LAWRENCE,KS,66045,NOT AVAILABLE,(785) 864-2700,1,A,35685,DOUGLAS,20045,USA,38.956474,-95.258651,611310,"COLLEGES, UNIVERSITIES, AND PROFESSIONAL SCHOOLS",https://nces.ed.gov/collegenavigator/?id=155317,12/31/09 0:00,IMAGERY,7/7/16 0:00,https://ku.edu/,20,045,1,2,11,1,13,-2,-2,"UNIVERSITY OF KANSAS | UNIV OF KANSAS | KANSAS UNIVERSITY | KU | KANSAS JAYHAWKS | UNIV OF KS |UNIVERSITY OF KS | KANSAS UNIV | KANSAS U, KUMC, UNIVERSITY OF KANSAS MEDICAL CENTER, KU MEDICAL CENTER, KANSAS UNIVERSITY MEDICAL CENTER",15,5,4928,21816,26744,1,5573,8941,NOT AVAILABLE,-10604144.52,4715438.763
154,136358,PALM BEACH STATE COLLEGE,4200 CONGRESS AVE,LAKE WORTH,FL,33461,4796,(561) 967-7222,1,A,28781,PALM BEACH,12099,USA,26.61321375,-80.08710436,611210,JUNIOR COLLEGES,https://nces.ed.gov/collegenavigator/?id=136358,10/13/09 0:00,IMAGERY/OTHER,7/7/16 0:00,www.palmbeachstate.edu/,12,099,1,1,30,1,21,-2,-2,NOT AVAILABLE,14,5,18759,7907,26666,2,-999,2115,10783096,-8915255.676,3075230.472
4031,215062,UNIVERSITY OF PENNSYLVANIA,34TH & SPRUCE STREET,PHILADELPHIA,PA,19104,6303,(215) 898-5000,2,A,46008,PHILADELPHIA,42101,USA,39.95100193,-75.19361788,611310,"COLLEGES, UNIVERSITIES, AND PROFESSIONAL SCHOOLS",https://nces.ed.gov/collegenavigator/?id=215062,12/31/09 0:00,IMAGERY/OTHER,8/22/16 0:00,www.upenn.edu/,42,101,2,2,11,1,11,-2,-2,"PENN, U OF PA, U-PENN, U OF P, PENNSYLVANIA, UPENN, PENNSYLVANIA UNIVERSITY, UNIVERSITY OF PENNSYLVANIA, WHARTON, WHARTON SCHOOL OF BUSINESS",15,5,4767,21785,26552,1,6400,19456,NOT AVAILABLE,-8370515.253,4858824.567
4260,110671,UNIVERSITY OF CALIFORNIA-RIVERSIDE,900 UNIVERSITY AVE,RIVERSIDE,CA,92521,NOT AVAILABLE,(951) 827-1012,1,A,30913,RIVERSIDE,06065,USA,33.9745475,-117.3287661,611310,"COLLEGES, UNIVERSITIES, AND PROFESSIONAL SCHOOLS",https://nces.ed.gov/collegenavigator/?id=110671,10/13/09 0:00,IMAGERY/OTHER,7/15/16 0:00,www.ucr.edu/,06,065,1,1,11,1,11,-2,-2,UC RIVERSIDE,15,5,968,25466,26434,1,7400,4479,NOT AVAILABLE,-13060978.5,4025384.889
3414,137078,ST PETERSBURG COLLEGE,6021 142ND AVE N,CLEARWATER,FL,33760,2822,(727) 341-4772,1,A,29046,PINELLAS,12103,USA,27.9655427,-82.73682082,611310,"COLLEGES, UNIVERSITIES, AND PROFESSIONAL SCHOOLS",https://nces.ed.gov/collegenavigator/?id=137078,10/13/09 0:00,IMAGERY/OTHER,4/2/19 0:00,www.spcollege.edu/,12,103,1,2,30,1,13,-2,-2,"SPC, SAINT PETERSBURG COLLEGE, ST. PETERSBURG COLLEGE",23,5,18278,8152,26430,2,-999,2616,NOT AVAILABLE,-9210220.763,3244630.207
3751,217882,CLEMSON UNIVERSITY,201 SIKES HALL,CLEMSON,SC,29634,NOT AVAILABLE,(864) 656-4636,1,A,31991,PICKENS,45077,USA,34.677329,-82.834463,611310,"COLLEGES, UNIVERSITIES, AND PROFESSIONAL SCHOOLS",https://nces.ed.gov/collegenavigator/?id=217882,12/31/09 0:00,IMAGERY,8/24/16 0:00,www.clemson.edu/,45,077,1,2,12,1,21,-2,-2,NOT AVAILABLE,15,5,3436,22970,26406,1,7600,5585,NOT AVAILABLE,-9221090.241,4120117.444
2230,238032,WEST VIRGINIA UNIVERSITY,PO BOX 6201,MORGANTOWN,WV,26506,NOT AVAILABLE,(304) 293-0111,1,A,32612,MONONGALIA,54061,USA,39.63468,-79.953926,611310,"COLLEGES, UNIVERSITIES, AND PROFESSIONAL SCHOOLS",https://nces.ed.gov/collegenavigator/?id=238032,12/31/09 0:00,IMAGERY,7/28/16 0:00,www.wvu.edu/,54,061,1,3,11,1,13,-2,-2,NOT AVAILABLE,15,5,3327,22942,26269,1,5261,6343,NOT AVAILABLE,-8900430.329,4812996.123
1006,172644,WAYNE STATE UNIVERSITY,656 WEST KIRBY STREET,DETROIT,MI,48202,NOT AVAILABLE,(313) 577-2424,1,A,32539,WAYNE,26163,USA,42.35861,-83.072864,611310,"COLLEGES, UNIVERSITIES, AND PROFESSIONAL SCHOOLS",https://nces.ed.gov/collegenavigator/?id=172644,12/31/09 0:00,IMAGERY,10/23/15 0:00,www.wayne.edu/,26,163,1,1,11,1,11,-2,-2,WSU,15,5,7410,18831,26241,1,3197,6298,NOT AVAILABLE,-9247628.919,5214849.773
1070,110705,UNIVERSITY OF CALIFORNIA-SANTA BARBARA,5221 CHEADLE HALL,SANTA BARBARA,CA,93106,NOT AVAILABLE,(805) 893-8000,1,A,31335,SANTA BARBARA,06083,USA,34.412344,-119.851493,611310,"COLLEGES, UNIVERSITIES, AND PROFESSIONAL SCHOOLS",https://nces.ed.gov/collegenavigator/?id=110705,12/31/09 0:00,IMAGERY,7/15/16 0:00,www.ucsb.edu/,06,083,1,2,12,1,22,-2,-2,UCSB UC SANTA BARBARA,15,5,925,25254,26179,1,9665,5156,NOT AVAILABLE,-13341807.17,4084305.053
557,224642,EL PASO COMMUNITY COLLEGE,9050 VISCOUNT BLVD,EL PASO,TX,79925,6507,(915) 831-2000,1,A,28306,EL PASO,48141,USA,31.77166222,-106.3709534,611210,JUNIOR COLLEGES,https://nces.ed.gov/collegenavigator/?id=224642,10/13/09 0:00,IMAGERY/OTHER,4/11/19 0:00,www.epcc.edu/,48,141,4,3,40,1,11,-2,-2,NOT AVAILABLE,1,5,18411,7623,26034,2,-999,2272,10779511,-11841160.37,3733374.924
5114,242972,NUC UNIVERSITY,CARR. #2 EDIFICIO NATIONAL COLLEGE PLAZA,BAYAMON,PR,00960,NOT AVAILABLE,(787) 982-3000 EXT 1140,3,A,28719,BAYAMÓN,72021,PRI,18.396871,-66.156969,611310,"COLLEGES, UNIVERSITIES, AND PROFESSIONAL SCHOOLS",https://nces.ed.gov/collegenavigator/?id=242972,12/31/09 0:00,IMAGERY/OTHER,1/30/19 0:00,www.nuc.edu/,72,021,3,1,20,1,12,-2,-2,NOT AVAILABLE,26,5,21868,4131,25999,2,-999,2720,NOT AVAILABLE,-7364560.102,2084054.322
2438,122977,SANTA MONICA COLLEGE,1900 PICO BLVD,SANTA MONICA,CA,90405,1628,(310) 434-4000,1,A,27716,LOS ANGELES,06037,USA,34.01702071,-118.471205,611210,JUNIOR COLLEGES,https://nces.ed.gov/collegenavigator/?id=122977,10/13/09 0:00,IMAGERY/OTHER,7/22/16 0:00,www.smc.edu/,06,037,1,1,30,1,13,-2,-2,SMC,1,5,15943,10005,25948,2,-999,1768,NOT AVAILABLE,-13188154.22,4031087.721
2203,204857,OHIO UNIVERSITY-MAIN CAMPUS,020 CHUBB HALL,ATHENS,OH,45701,2979,(740) 593-1000,1,A,29401,ATHENS,39009,USA,39.323839,-82.103503,611310,"COLLEGES, UNIVERSITIES, AND PROFESSIONAL SCHOOLS",https://nces.ed.gov/collegenavigator/?id=204857,12/31/09 0:00,IMAGERY,8/12/16 0:00,https://www.ohio.edu/,39,009,1,3,11,1,32,-2,-2,NOT AVAILABLE,16,5,7971,17743,25714,1,7322,3687,NOT AVAILABLE,-9139720.146,4768165.46
2223,234076,UNIVERSITY OF VIRGINIA-MAIN CAMPUS,1827 UNIVERSITY AVENUE,CHARLOTTESVILLE,VA,22903,2628,(434) 924-0311,1,A,35689,ALBEMARLE,51003,USA,38.033977,-78.511845,611310,"COLLEGES, UNIVERSITIES, AND PROFESSIONAL SCHOOLS",https://nces.ed.gov/collegenavigator/?id=234076,12/31/09 0:00,IMAGERY,8/5/16 0:00,https://www.virginia.edu/,51,003,1,1,11,1,23,-2,-2,UNIVERSITY OF VIRGINIA UVA UVA,15,5,2777,22851,25628,1,7607,10061,NOT AVAILABLE,-8739898.607,4584226.736
2297,110556,CALIFORNIA STATE UNIVERSITY-FRESNO,5241 N MAPLE AVE,FRESNO,CA,93740,NOT AVAILABLE,(559) 278-4240,1,A,27985,FRESNO,06019,USA,36.81447737,-119.7482579,611310,"COLLEGES, UNIVERSITIES, AND PROFESSIONAL SCHOOLS",https://nces.ed.gov/collegenavigator/?id=110556,10/13/09 0:00,IMAGERY,7/15/16 0:00,www.fresnostate.edu/,06,019,1,2,13,1,11,-2,-2,NOT AVAILABLE,17,5,4284,21213,25497,1,1139,2488,NOT AVAILABLE,-13330315.1,4413278.777
5594,109208,AMERICAN RIVER COLLEGE,4700 COLLEGE OAK DR,SACRAMENTO,CA,95841,4286,(916) 484-8011,1,A,26654,SACRAMENTO,06067,USA,38.6497342,-121.346012,611210,JUNIOR COLLEGES,https://nces.ed.gov/collegenavigator/?id=109208,12/10/09 0:00,IMAGERY/OTHER,7/26/16 0:00,https://www.arc.losrios.edu/,06,067,4,2,40,1,21,-2,-2,AMERICAN RIVER | ARC,1,5,20433,4989,25422,2,-999,1232,NOT AVAILABLE,-13508176.27,4671622.471
1812,181464,UNIVERSITY OF NEBRASKA-LINCOLN,1400 R STREET,LINCOLN,NE,68588,0419,(402) 472-7211,1,A,31540,LANCASTER,31109,USA,40.82178693,-96.70066318,611310,"COLLEGES, UNIVERSITIES, AND PROFESSIONAL SCHOOLS",https://nces.ed.gov/collegenavigator/?id=181464,10/13/09 0:00,IMAGERY,11/4/15 0:00,www.unl.edu/,31,109,1,3,11,1,11,-2,-2,NOT AVAILABLE,15,5,3574,21534,25108,1,6899,6432,NOT AVAILABLE,-10764668.58,4986090.707
5569,121044,PASADENA CITY COLLEGE,1570 E COLORADO BLVD.,PASADENA,CA,91106,2003,(626) 585-7123,1,A,26551,LOS ANGELES,06037,USA,34.14455232,-118.1181962,611210,JUNIOR COLLEGES,https://nces.ed.gov/collegenavigator/?id=121044,10/13/09 0:00,IMAGERY/OTHER,7/26/16 0:00,pasadena.edu/,06,037,4,1,40,1,12,-2,-2,NOT AVAILABLE,1,5,15607,9427,25034,2,-999,1517,NOT AVAILABLE,-13148857.46,4048228.425
2463,109819,BAKERSFIELD COLLEGE,1801 PANORAMA DR,BAKERSFIELD,CA,93305,1299,(661) 395-4011,1,A,25966,KERN,06029,USA,35.40892499,-118.9716825,611210,JUNIOR COLLEGES,https://nces.ed.gov/collegenavigator/?id=109819,10/13/09 0:00,IMAGERY/OTHER,7/25/16 0:00,www.bakersfieldcollege.edu/,06,029,1,1,30,1,11,-2,-2,NOT AVAILABLE,4,5,17515,7388,24903,2,-999,1063,NOT AVAILABLE,-13243867.12,4219592.212
5787,228796,THE UNIVERSITY OF TEXAS AT EL PASO,500 W. UNIVERSITY AVE,EL PASO,TX,79968,0691,(915) 747-5000,1,A,27843,EL PASO,48141,USA,31.77169722,-106.5035597,611310,"COLLEGES, UNIVERSITIES, AND PROFESSIONAL SCHOOLS",https://nces.ed.gov/collegenavigator/?id=228796,10/13/09 0:00,IMAGERY,8/23/16 0:00,www.utep.edu/,48,141,1,3,11,1,11,-2,-2,UTEP,16,5,8723,16156,24879,1,988,2964,NOT AVAILABLE,-11855922.03,3733379.507
5559,126562,UNIVERSITY OF COLORADO DENVER/ANSCHUTZ MEDICAL CAMPUS,"1380 LAWRENCE STREET, LAWRENCE STREET CENTER, SUITE 1400",DENVER,CO,80217,3364,(303) 556-5600,1,A,37536,ADAMS,08001,USA,39.74521411,-104.8393446,611310,"COLLEGES, UNIVERSITIES, AND PROFESSIONAL SCHOOLS",https://nces.ed.gov/collegenavigator/?id=126562,12/31/09 0:00,IMAGERY,7/28/16 0:00,www.ucdenver.edu/,08,001,1,2,11,1,11,-2,-2,UNIVERSITY OF COLORADO DENVER UNIVERSITY OF COLORADO ANSCHUTZ MEDICAL CAMPUS UCD,16,5,11893,12830,24723,1,722,12813,NOT AVAILABLE,-11670662.46,4828986.272
1189,134237,FULL SAIL UNIVERSITY,3300 UNIVERSITY BLVD,WINTER PARK,FL,32792,7429,(407) 679-0100,3,A,26899,ORANGE,12095,USA,28.59654567,-81.30128616,611310,"COLLEGES, UNIVERSITIES, AND PROFESSIONAL SCHOOLS",https://nces.ed.gov/collegenavigator/?id=134237,10/13/09 0:00,IMAGERY,6/8/16 0:00,www.fullsail.edu/,12,095,3,1,20,1,21,-2,-2,NOT AVAILABLE,18,5,-999,24627,24627,2,-999,2272,NOT AVAILABLE,-9050417.776,3324394.873
751,240453,UNIVERSITY OF WISCONSIN-MILWAUKEE,2200 E KENWOOD BLVD,MILWAUKEE,WI,53211,NOT AVAILABLE,(414) 229-1122,1,A,28132,MILWAUKEE,55079,USA,43.07684762,-87.88048801,611310,"COLLEGES, UNIVERSITIES, AND PROFESSIONAL SCHOOLS",https://nces.ed.gov/collegenavigator/?id=240453,12/10/09 0:00,IMAGERY/OTHER,7/29/16 0:00,uwm.edu/,55,079,1,1,11,1,11,-2,-2,UWM,15,5,5300,19265,24565,1,3637,3567,NOT AVAILABLE,-9782811.176,5323676.163
5338,207388,OKLAHOMA STATE UNIVERSITY-MAIN CAMPUS,107 WHITEHURST,STILLWATER,OK,74078,1015,(405) 744-5000,1,A,30037,PAYNE,40119,USA,36.12308498,-97.0697431,611310,"COLLEGES, UNIVERSITIES, AND PROFESSIONAL SCHOOLS",https://nces.ed.gov/collegenavigator/?id=207388,10/13/09 0:00,IMAGERY/OTHER,8/18/16 0:00,www.okstate.edu/,40,119,1,1,11,1,32,-2,-2,NOT AVAILABLE,16,5,5271,19264,24535,1,6286,5502,NOT AVAILABLE,-10805754.37,4317570.919
3597,232982,OLD DOMINION UNIVERSITY,5115 HAMPTON BLVD,NORFOLK,VA,23529,NOT AVAILABLE,(757) 683-3000,1,A,27526,NORFOLK CITY,51710,USA,36.88491912,-76.30965259,611310,"COLLEGES, UNIVERSITIES, AND PROFESSIONAL SCHOOLS",https://nces.ed.gov/collegenavigator/?id=232982,10/13/09 0:00,IMAGERY/OTHER,7/7/16 0:00,www.odu.edu/,51,710,1,1,11,1,12,-2,-2,"ODU, OLD DOMINION",16,5,7881,16405,24286,1,4985,3240,NOT AVAILABLE,-8494751.669,4423078.113
1080,142115,BOISE STATE UNIVERSITY,1910 UNIVERSITY DR,BOISE,ID,83725,NOT AVAILABLE,(208) 426-1000,1,A,27272,ADA,16001,USA,43.60440317,-116.2057889,611310,"COLLEGES, UNIVERSITIES, AND PROFESSIONAL SCHOOLS",https://nces.ed.gov/collegenavigator/?id=142115,10/13/09 0:00,IMAGERY,7/26/16 0:00,https://www.boisestate.edu/,16,001,1,1,11,1,12,-2,-2,BOISE STATE,17,5,9848,14221,24069,1,3158,3203,NOT AVAILABLE,-12935969.25,5404425.37
3599,190594,CUNY HUNTER COLLEGE,695 PARK AVE,NEW YORK,NY,10065,NOT AVAILABLE,(212) 772-4000,1,A,27203,NEW YORK,36061,USA,40.76866874,-73.96479536,611310,"COLLEGES, UNIVERSITIES, AND PROFESSIONAL SCHOOLS",https://nces.ed.gov/collegenavigator/?id=190594,10/13/09 0:00,IMAGERY/OTHER,7/7/16 0:00,www.hunter.cuny.edu/,36,061,1,1,11,1,11,-2,-2,HUNTER | HUNTER COLLEGE,18,5,8560,15492,24052,1,650,3151,NOT AVAILABLE,-8233723.356,4978280.003
3634,209807,PORTLAND STATE UNIVERSITY,724 SW HARRISON,PORTLAND,OR,97201,NOT AVAILABLE,(503) 725-3000,1,A,26783,MULTNOMAH,41051,USA,45.51169772,-122.6841972,611310,"COLLEGES, UNIVERSITIES, AND PROFESSIONAL SCHOOLS",https://nces.ed.gov/collegenavigator/?id=209807,12/10/09 0:00,IMAGERY/OTHER,8/18/16 0:00,www.pdx.edu/,41,051,1,1,12,1,11,-2,-2,NOT AVAILABLE,16,5,8573,15067,23640,1,2166,3143,10783959,-13657142.36,5702440.776
4537,190415,CORNELL UNIVERSITY,300 DAY HALL,ITHACA,NY,14853,NOT AVAILABLE,(607) 255-2000,2,A,34682,TOMPKINS,36109,USA,42.448713,-76.476535,611310,"COLLEGES, UNIVERSITIES, AND PROFESSIONAL SCHOOLS",https://nces.ed.gov/collegenavigator/?id=190415,12/31/09 0:00,IMAGERY,6/3/16 0:00,www.cornell.edu/,36,109,2,1,11,1,13,-2,-2,NOT AVAILABLE,15,5,645,22975,23620,1,7135,11062,NOT AVAILABLE,-8513328.934,5228433.273
939,130943,UNIVERSITY OF DELAWARE,104 HULLIHEN HALL,NEWARK,DE,19716,NOT AVAILABLE,(302) 831-2000,1,A,28522,NEW CASTLE,10003,USA,39.678028,-75.752833,611310,"COLLEGES, UNIVERSITIES, AND PROFESSIONAL SCHOOLS",https://nces.ed.gov/collegenavigator/?id=130943,12/31/09 0:00,IMAGERY,11/10/15 0:00,www.udel.edu/,10,003,1,2,11,1,21,-2,-2,UD,15,5,2429,21184,23613,1,6886,4909,NOT AVAILABLE,-8432766.796,4819263.905
3998,212054,DREXEL UNIVERSITY,3141 CHESTNUT ST,PHILADELPHIA,PA,19104,NOT AVAILABLE,(215) 895-2000,2,A,28508,PHILADELPHIA,42101,USA,39.95485501,-75.18874474,611310,"COLLEGES, UNIVERSITIES, AND PROFESSIONAL SCHOOLS",https://nces.ed.gov/collegenavigator/?id=212054,12/10/09 0:00,IMAGERY/OTHER,8/24/16 0:00,https://drexel.edu/,42,101,2,3,11,1,11,-2,-2,DREXEL,16,5,6100,17489,23589,1,4167,4919,NOT AVAILABLE,-8369972.778,4859384.099
4514,179566,MISSOURI STATE UNIVERSITY-SPRINGFIELD,901 S NATIONAL AVENUE,SPRINGFIELD,MO,65897,NOT AVAILABLE,(417) 836-5000,1,A,26289,GREENE,29077,USA,37.19798324,-93.2768213,611310,"COLLEGES, UNIVERSITIES, AND PROFESSIONAL SCHOOLS",https://nces.ed.gov/collegenavigator/?id=179566,10/13/09 0:00,IMAGERY,6/10/16 0:00,www.missouristate.edu/,29,077,1,1,13,1,12,-2,-2,NOT AVAILABLE,18,5,8675,14830,23505,1,3490,2784,NOT AVAILABLE,-10383528.25,4466739.144
3989,170082,GRAND VALLEY STATE UNIVERSITY,1 CAMPUS DR,ALLENDALE,MI,49401,9403,(616) 331-2020,1,A,26284,OTTAWA,26139,USA,42.96520807,-85.88751859,611310,"COLLEGES, UNIVERSITIES, AND PROFESSIONAL SCHOOLS",https://nces.ed.gov/collegenavigator/?id=170082,10/13/09 0:00,IMAGERY,7/7/16 0:00,www.gvsu.edu/,26,139,1,2,13,1,21,-2,-2,GRAND VALLEY|GVSU|GRAND VALLEY STATE|,18,5,3891,19459,23350,1,6012,2934,NOT AVAILABLE,-9560954.835,5306677.659
612,117645,LONG BEACH CITY COLLEGE,4901 E. CARSON ST.,LONG BEACH,CA,90808,1706,(562) 938-4111,1,A,24729,LOS ANGELES,06037,USA,33.83174135,-118.1358193,611210,JUNIOR COLLEGES,https://nces.ed.gov/collegenavigator/?id=117645,10/13/09 0:00,IMAGERY,7/7/16 0:00,www.lbcc.edu/,06,037,4,3,40,1,11,-2,-2,NOT AVAILABLE,7,5,13799,9348,23147,2,-999,1582,10822665,-13150819.25,4006231.314
3425,153214,DES MOINES AREA COMMUNITY COLLEGE,2006 ANKENY BLVD,ANKENY,IA,50023,3993,(515) 964-6200,1,A,24575,POLK,19153,USA,41.707348,-93.611597,611210,JUNIOR COLLEGES,https://nces.ed.gov/collegenavigator/?id=153214,12/31/09 0:00,IMAGERY,7/7/16 0:00,www.dmacc.edu/,19,153,4,1,40,1,21,-2,-2,DMACC,6,5,17348,5703,23051,1,224,1524,10812996,-10420795.31,5117241.902
4358,176080,MISSISSIPPI STATE UNIVERSITY,LEE BOULEVARD,MISSISSIPPI STATE,MS,39762,NOT AVAILABLE,(662) 325-2323,1,A,28202,OKTIBBEHA,28105,USA,33.451697,-88.790826,611310,"COLLEGES, UNIVERSITIES, AND PROFESSIONAL SCHOOLS",https://nces.ed.gov/collegenavigator/?id=176080,12/31/09 0:00,IMAGERY,6/2/16 0:00,https://www.msstate.edu/,28,105,1,1,11,1,33,-2,-2,NOT AVAILABLE,16,5,3908,19078,22986,1,5333,5216,NOT AVAILABLE,-9884149.537,3955413.812
3463,167358,NORTHEASTERN UNIVERSITY,360 HUNTINGTON AVE,BOSTON,MA,02115,5005,(617) 373-2000,2,A,27955,SUFFOLK,25025,USA,42.34018276,-71.08806856,611310,"COLLEGES, UNIVERSITIES, AND PROFESSIONAL SCHOOLS",https://nces.ed.gov/collegenavigator/?id=167358,10/13/09 0:00,IMAGERY,7/7/16 0:00,www.northeastern.edu/,25,025,2,2,11,1,11,-2,-2,NOT AVAILABLE,15,5,857,22048,22905,1,10011,5050,NOT AVAILABLE,-7913487.594,5212074.17
2153,209746,PORTLAND COMMUNITY COLLEGE,12000 SW 49TH AVENUE,PORTLAND,OR,97219,7132,(971) 722-6111,1,A,25631,MULTNOMAH,41051,USA,45.43838242,-122.7320225,611210,JUNIOR COLLEGES,https://nces.ed.gov/collegenavigator/?id=209746,12/10/09 0:00,IMAGERY/OTHER,7/7/16 0:00,www.pcc.edu/,41,051,4,3,40,1,11,-2,-2,NOT AVAILABLE,5,5,14018,8886,22904,2,-999,2727,10778286,-13662466.25,5690801.882
2348,147767,NORTHWESTERN UNIVERSITY,633 CLARK ST,EVANSTON,IL,60208,NOT AVAILABLE,(847) 491-3741,2,A,33041,COOK,17031,USA,42.05837717,-87.67365284,611310,"COLLEGES, UNIVERSITIES, AND PROFESSIONAL SCHOOLS",https://nces.ed.gov/collegenavigator/?id=147767,10/13/09 0:00,IMAGERY,8/5/16 0:00,www.northwestern.edu/,17,031,2,3,11,1,13,-2,-2,NOT AVAILABLE,15,5,4867,17736,22603,1,4114,10438,NOT AVAILABLE,-9759786.39,5169728.076
1467,366395,SUFFOLK COUNTY COMMUNITY COLLEGE,533 COLLEGE RD,SELDEN,NY,11784,2899,(631) 451-4110,1,A,24716,SUFFOLK,36103,USA,40.84896299,-73.05616541,611210,JUNIOR COLLEGES,https://nces.ed.gov/collegenavigator/?id=366395,12/10/09 0:00,IMAGERY,7/7/16 0:00,https://www.sunysuffolk.edu/,36,103,4,2,40,1,21,-2,-2,NOT AVAILABLE,1,5,11459,11111,22570,2,-999,2146,NOT AVAILABLE,-8132575.132,4990089.2
5133,100663,UNIVERSITY OF ALABAMA AT BIRMINGHAM,ADMINISTRATION BLDG SUITE 1070,BIRMINGHAM,AL,35294,0110,(205) 934-4011,1,A,32656,JEFFERSON,01073,USA,33.50223,-86.80917,611310,"COLLEGES, UNIVERSITIES, AND PROFESSIONAL SCHOOLS",https://nces.ed.gov/collegenavigator/?id=100663,12/31/09 0:00,IMAGERY,7/7/16 0:00,https://www.uab.edu/,01,073,1,1,11,1,12,-2,-2,NOT AVAILABLE,15,5,7683,14880,22563,1,2882,10093,NOT AVAILABLE,-9663552.601,3962157.915
2943,190521,CUNY BOROUGH OF MANHATTAN COMMUNITY COLLEGE,199 CHAMBERS ST,NEW YORK,NY,10007,NOT AVAILABLE,(212) 220-8000,1,A,25263,NEW YORK,36061,USA,40.7187896,-74.01182622,611210,JUNIOR COLLEGES,https://nces.ed.gov/collegenavigator/?id=190521,10/13/09 0:00,IMAGERY/OTHER,7/1/16 0:00,www.bmcc.cuny.edu/,36,061,4,1,40,1,11,-2,-2,BMCC | BOROUGH OF MANHATTAN CC | BOROUGH OF MANHATTAN COMMUNITY COLLEGE,1,5,7027,15469,22496,2,-999,2767,NOT AVAILABLE,-8238958.807,4970951.262
1065,110422,CALIFORNIA POLYTECHNIC STATE UNIVERSITY-SAN LUIS OBISPO,1 GRAND AVE.,SAN LUIS OBISPO,CA,93407,NOT AVAILABLE,(805) 756-1111,1,A,25254,SAN LUIS OBISPO,06079,USA,35.30237596,-120.6615969,611310,"COLLEGES, UNIVERSITIES, AND PROFESSIONAL SCHOOLS",https://nces.ed.gov/collegenavigator/?id=110422,10/13/09 0:00,IMAGERY/OTHER,7/15/16 0:00,calpoly.edu/,06,079,1,1,20,1,23,-2,-2,CAL POLY,18,5,1517,20923,22440,1,7764,2814,NOT AVAILABLE,-13431987.52,4205049.131
147,133702,FLORIDA STATE COLLEGE AT JACKSONVILLE,501 W STATE ST,JACKSONVILLE,FL,32202,NOT AVAILABLE,(904) 633-8100,1,A,24422,DUVAL,12031,USA,30.33491807,-81.65990144,611210,JUNIOR COLLEGES,https://nces.ed.gov/collegenavigator/?id=133702,12/10/09 0:00,IMAGERY/OTHER,7/7/16 0:00,www.fscj.edu/,12,031,1,3,30,1,11,-2,-2,FSCJ,23,5,15291,7053,22344,1,58,2078,NOT AVAILABLE,-9090338.646,3546673.494
1818,187985,UNIVERSITY OF NEW MEXICO-MAIN CAMPUS,1700 LOMAS BLVD NE,ALBUQUERQUE,NM,87106,NOT AVAILABLE,(505) 277-0111,1,A,29086,BERNALILLO,35001,USA,35.083868,-106.620155,611310,"COLLEGES, UNIVERSITIES, AND PROFESSIONAL SCHOOLS",https://nces.ed.gov/collegenavigator/?id=187985,12/31/09 0:00,IMAGERY,11/4/15 0:00,www.unm.edu/,35,001,1,3,11,1,11,-2,-2,UNM,15,5,7125,15186,22311,1,2590,6775,NOT AVAILABLE,-11868901.36,4175284.319
2133,114789,FRESNO CITY COLLEGE,1101 E. UNIVERSITY AVE,FRESNO,CA,93741,NOT AVAILABLE,(559) 442-4600,1,A,23680,FRESNO,06019,USA,36.76816401,-119.7960961,611210,JUNIOR COLLEGES,https://nces.ed.gov/collegenavigator/?id=114789,12/10/09 0:00,IMAGERY/OTHER,7/26/16 0:00,www.fresnocitycollege.edu/,06,019,4,3,40,1,11,-2,-2,NOT AVAILABLE,4,5,16266,6012,22278,2,-999,1402,NOT AVAILABLE,-13335640.41,4406840.918
966,157289,UNIVERSITY OF LOUISVILLE,2301 S 3RD ST,LOUISVILLE,KY,40292,0001,(502) 852-5555,1,A,29210,JEFFERSON,21111,USA,38.21575173,-85.7606276,611310,"COLLEGES, UNIVERSITIES, AND PROFESSIONAL SCHOOLS",https://nces.ed.gov/collegenavigator/?id=157289,12/10/09 0:00,IMAGERY/OTHER,7/7/16 0:00,www.louisville.edu/,21,111,1,2,11,1,11,-2,-2,NOT AVAILABLE,15,5,6302,15909,22211,1,3465,6999,NOT AVAILABLE,-9546829.394,4609949.291
3593,220862,UNIVERSITY OF MEMPHIS,SOUTHERN AVENUE,MEMPHIS,TN,38152,NOT AVAILABLE,(901) 678-2000,1,A,25467,SHELBY,47157,USA,35.12207587,-89.93788281,611310,"COLLEGES, UNIVERSITIES, AND PROFESSIONAL SCHOOLS",https://nces.ed.gov/collegenavigator/?id=220862,12/31/09 0:00,IMAGERY,7/7/16 0:00,www.memphis.edu/,47,157,1,1,11,1,11,-2,-2,NOT AVAILABLE,16,5,8014,14191,22205,1,2502,3262,NOT AVAILABLE,-10011839.32,4180483.167
5783,220978,MIDDLE TENNESSEE STATE UNIVERSITY,1301 EAST MAIN STREET,MURFREESBORO,TN,37132,NOT AVAILABLE,(615) 898-2300,1,A,24652,RUTHERFORD,47149,USA,35.84811142,-86.36727121,611310,"COLLEGES, UNIVERSITIES, AND PROFESSIONAL SCHOOLS",https://nces.ed.gov/collegenavigator/?id=220978,12/10/09 0:00,IMAGERY/OTHER,8/25/16 0:00,www.mtsu.edu/,47,149,1,3,12,1,12,-2,-2,NOT AVAILABLE,17,5,5647,16433,22080,1,2872,2572,NOT AVAILABLE,-9614360.652,4279741.814
1842,196680,EXCELSIOR COLLEGE,7 COLUMBIA CIR,ALBANY,NY,12203,5159,(518) 464-8500,2,A,23067,ALBANY,36001,USA,42.70548196,-73.86302492,611310,"COLLEGES, UNIVERSITIES, AND PROFESSIONAL SCHOOLS",https://nces.ed.gov/collegenavigator/?id=196680,10/13/09 0:00,IMAGERY/OTHER,1/29/19 0:00,www.excelsior.edu/,36,001,2,3,20,1,13,-2,-2,NOT AVAILABLE,18,5,21974,-999,21974,2,-999,1093,NOT AVAILABLE,-8222394.323,5267250.1
2346,144740,DEPAUL UNIVERSITY,1 E JACKSON BLVD,CHICAGO,IL,60604,NOT AVAILABLE,(312) 362-8000,2,A,25295,COOK,17031,USA,41.92333183,-87.65411572,611310,"COLLEGES, UNIVERSITIES, AND PROFESSIONAL SCHOOLS",https://nces.ed.gov/collegenavigator/?id=144740,10/13/09 0:00,IMAGERY/OTHER,4/10/19 0:00,https://www.depaul.edu/,17,031,2,3,11,1,11,-2,-2,NOT AVAILABLE,17,5,3710,18212,21922,1,2826,3373,NOT AVAILABLE,-9757611.528,5149501.833
2504,164076,TOWSON UNIVERSITY,8000 YORK RD,TOWSON,MD,21252,0001,(410) 704-2000,1,A,25129,BALTIMORE,24005,USA,39.3930079,-76.61226756,611310,"COLLEGES, UNIVERSITIES, AND PROFESSIONAL SCHOOLS",https://nces.ed.gov/collegenavigator/?id=164076,10/13/09 0:00,IMAGERY/OTHER,11/19/15 0:00,www.towson.edu/,24,005,1,1,11,1,13,-2,-2,NOT AVAILABLE,18,5,4621,17296,21917,1,5529,3212,NOT AVAILABLE,-8528438.613,4778123.955
324,227881,SAM HOUSTON STATE UNIVERSITY,1806 AVE J,HUNTSVILLE,TX,77340,NOT AVAILABLE,(936) 294-1111,1,A,24407,WALKER,48471,USA,30.71355269,-95.54862709,611310,"COLLEGES, UNIVERSITIES, AND PROFESSIONAL SCHOOLS",https://nces.ed.gov/collegenavigator/?id=227881,10/13/09 0:00,IMAGERY/OTHER,8/22/16 0:00,www.shsu.edu/,48,471,1,1,11,1,32,-2,-2,SHSU,17,5,6072,15840,21912,1,3470,2495,10819179,-10636424.51,3595604.116
1759,199856,WAKE TECHNICAL COMMUNITY COLLEGE,9101 FAYETTEVILLE ROAD,RALEIGH,NC,27603,5696,(919) 866-5000,1,A,23872,WAKE,37183,USA,35.65015126,-78.70612559,611210,JUNIOR COLLEGES,https://nces.ed.gov/collegenavigator/?id=199856,10/13/09 0:00,IMAGERY/OTHER,7/7/16 0:00,www.waketech.edu/,37,183,4,2,40,1,21,-2,-2,NOT AVAILABLE,2,5,14816,6944,21760,2,-999,2112,NOT AVAILABLE,-8761525.823,4252588.891
284,209551,UNIVERSITY OF OREGON,110 JOHNSON HALL,EUGENE,OR,97403,NOT AVAILABLE,(541) 346-1000,1,A,26681,LANE,41039,USA,44.044515,-123.07398,611310,"COLLEGES, UNIVERSITIES, AND PROFESSIONAL SCHOOLS",https://nces.ed.gov/collegenavigator/?id=209551,12/31/09 0:00,IMAGERY/OTHER,8/18/16 0:00,https://www.uoregon.edu/,41,039,1,1,11,1,12,-2,-2,UO,15,5,2005,19747,21752,1,5376,4929,NOT AVAILABLE,-13700532.78,5472333.568
700,150136,BALL STATE UNIVERSITY,2000 UNIVERSITY AVE,MUNCIE,IN,47306,NOT AVAILABLE,(765) 289-1241,1,A,25208,DELAWARE,18035,USA,40.19996994,-85.40877746,611310,"COLLEGES, UNIVERSITIES, AND PROFESSIONAL SCHOOLS",https://nces.ed.gov/collegenavigator/?id=150136,10/13/09 0:00,IMAGERY,8/9/16 0:00,www.bsu.edu/,18,035,1,1,11,1,13,-2,-2,BSU|BALL U,16,5,6017,15580,21597,1,7568,3611,NOT AVAILABLE,-9507661.616,4895044.06
833,232423,JAMES MADISON UNIVERSITY,800 SOUTH MAIN STREET,HARRISONBURG,VA,22807,NOT AVAILABLE,(540) 568-6211,1,A,25330,HARRISONBURG CITY,51660,USA,38.43533185,-78.87166267,611310,"COLLEGES, UNIVERSITIES, AND PROFESSIONAL SCHOOLS",https://nces.ed.gov/collegenavigator/?id=232423,10/13/09 0:00,IMAGERY/OTHER,8/4/16 0:00,www.jmu.edu/,51,660,1,3,11,1,13,-2,-2,JMU,18,5,2080,19514,21594,1,6667,3736,NOT AVAILABLE,-8779953.326,4641107.456
5592,114859,FULLERTON COLLEGE,321 E CHAPMAN AVENUE,FULLERTON,CA,92832,2095,(714) 992-7000,1,A,22647,ORANGE,06059,USA,33.87682948,-117.9168071,611210,JUNIOR COLLEGES,https://nces.ed.gov/collegenavigator/?id=114859,12/10/09 0:00,IMAGERY/OTHER,7/26/16 0:00,www.fullcoll.edu/,06,059,4,1,40,1,21,-2,-2,NOT AVAILABLE,1,5,13236,8191,21427,2,-999,1220,NOT AVAILABLE,-13126438.93,4012275.201
292,187532,CENTRAL NEW MEXICO COMMUNITY COLLEGE,525 BUENA VISTA DR SE,ALBUQUERQUE,NM,87106,NOT AVAILABLE,(505) 224-3000,1,A,23292,BERNALILLO,35001,USA,35.07599,-106.624957,611210,JUNIOR COLLEGES,https://nces.ed.gov/collegenavigator/?id=187532,12/31/09 0:00,IMAGERY,7/7/16 0:00,https://www.cnm.edu/,35,001,4,3,40,1,11,-2,-2,CNM,5,5,16138,5260,21398,2,-999,1894,NOT AVAILABLE,-11869435.92,4174212.683
3556,196413,SYRACUSE UNIVERSITY,900 SOUTH CROUSE AVE.,SYRACUSE,NY,13244,NOT AVAILABLE,(315) 443-1870,2,A,26900,ONONDAGA,36067,USA,43.039891,-76.13267,611310,"COLLEGES, UNIVERSITIES, AND PROFESSIONAL SCHOOLS",https://nces.ed.gov/collegenavigator/?id=196413,12/31/09 0:00,IMAGERY,6/3/16 0:00,https://www.syracuse.edu/,36,067,2,1,11,1,12,-2,-2,NOT AVAILABLE,15,5,3422,17900,21322,1,8001,5578,NOT AVAILABLE,-8475050.057,5318045.636
2139,120971,PALOMAR COLLEGE,1140 W. MISSION,SAN MARCOS,CA,92069,1487,(760) 744-1150,1,A,22506,SAN DIEGO,06073,USA,33.15018958,-117.181718,611210,JUNIOR COLLEGES,https://nces.ed.gov/collegenavigator/?id=120971,12/10/09 0:00,IMAGERY/OTHER,7/26/16 0:00,www2.palomar.edu/,06,073,4,1,40,1,21,-2,-2,NOT AVAILABLE,1,5,14140,7001,21141,2,-999,1365,NOT AVAILABLE,-13044609.18,3915256.127
1007,176017,UNIVERSITY OF MISSISSIPPI,"OXFORD, MISSISSIPPI",UNIVERSITY,MS,38677,1848,(662) 915-7211,1,A,34161,LAFAYETTE,28071,USA,34.36343843,-89.53716886,611310,"COLLEGES, UNIVERSITIES, AND PROFESSIONAL SCHOOLS",https://nces.ed.gov/collegenavigator/?id=176017,12/31/09 0:00,IMAGERY,11/5/15 0:00,www.olemiss.edu/,28,071,1,1,11,1,33,-2,-2,OLE MISS,15,5,2791,18223,21014,1,5091,13147,NOT AVAILABLE,-9967232.045,4077707.953
657,144865,COLLEGE OF DUPAGE,425 FAWELL BLVD.,GLEN ELLYN,IL,60137,6599,(630) 942-2800,1,A,23225,DUPAGE,17043,USA,41.84157685,-88.07163479,611210,JUNIOR COLLEGES,https://nces.ed.gov/collegenavigator/?id=144865,10/13/09 0:00,IMAGERY,8/8/16 0:00,www.cod.edu/,17,043,4,3,40,1,21,-2,-2,COD,6,5,13755,7255,21010,2,-999,2215,NOT AVAILABLE,-9804089.538,5137277.886
3011,185590,MONTCLAIR STATE UNIVERSITY,1 NORMAL AVENUE,MONTCLAIR,NJ,07043,1624,(973) 655-4000,1,A,24106,PASSAIC,34031,USA,40.85914712,-74.19855031,611310,"COLLEGES, UNIVERSITIES, AND PROFESSIONAL SCHOOLS",https://nces.ed.gov/collegenavigator/?id=185590,12/10/09 0:00,IMAGERY/OTHER,6/7/16 0:00,www.montclair.edu/,34,031,1,2,11,1,21,-2,-2,NOT AVAILABLE,17,5,4772,16233,21005,1,5100,3101,NOT AVAILABLE,-8259744.838,4991588.042
153,136215,NOVA SOUTHEASTERN UNIVERSITY,3301 COLLEGE AVE,FORT LAUDERDALE,FL,33314,7796,(954) 262-7300,2,A,25444,BROWARD,12011,USA,26.07933656,-80.2424801,611310,"COLLEGES, UNIVERSITIES, AND PROFESSIONAL SCHOOLS",https://nces.ed.gov/collegenavigator/?id=136215,10/13/09 0:00,IMAGERY,7/7/16 0:00,www.nova.edu/,12,011,2,2,11,1,21,-2,-2,NOT AVAILABLE,16,5,6406,14482,20888,1,2100,4556,NOT AVAILABLE,-8932552.025,3008910.439
3706,155399,KANSAS STATE UNIVERSITY,"919 MID-CAMPUS DRIVE, ANDERSON HALL",MANHATTAN,KS,66506,NOT AVAILABLE,(785) 532-6011,1,A,25635,RILEY,20161,USA,39.188616,-96.581077,611310,"COLLEGES, UNIVERSITIES, AND PROFESSIONAL SCHOOLS",https://nces.ed.gov/collegenavigator/?id=155399,12/31/09 0:00,IMAGERY,7/7/16 0:00,www.k-state.edu/,20,161,1,2,11,1,13,-2,-2,K-STATE,15,5,3784,17070,20854,1,5696,4781,NOT AVAILABLE,-10751356.31,4748725.321
4736,482477,DEVRY UNIVERSITY-ILLINOIS,3300 N. CAMPBELL AVE.,CHICAGO,IL,60618,NOT AVAILABLE,(773) 929-8500,3,A,22110,COOK,17031,USA,41.94217913,-87.69146054,611310,"COLLEGES, UNIVERSITIES, AND PROFESSIONAL SCHOOLS",https://nces.ed.gov/collegenavigator/?id=482477,8/10/15 0:00,IMAGERY,9/3/15 0:00,https://www.devry.edu/,17,031,3,1,20,1,11,-2,-2,DEVRY UNIVERSITY-ADDISON DEVRY UNIVERSITY-CHICAGO DEVRY UNIVERSITY-CHICAGO LOOP DEVRY UNIVERSITY-GURNEE DEVRY UNIVERSITY-NAPERVILLE DEVRY UNIVERSITY-TINLEY PARK,18,5,13342,7490,20832,2,-999,1278,NOT AVAILABLE,-9761768.735,5152322.089
1813,182290,UNIVERSITY OF NEVADA-RENO,NORTH VIRGINIA STREET,RENO,NV,89557,NOT AVAILABLE,(775) 784-1110,1,A,25000,WASHOE,32031,USA,39.54364169,-119.8153769,611310,"COLLEGES, UNIVERSITIES, AND PROFESSIONAL SCHOOLS",https://nces.ed.gov/collegenavigator/?id=182290,12/31/09 0:00,IMAGERY,11/4/15 0:00,www.unr.edu/,32,031,1,2,11,1,11,-2,-2,NOT AVAILABLE,16,5,4804,15918,20722,1,3524,4278,NOT AVAILABLE,-13337786.75,4799845.466
2355,145813,ILLINOIS STATE UNIVERSITY,NORTH AND SCHOOL STREETS,NORMAL,IL,61790,1000,(309) 438-2111,1,A,24258,MCLEAN,17113,USA,40.50972361,-88.9923395,611310,"COLLEGES, UNIVERSITIES, AND PROFESSIONAL SCHOOLS",https://nces.ed.gov/collegenavigator/?id=145813,10/13/09 0:00,IMAGERY,8/8/16 0:00,illinoisstate.edu/,17,113,1,2,11,1,22,-2,-2,NOT AVAILABLE,16,5,2677,18043,20720,1,5640,3538,NOT AVAILABLE,-9906581.918,4940292.765
2536,122375,SAN DIEGO MESA COLLEGE,7250 MESA COLLEGE DR,SAN DIEGO,CA,92111,4998,(619) 388-2600,1,A,21616,SAN DIEGO,06073,USA,32.80480467,-117.1690225,611210,JUNIOR COLLEGES,https://nces.ed.gov/collegenavigator/?id=122375,12/10/09 0:00,IMAGERY/OTHER,7/27/16 0:00,www.sdmesa.edu/,06,073,1,2,30,1,11,-2,-2,NOT AVAILABLE,1,5,16725,3968,20693,2,-999,923,NOT AVAILABLE,-13043195.93,3869423.616
608,111461,COLLEGE OF THE CANYONS,26455 ROCKWELL CANYON RD,SANTA CLARITA,CA,91355,1899,(661) 259-7800,1,A,21813,LOS ANGELES,06037,USA,34.40312099,-118.5695237,611210,JUNIOR COLLEGES,https://nces.ed.gov/collegenavigator/?id=111461,10/13/09 0:00,IMAGERY,7/7/16 0:00,www.canyons.edu/,06,037,4,1,40,1,21,-2,-2,NOT AVAILABLE,3,5,14495,6078,20573,2,-999,1240,NOT AVAILABLE,-13199099,4083060.623
2306,113980,EL CAMINO COMMUNITY COLLEGE DISTRICT,16007 CRENSHAW BLVD,TORRANCE,CA,90506,NOT AVAILABLE,(310) 532-3670,1,A,21680,LOS ANGELES,06037,USA,33.88612852,-118.3276652,611210,JUNIOR COLLEGES,https://nces.ed.gov/collegenavigator/?id=113980,10/13/09 0:00,IMAGERY/OTHER,7/15/16 0:00,www.elcamino.edu/,06,037,4,1,40,1,21,-2,-2,ECC,1,5,12915,7503,20418,2,-999,1262,NOT AVAILABLE,-13172175.44,4013522.097
2467,111887,CERRITOS COLLEGE,11110 ALONDRA BLVD,NORWALK,CA,90650,6298,(562) 860-2451,1,A,21584,LOS ANGELES,06037,USA,33.88583986,-118.0972629,611210,JUNIOR COLLEGES,https://nces.ed.gov/collegenavigator/?id=111887,10/13/09 0:00,IMAGERY/OTHER,7/25/16 0:00,www.cerritos.edu/,06,037,4,3,40,1,21,-2,-2,NOT AVAILABLE,4,5,12166,8240,20406,2,-999,1178,NOT AVAILABLE,-13146527.17,4013483.39
434,135081,KEISER UNIVERSITY-FT LAUDERDALE,1500 NW 49TH ST.,FORT LAUDERDALE,FL,33309,NOT AVAILABLE,(954) 776-4476,2,A,23904,BROWARD,12011,USA,26.18586851,-80.1639592,611310,"COLLEGES, UNIVERSITIES, AND PROFESSIONAL SCHOOLS",https://nces.ed.gov/collegenavigator/?id=135081,10/13/09 0:00,IMAGERY,6/8/16 0:00,www.keiseruniversity.edu/,12,011,2,2,11,1,12,-2,-2,NOT AVAILABLE,18,5,7696,12634,20330,2,-999,3574,NOT AVAILABLE,-8923811.118,3022119.826
773,195809,ST. JOHN'S UNIVERSITY-NEW YORK,8000 UTOPIA PKY,QUEENS,NY,11439,NOT AVAILABLE,(718) 990-6161,2,A,22603,QUEENS,36081,USA,40.72202659,-73.79502744,611310,"COLLEGES, UNIVERSITIES, AND PROFESSIONAL SCHOOLS",https://nces.ed.gov/collegenavigator/?id=195809,10/13/09 0:00,IMAGERY,7/7/16 0:00,www.stjohns.edu/,36,081,2,1,11,1,11,-2,-2,ST. JOHN'S UNIVERSITY-NEW YORK,17,5,7217,12926,20143,1,3517,2460,NOT AVAILABLE,-8214824.878,4971426.706
1359,121619,SANTA ANA COLLEGE,1530 W. 17TH STREET,SANTA ANA,CA,92706,3398,(714) 564-6000,1,A,21321,ORANGE,06059,USA,33.75920274,-117.8883842,611210,JUNIOR COLLEGES,https://nces.ed.gov/collegenavigator/?id=121619,10/13/09 0:00,IMAGERY,7/18/16 0:00,www.sac.edu/,06,059,1,1,30,1,11,-2,-2,SAC,2,5,15921,4197,20118,2,-999,1203,NOT AVAILABLE,-13123274.9,3996514.485
614,121901,RIVERSIDE CITY COLLEGE,4800 MAGNOLIA AVENUE,RIVERSIDE,CA,92506,NOT AVAILABLE,(951) 222-8000 EXT 8979,1,A,21112,RIVERSIDE,06065,USA,33.97148136,-117.38054,611210,JUNIOR COLLEGES,https://nces.ed.gov/collegenavigator/?id=121901,12/10/09 0:00,IMAGERY/OTHER,7/7/16 0:00,www.rcc.edu/riverside/,06,065,4,3,40,1,11,-2,-2,NOT AVAILABLE,5,5,14158,5922,20080,2,-999,1032,NOT AVAILABLE,-13066741.94,4024973.312
3027,163426,MONTGOMERY COLLEGE,51 MANNAKEE STREET,ROCKVILLE,MD,20850,NOT AVAILABLE,(240) 567-5000,1,A,22779,MONTGOMERY,24031,USA,39.09854244,-77.15942386,611210,JUNIOR COLLEGES,https://nces.ed.gov/collegenavigator/?id=163426,12/10/09 0:00,IMAGERY/OTHER,3/18/19 0:00,www.montgomerycollege.edu/,24,031,4,2,40,1,13,-2,-2,MONTGOMERY COLLEGE - ROCKVILLE MONTGOMERY COLLEGE - TAKOMA PARK MONTGOMERY COLLEGE - GERMANTOWN,2,5,13135,6902,20037,2,-999,2742,NOT AVAILABLE,-8589347.774,4735796.777
4580,122180,SACRAMENTO CITY COLLEGE,3835 FREEPORT BLVD,SACRAMENTO,CA,95822,1386,(916) 558-2111,1,A,20974,SACRAMENTO,06067,USA,38.54201149,-121.4901038,611210,JUNIOR COLLEGES,https://nces.ed.gov/collegenavigator/?id=122180,12/10/09 0:00,IMAGERY/OTHER,7/18/16 0:00,https://www.scc.losrios.edu/,06,067,4,2,40,1,11,-2,-2,SACRAMENTO CITY | SAC CITY | SCC,1,5,15641,4386,20027,2,-999,947,NOT AVAILABLE,-13524216.5,4656279.365
5542,111939,CHAFFEY COLLEGE,5885 HAVEN AVE,RANCHO CUCAMONGA,CA,91737,3002,(909) 652-6000,1,A,21404,SAN BERNARDINO,06071,USA,34.14704957,-117.5730864,611210,JUNIOR COLLEGES,https://nces.ed.gov/collegenavigator/?id=111939,10/13/09 0:00,IMAGERY,7/15/16 0:00,https://www.chaffey.edu/,06,071,4,2,40,1,21,-2,-2,NOT AVAILABLE,1,5,14443,5582,20025,2,-999,1379,NOT AVAILABLE,-13088176.11,4048564.323
1158,197869,APPALACHIAN STATE UNIVERSITY,287 RIVERS ST,BOONE,NC,28608,NOT AVAILABLE,(828) 262-2000,1,A,23259,WATAUGA,37189,USA,36.2126825,-81.6775196,611310,"COLLEGES, UNIVERSITIES, AND PROFESSIONAL SCHOOLS",https://nces.ed.gov/collegenavigator/?id=197869,12/31/09 0:00,IMAGERY/OTHER,11/3/15 0:00,www.appstate.edu/,37,189,1,1,12,1,32,-2,-2,APPALACHIAN STATE UNIVERSITY,18,5,2251,17772,20023,1,6171,3236,NOT AVAILABLE,-9092299.891,4329925.757
740,172699,WESTERN MICHIGAN UNIVERSITY,1903 W MICHIGAN AVE,KALAMAZOO,MI,49008,5200,(269) 387-1000,1,A,22608,KALAMAZOO,26077,USA,42.28079931,-85.61348244,611310,"COLLEGES, UNIVERSITIES, AND PROFESSIONAL SCHOOLS",https://nces.ed.gov/collegenavigator/?id=172699,10/13/09 0:00,IMAGERY,7/7/16 0:00,https://wmich.edu/,26,077,1,1,11,1,13,-2,-2,WMU,16,4,5672,14215,19887,1,5232,2721,NOT AVAILABLE,-9530449.27,5203135.068
484,482680,UNIVERSITY OF NORTH GEORGIA,82 COLLEGE CIRCLE,DAHLONEGA,GA,30597,NOT AVAILABLE,(706) 864-1400,1,A,21923,LUMPKIN,13187,USA,34.53026135,-83.98588771,611310,"COLLEGES, UNIVERSITIES, AND PROFESSIONAL SCHOOLS",https://nces.ed.gov/collegenavigator/?id=482680,8/10/15 0:00,IMAGERY/OTHER,11/3/15 0:00,www.ung.edu/,13,187,1,1,11,1,32,-2,-2,UNG,19,4,6610,13183,19793,1,2772,2130,NOT AVAILABLE,-9349266.254,4100227.358
26,199148,UNIVERSITY OF NORTH CAROLINA AT GREENSBORO,1400 SPRING GARDEN ST,GREENSBORO,NC,27402,6170,(336) 334-5000,1,A,22811,GUILFORD,37081,USA,36.06560446,-79.813056,611310,"COLLEGES, UNIVERSITIES, AND PROFESSIONAL SCHOOLS",https://nces.ed.gov/collegenavigator/?id=199148,10/13/09 0:00,IMAGERY,11/3/15 0:00,www.uncg.edu/,37,081,1,2,11,1,11,-2,-2,UNCG,16,4,4666,15098,19764,1,5660,3047,NOT AVAILABLE,-8884748.752,4309652.203
3337,190512,CUNY BERNARD M BARUCH COLLEGE,ONE BERNARD BARUCH WAY (55 LEXINGTON AVE AT 24TH ST),NEW YORK,NY,10010,NOT AVAILABLE,(646) 312-1000,1,A,22122,NEW YORK,36061,USA,40.74023821,-73.98341701,611310,"COLLEGES, UNIVERSITIES, AND PROFESSIONAL SCHOOLS",https://nces.ed.gov/collegenavigator/?id=190512,10/13/09 0:00,IMAGERY/OTHER,6/13/16 0:00,www.baruch.cuny.edu/,36,061,1,1,12,1,11,-2,-2,BARUCH | BARUCH COLLEGE,18,4,6539,13201,19740,1,465,2382,NOT AVAILABLE,-8235796.309,4974102.032
609,112190,CITY COLLEGE OF SAN FRANCISCO,50 FRIDA KAHLO DRIVE,SAN FRANCISCO,CA,94112,1898,(415) 239-3000,1,A,21493,SAN FRANCISCO,06075,USA,37.72595321,-122.4511551,611210,JUNIOR COLLEGES,https://nces.ed.gov/collegenavigator/?id=112190,10/13/09 0:00,IMAGERY,7/7/16 0:00,www.ccsf.edu/,06,075,4,3,40,1,11,-2,-2,NOT AVAILABLE,5,4,12970,6737,19707,2,-999,1786,NOT AVAILABLE,-13631200.23,4540784.2
471,190664,CUNY QUEENS COLLEGE,65-30 KISSENA BLVD,QUEENS,NY,11367,NOT AVAILABLE,(718) 997-5000,1,A,22053,QUEENS,36081,USA,40.737771,-73.815387,611310,"COLLEGES, UNIVERSITIES, AND PROFESSIONAL SCHOOLS",https://nces.ed.gov/collegenavigator/?id=190664,12/31/09 0:00,IMAGERY,6/3/16 0:00,https://www.qc.cuny.edu/,36,081,1,2,20,1,11,-2,-2,QUEENS | QUEENS COLLEGE,18,4,6747,12953,19700,1,510,2353,NOT AVAILABLE,-8217091.294,4973739.55
4164,110510,CALIFORNIA STATE UNIVERSITY-SAN BERNARDINO,5500 UNIVERSITY PARKWAY,SAN BERNARDINO,CA,92407,2393,(909) 537-5000,1,A,21777,SAN BERNARDINO,06071,USA,34.18304371,-117.3221078,611310,"COLLEGES, UNIVERSITIES, AND PROFESSIONAL SCHOOLS",https://nces.ed.gov/collegenavigator/?id=110510,12/10/09 0:00,IMAGERY/OTHER,7/7/16 0:00,www.csusb.edu/,06,071,1,2,14,1,12,-2,-2,CAL STATE SAN BERNARDINO,18,4,3666,16023,19689,1,1700,2088,NOT AVAILABLE,-13060237.29,4053406.886
6223,184782,ROWAN UNIVERSITY,201 MULLICA HILL ROAD,GLASSBORO,NJ,08028,NOT AVAILABLE,(856) 256-4000,1,A,23638,GLOUCESTER,34015,USA,39.7106244,-75.118507,611310,"COLLEGES, UNIVERSITIES, AND PROFESSIONAL SCHOOLS",https://nces.ed.gov/collegenavigator/?id=184782,12/10/09 0:00,IMAGERY,6/7/16 0:00,https://www.rowan.edu/,34,015,1,1,11,1,21,-2,-2,ROWAN COLLEGE OF NEW JERSEY GLASSBORO STATE COLLEGE,17,4,3877,15801,19678,1,6761,3960,NOT AVAILABLE,-8362153.948,4823979.683
3582,134495,HILLSBOROUGH COMMUNITY COLLEGE,39 COLUMBIA DRIVE,TAMPA,FL,33606,3584,(813) 253-7000,1,A,21688,HILLSBOROUGH,12057,USA,27.934808,-82.456297,611210,JUNIOR COLLEGES,https://nces.ed.gov/collegenavigator/?id=134495,10/13/09 0:00,IMAGERY/OTHER,4/18/19 0:00,https://www.hccfl.edu/,12,057,4,1,40,1,11,-2,-2,HCC,1,4,10629,8903,19532,1,420,2156,NOT AVAILABLE,-9178992.995,3240757.053
1202,131496,GEORGETOWN UNIVERSITY,37TH AND O ST NW,WASHINGTON,DC,20057,0001,(202) 687-0100,2,A,25662,DISTRICT OF COLUMBIA,11001,USA,38.90880927,-77.07346324,611310,"COLLEGES, UNIVERSITIES, AND PROFESSIONAL SCHOOLS",https://nces.ed.gov/collegenavigator/?id=131496,10/13/09 0:00,IMAGERY/OTHER,6/23/16 0:00,www.georgetown.edu/,11,001,2,2,11,1,11,-2,-2,GEORGETOWN|GU,15,4,5349,14022,19371,1,5546,6291,NOT AVAILABLE,-8579778.681,4708617.688
3943,223232,BAYLOR UNIVERSITY,NOT AVAILABLE,WACO,TX,76798,NOT AVAILABLE,(254) 710-1011,2,A,22706,MCLENNAN,48309,USA,31.54614957,-97.11845258,611310,"COLLEGES, UNIVERSITIES, AND PROFESSIONAL SCHOOLS",https://nces.ed.gov/collegenavigator/?id=223232,10/13/09 0:00,IMAGERY/OTHER,8/19/16 0:00,www.baylor.edu/,48,309,2,1,11,1,12,-2,-2,NOT AVAILABLE,16,4,1749,17548,19297,1,5091,3409,NOT AVAILABLE,-10811176.69,3703882.041
5454,227924,SAN ANTONIO COLLEGE,"1819 N. MAIN AVE.,",SAN ANTONIO,TX,78212,3941,(210) 486-0000,1,A,20419,BEXAR,48029,USA,29.446222,-98.494482,611210,JUNIOR COLLEGES,https://nces.ed.gov/collegenavigator/?id=227924,10/13/09 0:00,IMAGERY/OTHER,1/29/19 0:00,www.alamo.edu/sac,48,029,4,3,40,1,11,-2,-2,NOT AVAILABLE,2,4,15546,3685,19231,2,-999,1188,NOT AVAILABLE,-10964355.58,3432563.618
1114,110714,UNIVERSITY OF CALIFORNIA-SANTA CRUZ,1156 HIGH ST,SANTA CRUZ,CA,95064,1011,(831) 459-0111,1,A,23091,SANTA CRUZ,06087,USA,36.99901842,-122.0607261,611310,"COLLEGES, UNIVERSITIES, AND PROFESSIONAL SCHOOLS",https://nces.ed.gov/collegenavigator/?id=110714,12/10/09 0:00,IMAGERY/OTHER,7/27/16 0:00,www.ucsc.edu/,06,087,1,1,12,1,13,-2,-2,UC SANTA CRUZ,15,4,751,18410,19161,1,9291,3930,NOT AVAILABLE,-13587737.88,4438969.968
14,156541,UNIVERSITY OF THE CUMBERLANDS,6191 COLLEGE STATION DRIVE,WILLIAMSBURG,KY,40769,NOT AVAILABLE,(606) 549-2200,2,A,20362,WHITLEY,21235,USA,36.736489,-84.162375,611310,"COLLEGES, UNIVERSITIES, AND PROFESSIONAL SCHOOLS",https://nces.ed.gov/collegenavigator/?id=156541,12/31/09 0:00,IMAGERY,10/29/15 0:00,www.ucumberlands.edu/,21,235,2,2,11,1,33,-2,-2,CUMBERLAND COLLEGE,17,4,13755,5355,19110,1,1461,1252,NOT AVAILABLE,-9368912.729,4402440.124
5565,127565,METROPOLITAN STATE UNIVERSITY OF DENVER,SPEER BLVD AND COLFAX AVE,DENVER,CO,80217,3362,(303) 556-3058,1,A,21004,DENVER,08031,USA,39.742248,-105.002391,611310,"COLLEGES, UNIVERSITIES, AND PROFESSIONAL SCHOOLS",https://nces.ed.gov/collegenavigator/?id=127565,12/31/09 0:00,IMAGERY,7/28/16 0:00,www.msudenver.edu/,08,031,1,1,20,1,11,-2,-2,NOT AVAILABLE,19,4,7338,11748,19086,2,-999,1918,NOT AVAILABLE,-11688812.7,4828556.852
5593,122205,SADDLEBACK COLLEGE,28000 MARGUERITE PKY,MISSION VIEJO,CA,92692,3635,(949) 582-4500,1,A,20211,ORANGE,06059,USA,33.55216276,-117.6658401,611210,JUNIOR COLLEGES,https://nces.ed.gov/collegenavigator/?id=122205,12/10/09 0:00,IMAGERY/OTHER,7/26/16 0:00,www.saddleback.edu/,06,059,4,1,40,1,21,-2,-2,NOT AVAILABLE,2,4,13363,5621,18984,2,-999,1227,NOT AVAILABLE,-13098501.4,3968825.778
781,204024,MIAMI UNIVERSITY-OXFORD,501 EAST HIGH ST,OXFORD,OH,45056,NOT AVAILABLE,(513) 529-1809,1,A,22122,BUTLER,39017,USA,39.50964156,-84.73182112,611310,"COLLEGES, UNIVERSITIES, AND PROFESSIONAL SCHOOLS",https://nces.ed.gov/collegenavigator/?id=204024,10/13/09 0:00,IMAGERY/OTHER,8/15/16 0:00,miamioh.edu/,39,017,1,3,12,1,31,-2,-2,MIAMI OF OHIO,16,4,1838,17042,18880,1,8179,3242,NOT AVAILABLE,-9432303.181,4794938.509
334,202356,CUYAHOGA COMMUNITY COLLEGE DISTRICT,700 CARNEGIE AVE,CLEVELAND,OH,44115,2878,(800) 954-8742,1,A,22007,CUYAHOGA,39035,USA,41.49398066,-81.66963962,611210,JUNIOR COLLEGES,https://nces.ed.gov/collegenavigator/?id=202356,10/13/09 0:00,IMAGERY/OTHER,7/7/16 0:00,www.tri-c.edu/,39,035,4,1,40,1,11,-2,-2,NOT AVAILABLE,3,4,13740,5014,18754,2,-999,3253,NOT AVAILABLE,-9091422.695,5085479.019
5416,127200,FRONT RANGE COMMUNITY COLLEGE,3645 W 112TH AVE,WESTMINSTER,CO,80031,NOT AVAILABLE,(303) 404-5000,1,A,20282,ADAMS,08001,USA,39.90145207,-105.038068,611210,JUNIOR COLLEGES,https://nces.ed.gov/collegenavigator/?id=127200,12/10/09 0:00,IMAGERY/OTHER,7/7/16 0:00,www.frontrange.edu/,08,001,1,2,30,1,21,-2,-2,FRCC,6,4,14172,4531,18703,2,-999,1579,NOT AVAILABLE,-11692784.25,4851631.881
3835,113634,DIABLO VALLEY COLLEGE,321 GOLF CLUB RD,PLEASANT HILL,CA,94523,NOT AVAILABLE,(925) 685-1230,1,A,19715,CONTRA COSTA,06013,USA,37.96803532,-122.0698614,611210,JUNIOR COLLEGES,https://nces.ed.gov/collegenavigator/?id=113634,10/13/09 0:00,IMAGERY,7/7/16 0:00,https://www.dvc.edu/,06,013,4,1,40,1,21,-2,-2,"DIABLO VALLEY, DVC",2,4,11984,6709,18693,2,-999,1022,10813165,-13588754.81,4574911.259
352,205470,SINCLAIR COMMUNITY COLLEGE,444 W. THIRD ST.,DAYTON,OH,45402,1460,(937) 512-3000,1,A,20546,MONTGOMERY,39113,USA,39.75759849,-84.20062817,611210,JUNIOR COLLEGES,https://nces.ed.gov/collegenavigator/?id=205470,10/13/09 0:00,IMAGERY,7/7/16 0:00,www.sinclair.edu/,39,113,1,2,30,1,12,-2,-2,NOT AVAILABLE,6,4,14768,3919,18687,2,-999,1859,NOT AVAILABLE,-9373171.052,4830779.425
2465,110547,CALIFORNIA STATE UNIVERSITY-DOMINGUEZ HILLS,1000 E VICTORIA ST,CARSON,CA,90747,0005,(310) 243-3696,1,A,20426,LOS ANGELES,06037,USA,33.86528236,-118.2589482,611310,"COLLEGES, UNIVERSITIES, AND PROFESSIONAL SCHOOLS",https://nces.ed.gov/collegenavigator/?id=110547,10/13/09 0:00,IMAGERY/OTHER,7/25/16 0:00,https://www.csudh.edu/,06,037,1,1,20,1,13,-2,-2,CSUDH,18,4,4797,13890,18687,1,563,1739,NOT AVAILABLE,-13164525.9,4010727.051
5770,113333,DE ANZA COLLEGE,21250 STEVENS CREEK BLVD.,CUPERTINO,CA,95014,NOT AVAILABLE,(408) 864-5678,1,A,19622,SANTA CLARA,06085,USA,37.31917585,-122.0453645,611210,JUNIOR COLLEGES,https://nces.ed.gov/collegenavigator/?id=113333,12/10/09 0:00,IMAGERY/OTHER,7/27/16 0:00,www.deanza.edu/,06,085,4,3,40,1,13,-2,-2,NOT AVAILABLE,2,4,9333,9316,18649,2,-999,973,10798345,-13586027.83,4483689.657
1267,171571,OAKLAND UNIVERSITY,2200 NORTH SQUIRREL ROAD,ROCHESTER HILLS,MI,48309,4401,(248) 370-2100,1,A,20986,OAKLAND,26125,USA,42.674569,-83.216414,611310,"COLLEGES, UNIVERSITIES, AND PROFESSIONAL SCHOOLS",https://nces.ed.gov/collegenavigator/?id=171571,10/13/09 0:00,IMAGERY,6/10/16 0:00,www.oakland.edu/,26,125,1,1,11,1,21,-2,-2,OAKLAND|OU|O.U.,17,4,4511,14041,18552,1,3330,2434,NOT AVAILABLE,-9263608.832,5262568.384
2620,420398,NORTHWEST VISTA COLLEGE,3535 N. ELLISON DRIVE,SAN ANTONIO,TX,78251,NOT AVAILABLE,(210) 486-4000,1,A,19448,BEXAR,48029,USA,29.471082,-98.708405,611210,JUNIOR COLLEGES,https://nces.ed.gov/collegenavigator/?id=420398,12/31/09 0:00,IMAGERY,8/16/16 0:00,alamo.edu/nvc/,48,029,4,1,40,1,11,-2,-2,NOT AVAILABLE,1,4,14683,3859,18542,2,-999,906,NOT AVAILABLE,-10988169.38,3435741.943
1896,450933,COLUMBIA SOUTHERN UNIVERSITY,21982 UNIVERSITY LANE,ORANGE BEACH,AL,36561,9000,(251) 981-3771 EXT 1278,3,A,19536,BALDWIN,01003,USA,30.329288,-87.653162,611310,"COLLEGES, UNIVERSITIES, AND PROFESSIONAL SCHOOLS",https://nces.ed.gov/collegenavigator/?id=450933,12/31/09 0:00,IMAGERY/OTHER,3/27/19 0:00,www.columbiasouthern.edu/,01,003,3,3,12,1,31,-2,-2,NOT AVAILABLE,18,4,6388,12145,18533,2,-999,1003,NOT AVAILABLE,-9757505.36,3545947.358
2149,206084,UNIVERSITY OF TOLEDO,2801 W BANCROFT,TOLEDO,OH,43606,3390,(800) 586-5336,1,A,21610,LUCAS,39095,USA,41.6572464,-83.61593552,611310,"COLLEGES, UNIVERSITIES, AND PROFESSIONAL SCHOOLS",https://nces.ed.gov/collegenavigator/?id=206084,12/10/09 0:00,IMAGERY/OTHER,7/7/16 0:00,www.utoledo.edu/,39,095,1,3,11,1,11,-2,-2,NOT AVAILABLE,16,4,4122,14197,18319,1,3596,3291,NOT AVAILABLE,-9308083.364,5109774.094
3860,122658,SAN JOAQUIN DELTA COLLEGE,5151 PACIFIC AVE,STOCKTON,CA,95207,NOT AVAILABLE,(209) 954-5151,1,A,19036,SAN JOAQUIN,06077,USA,37.99464281,-121.3172265,611210,JUNIOR COLLEGES,https://nces.ed.gov/collegenavigator/?id=122658,10/13/09 0:00,IMAGERY/OTHER,7/7/16 0:00,www.deltacollege.edu/,06,077,4,3,40,1,11,-2,-2,DELTA|DELTA COLLEGE|SAN JOAQUIN|SAN JOAQUIN DELTA|SAN JOAQUIN DELTA COMMUNITY COLLEGE DISTRICT,1,4,10714,7510,18224,2,-999,812,NOT AVAILABLE,-13504971.88,4578669.05
373,223427,BLINN COLLEGE,902 COLLEGE AVE,BRENHAM,TX,77833,4098,(979) 830-4000,1,A,19491,WASHINGTON,48477,USA,30.15971307,-96.40967715,611210,JUNIOR COLLEGES,https://nces.ed.gov/collegenavigator/?id=223427,10/13/09 0:00,IMAGERY/OTHER,7/7/16 0:00,www.blinn.edu/,48,477,4,2,40,1,32,-2,-2,NOT AVAILABLE,1,4,9487,8733,18220,1,1489,1271,NOT AVAILABLE,-10732276.17,3524096.034
2503,166513,UNIVERSITY OF MASSACHUSETTS-LOWELL,1 UNIVERSITY AVE,LOWELL,MA,01854,5104,(978) 934-4000,1,A,20126,MIDDLESEX,25017,USA,42.65371976,-71.32508096,611310,"COLLEGES, UNIVERSITIES, AND PROFESSIONAL SCHOOLS",https://nces.ed.gov/collegenavigator/?id=166513,10/13/09 0:00,IMAGERY/OTHER,11/6/15 0:00,www.uml.edu/,25,017,1,1,11,1,21,-2,-2,NOT AVAILABLE,16,4,6203,11947,18150,1,4787,1976,10790236,-7939871.694,5259412.115
5090,196079,BINGHAMTON UNIVERSITY,4400 VESTAL PARKWAY EAST,VESTAL,NY,13850,6000,(607) 777-2000,1,A,20959,BROOME,36007,USA,42.088049,-75.971143,611310,"COLLEGES, UNIVERSITIES, AND PROFESSIONAL SCHOOLS",https://nces.ed.gov/collegenavigator/?id=196079,12/31/09 0:00,IMAGERY,6/3/16 0:00,www.binghamton.edu/,36,007,1,1,11,1,22,-2,-2,BINGHAMTON UNIVERSITY,16,4,2097,16051,18148,1,7092,2811,NOT AVAILABLE,-8457068.954,5174177.896
3622,201441,BOWLING GREEN STATE UNIVERSITY-MAIN CAMPUS,220 MCFALL CTR,BOWLING GREEN,OH,43403,NOT AVAILABLE,(418) 372-5526,1,A,20322,WOOD,39173,USA,41.377036,-83.637531,611310,"COLLEGES, UNIVERSITIES, AND PROFESSIONAL SCHOOLS",https://nces.ed.gov/collegenavigator/?id=201441,12/31/09 0:00,IMAGERY,8/11/16 0:00,www.bgsu.edu/,39,173,1,1,12,1,31,-2,-2,BGSU,16,4,4195,13947,18142,1,5911,2180,NOT AVAILABLE,-9310487.362,5068114.464
2433,120342,ORANGE COAST COLLEGE,2701 FAIRVIEW ROAD,COSTA MESA,CA,92626,NOT AVAILABLE,(714) 432-5072,1,A,19219,ORANGE,06059,USA,33.67017061,-117.9114006,611210,JUNIOR COLLEGES,https://nces.ed.gov/collegenavigator/?id=120342,10/13/09 0:00,IMAGERY,7/18/16 0:00,www.orangecoastcollege.edu/,06,059,4,3,40,1,12,-2,-2,NOT AVAILABLE,1,4,11637,6488,18125,1,800,1094,NOT AVAILABLE,-13125837.08,3984599.514
5763,119605,NATIONAL UNIVERSITY,11255 NORTH TORREY PINES ROAD,LA JOLLA,CA,92037,1011,(800) 628-8648,2,A,21431,SAN DIEGO,06073,USA,32.90989436,-117.2430256,611310,"COLLEGES, UNIVERSITIES, AND PROFESSIONAL SCHOOLS",https://nces.ed.gov/collegenavigator/?id=119605,12/10/09 0:00,IMAGERY/OTHER,7/27/16 0:00,www.nu.edu/,06,073,2,1,13,1,11,-2,-2,NOT AVAILABLE,18,4,8863,9207,18070,2,-999,3361,NOT AVAILABLE,-13051433.91,3883350.045
1730,141574,UNIVERSITY OF HAWAII AT MANOA,2500 CAMPUS ROAD,HONOLULU,HI,96822,2217,(808) 956-8111,1,A,22457,HONOLULU,15003,USA,21.29732382,-157.816202,611310,"COLLEGES, UNIVERSITIES, AND PROFESSIONAL SCHOOLS",https://nces.ed.gov/collegenavigator/?id=141574,12/10/09 0:00,IMAGERY,11/9/15 0:00,https://manoa.hawaii.edu/,15,003,1,3,11,1,11,-2,-2,UH MANOA / UHM,15,4,4633,13392,18025,1,3272,4432,NOT AVAILABLE,-17568019.24,2427366.794
1064,199218,UNIVERSITY OF NORTH CAROLINA WILMINGTON,601 SOUTH COLLEGE ROAD,WILMINGTON,NC,28403,5963,(910) 962-3000,1,A,20394,NEW HANOVER,37129,USA,34.22522262,-77.87552676,611310,"COLLEGES, UNIVERSITIES, AND PROFESSIONAL SCHOOLS",https://nces.ed.gov/collegenavigator/?id=199218,10/13/09 0:00,IMAGERY/OTHER,11/25/15 0:00,www.uncw.edu/,37,129,1,3,11,1,12,-2,-2,UNCW|UNIVERSITY OF NORTH CAROLINA AT WILMINGTON|UNC WILMINGTON|UNC W|UNIVERSITY OF NC AT WILMINGTON|UNIV OF NC-WILMINGTON|UNC-W|UNIVERSITY OF NORTH CAROLINA WILMINGTON|,18,4,4689,13226,17915,1,4788,2479,NOT AVAILABLE,-8669063.985,4059084.163
4273,144050,UNIVERSITY OF CHICAGO,5801 S ELLIS AVE,CHICAGO,IL,60637,NOT AVAILABLE,(773) 702-1234,2,A,30198,COOK,17031,USA,41.79014558,-87.60092236,611310,"COLLEGES, UNIVERSITIES, AND PROFESSIONAL SCHOOLS",https://nces.ed.gov/collegenavigator/?id=144050,10/13/09 0:00,IMAGERY,7/26/16 0:00,www.uchicago.edu/,17,031,2,1,11,1,11,-2,-2,NOT AVAILABLE,15,4,2224,15610,17834,1,4532,12364,NOT AVAILABLE,-9751690.07,5129595.92
152,135726,UNIVERSITY OF MIAMI,UNIVERSITY OF MIAMI,CORAL GABLES,FL,33146,NOT AVAILABLE,(305) 284-2211,2,A,29973,MIAMI-DADE,12086,USA,25.720406,-80.27645,611310,"COLLEGES, UNIVERSITIES, AND PROFESSIONAL SCHOOLS",https://nces.ed.gov/collegenavigator/?id=135726,12/31/09 0:00,IMAGERY,7/7/16 0:00,www.miami.edu/,12,086,2,3,11,1,13,-2,-2,NOT AVAILABLE,15,4,1409,16400,17809,1,5157,12164,NOT AVAILABLE,-8936333.537,2964493.037
1484,190549,CUNY BROOKLYN COLLEGE,2900 BEDFORD AVE,BROOKLYN,NY,11210,NOT AVAILABLE,(718) 951-5000,1,A,20147,KINGS,36047,USA,40.63191166,-73.9531199,611310,"COLLEGES, UNIVERSITIES, AND PROFESSIONAL SCHOOLS",https://nces.ed.gov/collegenavigator/?id=190549,10/13/09 0:00,IMAGERY,6/30/16 0:00,www.brooklyn.cuny.edu/,36,047,1,2,20,1,11,-2,-2,BROOKLYN | BROOKLYN COLLEGE,18,4,5797,11938,17735,2,-999,2412,NOT AVAILABLE,-8232423.65,4958199.387
5169,216764,WEST CHESTER UNIVERSITY OF PENNSYLVANIA,UNIVERSITY AVENUE AND HIGH STREET,WEST CHESTER,PA,19383,NOT AVAILABLE,(610) 436-1000,1,A,19588,CHESTER,42029,USA,39.95195802,-75.59850508,611310,"COLLEGES, UNIVERSITIES, AND PROFESSIONAL SCHOOLS",https://nces.ed.gov/collegenavigator/?id=216764,10/13/09 0:00,IMAGERY/OTHER,8/23/16 0:00,https://www.wcupa.edu/,42,029,1,1,11,1,21,-2,-2,WCU,18,4,3636,14083,17719,1,5160,1869,NOT AVAILABLE,-8415587.09,4858963.404
3552,196060,SUNY AT ALBANY,1400 WASHINGTON AVENUE,ALBANY,NY,12222,NOT AVAILABLE,(518) 442-3300,1,A,20764,ALBANY,36001,USA,42.68691742,-73.82501352,611310,"COLLEGES, UNIVERSITIES, AND PROFESSIONAL SCHOOLS",https://nces.ed.gov/collegenavigator/?id=196060,10/13/09 0:00,IMAGERY/OTHER,7/7/16 0:00,www.albany.edu/,36,001,1,3,11,1,13,-2,-2,"UNIVERSITY AT ALBANY, SUNY",15,4,3196,14492,17688,1,6551,3076,NOT AVAILABLE,-8218162.912,5264438.252
3636,217484,UNIVERSITY OF RHODE ISLAND,"GREEN HALL, 35 CAMPUS AVENUE",KINGSTON,RI,02881,NOT AVAILABLE,(401) 874-1000,1,A,20758,WASHINGTON,44009,USA,41.489334,-71.528708,611310,"COLLEGES, UNIVERSITIES, AND PROFESSIONAL SCHOOLS",https://nces.ed.gov/collegenavigator/?id=217484,10/13/09 0:00,IMAGERY,8/24/16 0:00,web.uri.edu/,44,009,1,1,11,1,21,-2,-2,URI,16,4,3260,14389,17649,1,6610,3109,NOT AVAILABLE,-7962539.352,5084788.461
2440,123800,SOUTHWESTERN COLLEGE,900 OTAY LAKES RD.,CHULA VISTA,CA,91910,7299,(619) 421-6700,1,A,18957,SAN DIEGO,06073,USA,32.6415667,-116.9972145,611210,JUNIOR COLLEGES,https://nces.ed.gov/collegenavigator/?id=123800,10/13/09 0:00,IMAGERY,7/22/16 0:00,https://www.swccd.edu/,06,073,4,2,40,1,11,-2,-2,SOUTHWESTERN COMMUNITY COLLEGE DISTRICT,1,4,11218,6403,17621,2,-999,1336,NOT AVAILABLE,-13024070.35,3847824.009
1550,434672,COMMUNITY COLLEGE OF BALTIMORE COUNTY,7201 ROSSVILLE BOULEVARD,BALTIMORE,MD,21237,NOT AVAILABLE,(443) 840-2222,1,A,20170,BALTIMORE,24005,USA,39.35264721,-76.48210959,611210,JUNIOR COLLEGES,https://nces.ed.gov/collegenavigator/?id=434672,10/13/09 0:00,IMAGERY,7/7/16 0:00,www.ccbcmd.edu/,24,005,4,1,40,1,21,-2,-2,CCBC|COMMUNITY COLLEGE OF BALTIMORE COUNTY|COMMUNITY COLLEGE OF BALTIMORE COUNTY - ESSEX|COMMUNITY COLLEGE OF BALTIMORE COUNTY - CATONSVILLE|COMMUNITY COLLEGE OF BALTIMORE COUNTY - DUNDALK,1,4,12672,4901,17573,2,-999,2597,NOT AVAILABLE,-8513949.494,4772311.884
5656,117706,LOS ANGELES PIERCE COLLEGE,6201 WINNETKA AVE,WOODLAND HILLS,CA,91371,0002,(818) 719-6401,1,A,18464,LOS ANGELES,06037,USA,34.18418365,-118.5771935,611210,JUNIOR COLLEGES,https://nces.ed.gov/collegenavigator/?id=117706,10/13/09 0:00,IMAGERY,7/18/16 0:00,www.piercecollege.edu/,06,037,4,1,40,1,11,-2,-2,PIERCE COLLEGE LA PIERCE COLLEGE,1,4,12824,4697,17521,2,-999,943,NOT AVAILABLE,-13199952.8,4053560.284
15,157951,WESTERN KENTUCKY UNIVERSITY,1906 COLLEGE HEIGHTS BLVD,BOWLING GREEN,KY,42101,1000,(270) 745-0111,1,A,19864,WARREN,21227,USA,36.98781787,-86.45394089,611310,"COLLEGES, UNIVERSITIES, AND PROFESSIONAL SCHOOLS",https://nces.ed.gov/collegenavigator/?id=157951,12/31/09 0:00,IMAGERY,10/20/15 0:00,www.wku.edu/,21,227,1,2,13,1,13,-2,-2,"WKU, HILLTOPPERS",18,4,4939,12578,17517,1,4903,2347,NOT AVAILABLE,-9624008.677,4437408.892
5368,123341,SIERRA COLLEGE,5100 SIERRA COLLEGE BLVD,ROCKLIN,CA,95677,3397,(916) 624-3333,1,A,18642,PLACER,06061,USA,38.79146678,-121.2115336,611210,JUNIOR COLLEGES,https://nces.ed.gov/collegenavigator/?id=123341,12/10/09 0:00,IMAGERY/OTHER,7/7/16 0:00,https://www.sierracollege.edu/,06,061,4,2,40,1,21,-2,-2,SIERRA JOINT COMMUNITY COLLEGE DISTRICT,1,4,10874,6629,17503,1,121,1139,NOT AVAILABLE,-13493206.2,4691844.845
574,244437,GEORGIA STATE UNIVERSITY-PERIMETER COLLEGE,33 GILMER ST.,ATLANTA,GA,30303,3083,(404) 413-2000,1,A,18294,FULTON,13121,USA,33.753432,-84.385981,611210,JUNIOR COLLEGES,https://nces.ed.gov/collegenavigator/?id=244437,10/13/09 0:00,IMAGERY/OTHER,4/18/19 0:00,perimeter.gsu.edu/,13,121,4,1,40,1,11,-2,-2,NOT AVAILABLE,2,4,10759,6624,17383,2,-999,911,NOT AVAILABLE,-9393804.435,3995741.825
3413,105668,RIO SALADO COLLEGE,2323 W 14TH ST,TEMPE,AZ,85281,NOT AVAILABLE,(480) 517-8000,1,A,18769,MARICOPA,04013,USA,33.41276429,-111.9740528,611210,JUNIOR COLLEGES,https://nces.ed.gov/collegenavigator/?id=105668,10/13/09 0:00,IMAGERY/OTHER,7/12/16 0:00,www.rio.maricopa.edu/,04,013,4,3,40,1,12,-2,-2,NOT AVAILABLE,9,4,14728,2634,17362,2,-999,1407,NOT AVAILABLE,-12464894.54,3950220.556
1258,169248,CENTRAL MICHIGAN UNIVERSITY,106 WARRINER HALL,MOUNT PLEASANT,MI,48859,NOT AVAILABLE,(989) 774-4000,1,A,19811,ISABELLA,26073,USA,43.586742,-84.774813,611310,"COLLEGES, UNIVERSITIES, AND PROFESSIONAL SCHOOLS",https://nces.ed.gov/collegenavigator/?id=169248,12/31/09 0:00,IMAGERY,6/2/16 0:00,https://www.cmich.edu/,26,073,1,1,11,1,32,-2,-2,NOT AVAILABLE,16,4,4392,12919,17311,1,6120,2500,NOT AVAILABLE,-9437089.015,5401710.7
4538,190628,CUNY LAGUARDIA COMMUNITY COLLEGE,31-10 THOMSON AVE,LONG ISLAND CITY,NY,11101,NOT AVAILABLE,(718) 482-7200,1,A,19132,QUEENS,36081,USA,40.74450023,-73.93505738,611210,JUNIOR COLLEGES,https://nces.ed.gov/collegenavigator/?id=190628,12/31/09 0:00,IMAGERY/OTHER,6/3/16 0:00,www.lagcc.cuny.edu/,36,081,4,3,40,1,11,-2,-2,LAGUARDIA | LAGUARDIA CC | LAGUARDIA COMMUNITY COLLEGE,1,4,7792,9179,16971,2,-999,2161,NOT AVAILABLE,-8230412.94,4974728.238
4371,105154,MESA COMMUNITY COLLEGE,1833 W SOUTHERN AVE,MESA,AZ,85202,NOT AVAILABLE,(480) 461-7000,1,A,18794,MARICOPA,04013,USA,33.38954208,-111.8720872,611210,JUNIOR COLLEGES,https://nces.ed.gov/collegenavigator/?id=105154,10/13/09 0:00,IMAGERY/OTHER,7/12/16 0:00,www.mesacc.edu/,04,013,4,1,40,1,11,-2,-2,NOT AVAILABLE,2,4,11973,4975,16948,2,-999,1846,NOT AVAILABLE,-12453543.78,3947124.04
1093,136172,UNIVERSITY OF NORTH FLORIDA,1 UNF DRIVE,JACKSONVILLE,FL,32224,7699,(904) 620-1000,1,A,19108,DUVAL,12031,USA,30.2693132,-81.50830806,611310,"COLLEGES, UNIVERSITIES, AND PROFESSIONAL SCHOOLS",https://nces.ed.gov/collegenavigator/?id=136172,12/10/09 0:00,IMAGERY/OTHER,11/3/15 0:00,https://www.unf.edu/,12,031,1,1,11,1,11,-2,-2,UNF,18,4,5059,11867,16926,1,3504,2182,NOT AVAILABLE,-9073463.349,3538214.729
3423,146719,LOYOLA UNIVERSITY CHICAGO,1032 W. SHERIDAN RD,CHICAGO,IL,60660,NOT AVAILABLE,(773) 274-3000,2,A,20366,COOK,17031,USA,41.9991606,-87.65739899,611310,"COLLEGES, UNIVERSITIES, AND PROFESSIONAL SCHOOLS",https://nces.ed.gov/collegenavigator/?id=146719,10/13/09 0:00,IMAGERY,7/27/16 0:00,https://www.luc.edu/,17,031,2,2,11,1,11,-2,-2,NOT AVAILABLE,16,4,1940,14953,16893,1,4723,3473,NOT AVAILABLE,-9757977.02,5160853.707
358,233772,TIDEWATER COMMUNITY COLLEGE,121 COLLEGE PLACE,NORFOLK,VA,23510,NOT AVAILABLE,(757) 822-1122,1,A,18408,NORFOLK CITY,51710,USA,36.8505299,-76.29060188,611210,JUNIOR COLLEGES,https://nces.ed.gov/collegenavigator/?id=233772,10/13/09 0:00,IMAGERY/OTHER,7/7/16 0:00,www.tcc.edu/,51,710,4,1,40,1,12,-2,-2,NOT AVAILABLE,2,4,10963,5806,16769,2,-999,1639,NOT AVAILABLE,-8492630.954,4418293.01
3626,147703,NORTHERN ILLINOIS UNIVERSITY,1425 W. LINCOLN HWY.,DEKALB,IL,60115,2828,(800) 892-3050,1,A,19732,DEKALB,17037,USA,41.93379093,-88.7660647,611310,"COLLEGES, UNIVERSITIES, AND PROFESSIONAL SCHOOLS",https://nces.ed.gov/collegenavigator/?id=147703,10/13/09 0:00,IMAGERY/OTHER,7/7/16 0:00,www.niu.edu/,17,037,1,1,11,1,23,-2,-2,NOT AVAILABLE,16,4,4401,12368,16769,1,4600,2963,NOT AVAILABLE,-9881393.123,5151066.8
3838,123013,SANTA ROSA JUNIOR COLLEGE,1501 MENDOCINO AVENUE,SANTA ROSA,CA,95401,4395,(707) 527-4011,1,A,18300,SONOMA,06097,USA,38.45415957,-122.7206886,611210,JUNIOR COLLEGES,https://nces.ed.gov/collegenavigator/?id=123013,10/13/09 0:00,IMAGERY,7/7/16 0:00,www.santarosa.edu/,06,097,4,3,40,1,12,-2,-2,SRJC,4,4,11840,4917,16757,2,-999,1543,10813708,-13661204.57,4643783.49
5540,110538,CALIFORNIA STATE UNIVERSITY-CHICO,FIRST AND NORMAL STS,CHICO,CA,95929,0150,(530) 898-6116,1,A,18659,BUTTE,06007,USA,39.728003,-121.846333,611310,"COLLEGES, UNIVERSITIES, AND PROFESSIONAL SCHOOLS",https://nces.ed.gov/collegenavigator/?id=110538,12/31/09 0:00,IMAGERY,7/15/16 0:00,www.csuchico.edu/,06,007,1,2,20,1,12,-2,-2,NOT AVAILABLE,18,4,1767,14979,16746,1,2323,1913,NOT AVAILABLE,-13563871.74,4826494.784
970,170790,MACOMB COMMUNITY COLLEGE,14500 E TWELVE MILE RD,WARREN,MI,48088,3896,(586) 445-7999,1,A,18177,MACOMB,26099,USA,42.505281,-82.972144,611210,JUNIOR COLLEGES,https://nces.ed.gov/collegenavigator/?id=170790,12/10/09 0:00,IMAGERY/OTHER,4/11/19 0:00,www.macomb.edu/,26,099,4,1,40,1,12,-2,-2,NOT AVAILABLE,6,4,11395,5341,16736,2,-999,1441,NOT AVAILABLE,-9236416.82,5236971.181
3587,198260,CENTRAL PIEDMONT COMMUNITY COLLEGE,1201 ELIZABETH AVENUE,CHARLOTTE,NC,28204,NOT AVAILABLE,(704) 330-2722,1,A,19271,MECKLENBURG,37119,USA,35.21777444,-80.82979589,611210,JUNIOR COLLEGES,https://nces.ed.gov/collegenavigator/?id=198260,12/10/09 0:00,IMAGERY,7/7/16 0:00,www.cpcc.edu/,37,119,4,3,40,1,11,-2,-2,NOT AVAILABLE,2,4,10301,6367,16668,2,-999,2603,NOT AVAILABLE,-8997931.72,4193515.344
250,226091,LAMAR UNIVERSITY,4400 MLK BLVD,BEAUMONT,TX,77705,NOT AVAILABLE,(409) 880-7011,1,A,18057,JEFFERSON,48245,USA,30.044274,-94.073389,611310,"COLLEGES, UNIVERSITIES, AND PROFESSIONAL SCHOOLS",https://nces.ed.gov/collegenavigator/?id=226091,10/13/09 0:00,IMAGERY,8/15/16 0:00,www.lamar.edu/,48,245,1,2,11,1,12,-2,-2,NOT AVAILABLE,17,4,11269,5368,16637,1,2505,1420,10774410,-10472201.76,3509242.124
603,102368,TROY UNIVERSITY,UNIVERSITY AVENUE,TROY,AL,36082,0001,(334) 670-3100,1,A,18836,PIKE,01109,USA,31.800128,-85.950191,611310,"COLLEGES, UNIVERSITIES, AND PROFESSIONAL SCHOOLS",https://nces.ed.gov/collegenavigator/?id=102368,12/31/09 0:00,IMAGERY,7/7/16 0:00,www.troy.edu/,01,109,1,3,11,1,33,-2,-2,TROY,18,4,7070,9427,16497,1,2348,2339,10776582,-9567931.496,3737102.822
1222,160658,UNIVERSITY OF LOUISIANA AT LAFAYETTE,104 UNIVERSITY CIRCLE,LAFAYETTE,LA,70503,NOT AVAILABLE,(377) 482-1000,1,A,18627,LAFAYETTE,22055,USA,30.21528347,-92.0194105,611310,"COLLEGES, UNIVERSITIES, AND PROFESSIONAL SCHOOLS",https://nces.ed.gov/collegenavigator/?id=160658,10/13/09 0:00,IMAGERY,11/9/15 0:00,www.louisiana.edu/,22,055,1,1,11,1,12,-2,-2,UL LAFAYETTE,16,4,4009,12441,16450,1,3718,2177,NOT AVAILABLE,-10243553.92,3531252.651
432,229179,TEXAS WOMAN'S UNIVERSITY,304 ADMINISTRATION DR,DENTON,TX,76204,NOT AVAILABLE,(940) 898-2000,1,A,18115,DENTON,48121,USA,33.227002,-97.129088,611310,"COLLEGES, UNIVERSITIES, AND PROFESSIONAL SCHOOLS",https://nces.ed.gov/collegenavigator/?id=229179,10/13/09 0:00,IMAGERY,7/7/16 0:00,www.twu.edu/,48,121,1,2,11,1,12,-2,-2,TWU,17,4,7186,9247,16433,1,2192,1682,NOT AVAILABLE,-10812360.62,3925473.59
4163,366711,CALIFORNIA STATE UNIVERSITY-SAN MARCOS,333 S TWIN OAKS VALLEY RD,SAN MARCOS,CA,92096,0001,(760) 750-4000,1,A,18014,SAN DIEGO,06073,USA,33.12817282,-117.1585841,611310,"COLLEGES, UNIVERSITIES, AND PROFESSIONAL SCHOOLS",https://nces.ed.gov/collegenavigator/?id=366711,12/10/09 0:00,IMAGERY/OTHER,7/26/16 0:00,www.csusm.edu/,06,073,1,1,14,1,21,-2,-2,NOT AVAILABLE,19,4,3007,13360,16367,1,1547,1647,NOT AVAILABLE,-13042033.92,3912329.145
5767,118976,MODESTO JUNIOR COLLEGE,435 COLLEGE AVE,MODESTO,CA,95350,5800,(209) 575-6550,1,A,17222,STANISLAUS,06099,USA,37.65204174,-121.009723,611210,JUNIOR COLLEGES,https://nces.ed.gov/collegenavigator/?id=118976,12/10/09 0:00,IMAGERY/OTHER,7/27/16 0:00,www.mjc.edu/,06,099,1,1,30,1,12,-2,-2,MJC,4,4,11234,5131,16365,2,-999,857,NOT AVAILABLE,-13470740.75,4530386.927
4301,191241,FORDHAM UNIVERSITY,441 E FORDHAM RD,BRONX,NY,10458,NOT AVAILABLE,(718) 817-1000,2,A,19631,BRONX,36005,USA,40.8614117,-73.88989949,611310,"COLLEGES, UNIVERSITIES, AND PROFESSIONAL SCHOOLS",https://nces.ed.gov/collegenavigator/?id=191241,10/13/09 0:00,IMAGERY,7/7/16 0:00,www.fordham.edu/,36,005,2,1,11,1,11,-2,-2,NOT AVAILABLE,16,4,3482,12882,16364,1,4842,3267,NOT AVAILABLE,-8225385.986,4991921.363
1738,137209,SEMINOLE STATE COLLEGE OF FLORIDA,100 WELDON BLVD,SANFORD,FL,32773,6199,(407) 708-4722,1,A,17635,SEMINOLE,12117,USA,28.7455117,-81.30551082,611210,JUNIOR COLLEGES,https://nces.ed.gov/collegenavigator/?id=137209,12/10/09 0:00,IMAGERY/OTHER,7/7/16 0:00,https://www.seminolestate.edu/,12,117,1,2,30,1,13,-2,-2,SEMINOLE STATE,14,4,11123,5175,16298,2,-999,1337,10790692,-9050888.063,3343295.079
3692,169798,EASTERN MICHIGAN UNIVERSITY,900 OAKWOOD ST.,YPSILANTI,MI,48197,NOT AVAILABLE,(734) 487-1849,1,A,18301,WASHTENAW,26161,USA,42.250277,-83.625156,611310,"COLLEGES, UNIVERSITIES, AND PROFESSIONAL SCHOOLS",https://nces.ed.gov/collegenavigator/?id=169798,12/31/09 0:00,IMAGERY,6/2/16 0:00,www.emich.edu/,26,161,1,2,12,1,21,-2,-2,NOT AVAILABLE,17,4,5797,10497,16294,1,3946,2007,NOT AVAILABLE,-9309109.783,5198543.765
6095,166638,UNIVERSITY OF MASSACHUSETTS-BOSTON,100 MORRISSEY BOULEVARD,BOSTON,MA,02125,3393,(617) 287-5000,1,A,18381,SUFFOLK,25025,USA,42.31433173,-71.03981377,611310,"COLLEGES, UNIVERSITIES, AND PROFESSIONAL SCHOOLS",https://nces.ed.gov/collegenavigator/?id=166638,12/10/09 0:00,IMAGERY,11/6/15 0:00,www.umb.edu/,25,025,1,2,11,1,11,-2,-2,NOT AVAILABLE,16,4,4676,11583,16259,1,1077,2122,NOT AVAILABLE,-7908115.895,5208181.729
566,110574,CALIFORNIA STATE UNIVERSITY-EAST BAY,25800 CARLOS BEE BLVD,HAYWARD,CA,94542,NOT AVAILABLE,(510) 885-3000,1,A,18010,ALAMEDA,06001,USA,37.65707038,-122.0580727,611310,"COLLEGES, UNIVERSITIES, AND PROFESSIONAL SCHOOLS",https://nces.ed.gov/collegenavigator/?id=110574,10/13/09 0:00,IMAGERY,7/7/16 0:00,www.csueastbay.edu/,06,001,1,3,14,1,21,-2,-2,CAL STATE EAST BAY,18,4,3746,12507,16253,1,1634,1757,NOT AVAILABLE,-13587442.5,4531093.987
5052,180461,MONTANA STATE UNIVERSITY,MONTANA STATE UNIVERSITY,BOZEMAN,MT,59717,NOT AVAILABLE,(406) 994-0211,1,A,19554,GALLATIN,30031,USA,45.666829,-111.049918,611310,"COLLEGES, UNIVERSITIES, AND PROFESSIONAL SCHOOLS",https://nces.ed.gov/collegenavigator/?id=180461,12/31/09 0:00,IMAGERY,6/2/16 0:00,www.montana.edu/,30,031,1,2,11,1,33,-2,-2,MSU,16,4,3641,12577,16218,1,4601,3336,NOT AVAILABLE,-12362020.32,5727118.141
451,157447,NORTHERN KENTUCKY UNIVERSITY,NUNN DRIVE,HIGHLAND HEIGHTS,KY,41099,NOT AVAILABLE,(859) 572-5100,1,A,18182,CAMPBELL,21037,USA,39.029221,-84.465959,611310,"COLLEGES, UNIVERSITIES, AND PROFESSIONAL SCHOOLS",https://nces.ed.gov/collegenavigator/?id=157447,12/31/09 0:00,IMAGERY,6/1/16 0:00,www.nku.edu/,21,037,1,2,11,1,21,-2,-2,NKU,18,4,6981,9230,16211,1,1720,1971,NOT AVAILABLE,-9402707.545,4725858.095
1765,198419,DUKE UNIVERSITY,103 ALLEN BLDG,DURHAM,NC,27708,NOT AVAILABLE,(919) 684-8111,2,A,35280,DURHAM,37063,USA,36.00234351,-78.93859727,611310,"COLLEGES, UNIVERSITIES, AND PROFESSIONAL SCHOOLS",https://nces.ed.gov/collegenavigator/?id=198419,10/13/09 0:00,IMAGERY,7/7/16 0:00,www.duke.edu/,37,063,2,2,11,1,11,-2,-2,NOT AVAILABLE,15,4,820,15352,16172,1,5773,19108,NOT AVAILABLE,-8787404.452,4300943.84
2571,195003,ROCHESTER INSTITUTE OF TECHNOLOGY,1 LOMB MEMORIAL DR,ROCHESTER,NY,14623,5603,(585) 475-2411,2,A,20200,MONROE,36055,USA,43.08443583,-77.67385371,611310,"COLLEGES, UNIVERSITIES, AND PROFESSIONAL SCHOOLS",https://nces.ed.gov/collegenavigator/?id=195003,12/10/09 0:00,IMAGERY,6/6/16 0:00,www.rit.edu/,36,055,2,2,12,1,21,-2,-2,RIT,17,4,1875,14283,16158,1,6527,4042,NOT AVAILABLE,-8646613.843,5324832.685
6096,178402,UNIVERSITY OF MISSOURI-KANSAS CITY,5000 HOLMES ST.,KANSAS CITY,MO,64110,NOT AVAILABLE,(816) 235-1000,1,A,19161,JACKSON,29095,USA,39.03372423,-94.57659993,611310,"COLLEGES, UNIVERSITIES, AND PROFESSIONAL SCHOOLS",https://nces.ed.gov/collegenavigator/?id=178402,12/10/09 0:00,IMAGERY,11/4/15 0:00,https://www.umkc.edu/,29,095,1,2,11,1,11,-2,-2,NOT AVAILABLE,16,4,7208,8939,16147,1,1130,3014,NOT AVAILABLE,-10528218.94,4726503.43
3619,200800,UNIVERSITY OF AKRON MAIN CAMPUS,302 BUCHTEL COMMON,AKRON,OH,44325,4702,(330) 972-7111,1,A,18608,SUMMIT,39153,USA,41.077768,-81.510328,611310,"COLLEGES, UNIVERSITIES, AND PROFESSIONAL SCHOOLS",https://nces.ed.gov/collegenavigator/?id=200800,12/31/09 0:00,IMAGERY,8/11/16 0:00,www.uakron.edu/,39,153,1,3,11,1,12,-2,-2,NOT AVAILABLE,16,4,3892,12202,16094,1,2820,2514,NOT AVAILABLE,-9073688.207,5023819.202
706,152637,VINCENNES UNIVERSITY,1002 N FIRST ST,VINCENNES,IN,47591,NOT AVAILABLE,(812) 888-8888,1,A,17687,KNOX,18083,USA,38.68693697,-87.52065034,611210,JUNIOR COLLEGES,https://nces.ed.gov/collegenavigator/?id=152637,10/13/09 0:00,IMAGERY/OTHER,7/7/16 0:00,https://www.vinu.edu/,18,083,1,3,30,1,33,-2,-2,NOT AVAILABLE,14,4,11643,4405,16048,1,1802,1639,NOT AVAILABLE,-9742754.229,4676926.675
5658,117733,LOS ANGELES VALLEY COLLEGE,5800 FULTON AVENUE,VALLEY GLEN,CA,91401,4096,(818) 947-2600,1,A,16790,LOS ANGELES,06037,USA,34.17640619,-118.4214457,611210,JUNIOR COLLEGES,https://nces.ed.gov/collegenavigator/?id=117733,10/13/09 0:00,IMAGERY,7/18/16 0:00,www.lavc.edu/,06,037,4,1,40,1,11,-2,-2,LA VALLEY COLLEGE,2,4,12722,3235,15957,2,-999,833,NOT AVAILABLE,-13182615.04,4052513.735
448,243744,STANFORD UNIVERSITY,NOT AVAILABLE,STANFORD,CA,94305,NOT AVAILABLE,(650) 723-2300,2,A,32626,SANTA CLARA,06085,USA,37.4329738,-122.1750451,611310,"COLLEGES, UNIVERSITIES, AND PROFESSIONAL SCHOOLS",https://nces.ed.gov/collegenavigator/?id=243744,12/31/09 0:00,IMAGERY,7/12/16 0:00,www.stanford.edu/,06,085,2,3,11,1,21,-2,-2,NOT AVAILABLE,15,4,1736,14217,15953,1,14717,16673,NOT AVAILABLE,-13600463.8,4499630.819
2868,181394,UNIVERSITY OF NEBRASKA AT OMAHA,6001 DODGE ST,OMAHA,NE,68182,0225,(402) 554-2800,1,A,17931,DOUGLAS,31055,USA,41.25794626,-96.00974096,611310,"COLLEGES, UNIVERSITIES, AND PROFESSIONAL SCHOOLS",https://nces.ed.gov/collegenavigator/?id=181394,12/10/09 0:00,IMAGERY,11/4/15 0:00,https://www.unomaha.edu/,31,055,1,1,12,1,11,-2,-2,UNOMAHA,17,4,4520,11372,15892,1,2481,2039,NOT AVAILABLE,-10687755.48,5050463.452
4748,190600,CUNY JOHN JAY COLLEGE OF CRIMINAL JUSTICE,524 W 59TH ST,NEW YORK,NY,10019,NOT AVAILABLE,(212) 237-8000,1,A,17769,NEW YORK,36061,USA,40.77034615,-73.98840265,611310,"COLLEGES, UNIVERSITIES, AND PROFESSIONAL SCHOOLS",https://nces.ed.gov/collegenavigator/?id=190600,10/13/09 0:00,IMAGERY/OTHER,7/1/16 0:00,www.jjay.cuny.edu/,36,061,1,3,20,1,11,-2,-2,JOHN JAY | JOHN JAY COLLEGE OF CRIMINAL JUSTICE,18,4,4022,11744,15766,1,142,2003,NOT AVAILABLE,-8236351.307,4978526.56
5692,121886,RIO HONDO COLLEGE,3600 WORKMAN MILL RD,WHITTIER,CA,90601,1616,(562) 692-0921,1,A,16576,LOS ANGELES,06037,USA,34.01987778,-118.0333287,611210,JUNIOR COLLEGES,https://nces.ed.gov/collegenavigator/?id=121886,10/13/09 0:00,IMAGERY/OTHER,7/26/16 0:00,www.riohondo.edu/,06,037,1,1,30,1,21,-2,-2,RHCCD|RHC,5,4,11265,4427,15692,2,-999,884,NOT AVAILABLE,-13139410.04,4031471.439
355,207935,TULSA COMMUNITY COLLEGE,6111 E SKELLY DR,TULSA,OK,74135,6198,(918) 595-7000,1,A,17348,TULSA,40143,USA,36.10678781,-95.9082504,611210,JUNIOR COLLEGES,https://nces.ed.gov/collegenavigator/?id=207935,10/13/09 0:00,IMAGERY,7/7/16 0:00,www.tulsacc.edu/,40,143,4,2,40,1,11,-2,-2,NOT AVAILABLE,2,4,10538,5030,15568,2,-999,1780,NOT AVAILABLE,-10676457.6,4315325.176
3832,105525,PIMA COMMUNITY COLLEGE,4905C EAST BROADWAY BLVD.,TUCSON,AZ,85709,1275,(520) 206-4500,1,A,17915,PIMA,04019,USA,32.22681769,-110.9852225,611210,JUNIOR COLLEGES,https://nces.ed.gov/collegenavigator/?id=105525,10/13/09 0:00,IMAGERY/OTHER,3/13/19 0:00,www.pima.edu/,04,019,4,1,40,1,11,-2,-2,PIMA COUNTY COMMUNITY COLLEGE DISTRICT,2,4,12179,3365,15544,2,-999,2371,NOT AVAILABLE,-12354818.45,3793120.937
1655,190655,CUNY NEW YORK CITY COLLEGE OF TECHNOLOGY,300 JAY ST,BROOKLYN,NY,11201,NOT AVAILABLE,(718) 260-5500,1,A,17642,KINGS,36047,USA,40.69548345,-73.98785622,611310,"COLLEGES, UNIVERSITIES, AND PROFESSIONAL SCHOOLS",https://nces.ed.gov/collegenavigator/?id=190655,10/13/09 0:00,IMAGERY,6/30/16 0:00,www.citytech.cuny.edu/,36,047,1,1,30,1,11,-2,-2,CITY TECH | NYCCT | NEW YORK CITY COLLEGE OF TECHNOLOGY | NEW YORK TECHNICAL COLLEGE,22,4,5667,9846,15513,2,-999,2129,NOT AVAILABLE,-8236290.479,4967528.772
1023,179867,WASHINGTON UNIVERSITY IN ST LOUIS,ONE BROOKINGS DRIVE,SAINT LOUIS,MO,63130,4899,(314) 935-5000,2,A,32351,ST. LOUIS,29189,USA,38.64812499,-90.31163891,611310,"COLLEGES, UNIVERSITIES, AND PROFESSIONAL SCHOOLS",https://nces.ed.gov/collegenavigator/?id=179867,10/13/09 0:00,IMAGERY/OTHER,10/23/15 0:00,www.wustl.edu/,29,189,2,1,11,1,21,-2,-2,WASHU,15,4,2245,13204,15449,1,7134,16902,NOT AVAILABLE,-10053445.66,4671393.1
4282,115296,GROSSMONT COLLEGE,8800 GROSSMONT COLLEGE DR,EL CAJON,CA,92020,1799,(619) 644-7000,1,A,16406,SAN DIEGO,06073,USA,32.81607706,-117.007292,611210,JUNIOR COLLEGES,https://nces.ed.gov/collegenavigator/?id=115296,10/13/09 0:00,IMAGERY,7/15/16 0:00,https://www.grossmont.edu/,06,073,4,2,40,1,21,-2,-2,NOT AVAILABLE,1,4,10610,4816,15426,2,-999,980,NOT AVAILABLE,-13025192.16,3870916.638
980,445027,AMERICAN INTERCONTINENTAL UNIVERSITY,2200 E GERMANN RD,CHANDLER,AZ,85286,NOT AVAILABLE,(877) 701-3800,3,A,17069,MARICOPA,04013,USA,33.278731,-111.804059,611310,"COLLEGES, UNIVERSITIES, AND PROFESSIONAL SCHOOLS",https://nces.ed.gov/collegenavigator/?id=445027,10/13/09 0:00,IMAGERY/OTHER,6/30/22 0:00,www.aiuniv.edu/,04,013,3,1,12,1,41,-2,-2,AIU,18,4,1808,13607,15415,2,-999,1654,NOT AVAILABLE,-12445970.92,3932359.552
4059,212878,HARRISBURG AREA COMMUNITY COLLEGE,1 HACC DR.,HARRISBURG,PA,17110,2999,(717) 780-2300,1,A,17705,DAUPHIN,42043,USA,40.29825573,-76.88634095,611210,JUNIOR COLLEGES,https://nces.ed.gov/collegenavigator/?id=212878,10/13/09 0:00,IMAGERY/OTHER,7/7/16 0:00,www.hacc.edu/,42,043,4,2,40,1,13,-2,-2,HACC,1,4,11204,4172,15376,2,-999,2329,NOT AVAILABLE,-8558948.323,4909379.12
4773,433660,FLORIDA GULF COAST UNIVERSITY,10501 FGCU BLVD S,FORT MYERS,FL,33965,6565,(239) 590-1000,1,A,17084,LEE,12071,USA,26.46433814,-81.77423473,611310,"COLLEGES, UNIVERSITIES, AND PROFESSIONAL SCHOOLS",https://nces.ed.gov/collegenavigator/?id=433660,12/31/09 0:00,IMAGERY,6/6/16 0:00,www.fgcu.edu/,12,071,1,1,11,1,21,-2,-2,NOT AVAILABLE,18,4,3591,11767,15358,1,4748,1726,NOT AVAILABLE,-9103066.17,3056705.804
5545,113236,CYPRESS COLLEGE,9200 VALLEY VIEW,CYPRESS,CA,90630,5897,(714) 484-7000,1,A,16203,ORANGE,06059,USA,33.8276249,-118.0238891,611210,JUNIOR COLLEGES,https://nces.ed.gov/collegenavigator/?id=113236,10/13/09 0:00,IMAGERY,7/15/16 0:00,www.cypresscollege.edu/,06,059,1,1,30,1,21,-2,-2,NOT AVAILABLE,4,4,10057,5268,15325,2,-999,878,NOT AVAILABLE,-13138359.24,4005679.679
454,240365,UNIVERSITY OF WISCONSIN-OSHKOSH,800 ALGOMA BLVD,OSHKOSH,WI,54901,NOT AVAILABLE,(920) 424-1234,1,A,16731,WINNEBAGO,55139,USA,44.02498538,-88.54928178,611310,"COLLEGES, UNIVERSITIES, AND PROFESSIONAL SCHOOLS",https://nces.ed.gov/collegenavigator/?id=240365,10/13/09 0:00,IMAGERY/OTHER,7/29/16 0:00,https://www.uwosh.edu/,55,139,1,2,13,1,13,-2,-2,NOT AVAILABLE,18,4,7171,8143,15314,1,2426,1417,NOT AVAILABLE,-9857260.958,5469309.542
4183,202134,CLEVELAND STATE UNIVERSITY,2121 EUCLID AVENUE,CLEVELAND,OH,44115,2214,(216) 687-2000,1,A,17600,CUYAHOGA,39035,USA,41.50228136,-81.67435526,611310,"COLLEGES, UNIVERSITIES, AND PROFESSIONAL SCHOOLS",https://nces.ed.gov/collegenavigator/?id=202134,12/10/09 0:00,IMAGERY/OTHER,8/16/16 0:00,www.csuohio.edu/,39,035,1,2,11,1,11,-2,-2,NOT AVAILABLE,16,4,4432,10815,15247,1,1011,2353,NOT AVAILABLE,-9091947.638,5086712.741
4045,225432,UNIVERSITY OF HOUSTON-DOWNTOWN,1 MAIN STREET,HOUSTON,TX,77002,1014,(713) 221-8000,1,A,16610,HARRIS,48201,USA,29.7660996,-95.35933795,611310,"COLLEGES, UNIVERSITIES, AND PROFESSIONAL SCHOOLS",https://nces.ed.gov/collegenavigator/?id=225432,12/10/09 0:00,IMAGERY/OTHER,8/15/16 0:00,www.uhd.edu/,48,201,1,2,20,1,11,-2,-2,NOT AVAILABLE,20,4,8242,6997,15239,2,-999,1371,NOT AVAILABLE,-10615352.94,3473519.42
2892,134608,INDIAN RIVER STATE COLLEGE,3209 VIRGINIA AVE,FORT PIERCE,FL,34981,5596,(772) 462-4772,1,A,16681,ST. LUCIE,12111,USA,27.42298656,-80.35832134,611210,JUNIOR COLLEGES,https://nces.ed.gov/collegenavigator/?id=134608,10/13/09 0:00,IMAGERY/OTHER,7/7/16 0:00,www.irsc.edu/,12,111,1,3,30,1,21,-2,-2,NOT AVAILABLE,23,4,10433,4803,15236,2,-999,1445,NOT AVAILABLE,-8945447.413,3176418.456
2940,190567,CUNY CITY COLLEGE,160 CONVENT AVE,NEW YORK,NY,10031,NOT AVAILABLE,(212) 650-7000,1,A,17805,NEW YORK,36061,USA,40.81979371,-73.95055032,611310,"COLLEGES, UNIVERSITIES, AND PROFESSIONAL SCHOOLS",https://nces.ed.gov/collegenavigator/?id=190567,10/13/09 0:00,IMAGERY/OTHER,7/1/16 0:00,www.ccny.cuny.edu/,36,061,1,1,11,1,11,-2,-2,CITY | CITY COLLEGE | CCNY | CITY COLLEGE OF NEW YORK,18,4,4460,10767,15227,1,589,2578,NOT AVAILABLE,-8232137.605,4985797.503
278,179308,SAINT LOUIS COMMUNITY COLLEGE,3221 MCKELVEY ROAD,BRIDGETON,MO,63044,NOT AVAILABLE,(314) 539-5305,1,A,17233,ST. LOUIS,29189,USA,38.76845731,-90.28746203,611210,JUNIOR COLLEGES,https://nces.ed.gov/collegenavigator/?id=179308,10/13/09 0:00,IMAGERY/OTHER,1/28/19 0:00,https://www.stlcc.edu/,29,189,4,2,40,1,21,-2,-2,ST LOUIS COMMUNITY COLLEGE,2,4,9795,5411,15206,2,-999,2027,NOT AVAILABLE,-10050754.3,4688559.129
5746,237011,WESTERN WASHINGTON UNIVERSITY,516 HIGH STREET,BELLINGHAM,WA,98225,9008,(360) 650-3000,1,A,17351,WHATCOM,53073,USA,48.73737855,-122.4850158,611310,"COLLEGES, UNIVERSITIES, AND PROFESSIONAL SCHOOLS",https://nces.ed.gov/collegenavigator/?id=237011,10/13/09 0:00,IMAGERY/OTHER,8/3/16 0:00,wwu.edu/,53,073,1,1,14,1,13,-2,-2,WESTERN WASHINGTON STATE COLLEGE|WESTERN WASHINGTON COLLEGE OF EDUCATION,18,4,1808,13389,15197,1,4040,2154,NOT AVAILABLE,-13634969.59,6230416.945
3404,133508,FLORIDA SOUTHWESTERN STATE COLLEGE,8099 COLLEGE PARKWAY,FORT MYERS,FL,33919,NOT AVAILABLE,(239) 489-9300,1,A,16502,LEE,12071,USA,26.55473743,-81.88737526,611210,JUNIOR COLLEGES,https://nces.ed.gov/collegenavigator/?id=133508,10/13/09 0:00,IMAGERY,7/7/16 0:00,www.fsw.edu/,12,071,1,1,30,1,21,-2,-2,NOT AVAILABLE,23,4,9109,6032,15141,1,402,1361,NOT AVAILABLE,-9115660.917,3067951.365
4891,190619,CUNY KINGSBOROUGH COMMUNITY COLLEGE,2001 ORIENTAL BLVD,BROOKLYN,NY,11235,NOT AVAILABLE,(718) 368-5000,1,A,16728,KINGS,36047,USA,40.57644583,-73.93477875,611210,JUNIOR COLLEGES,https://nces.ed.gov/collegenavigator/?id=190619,10/13/09 0:00,IMAGERY,6/30/16 0:00,www.kbcc.cuny.edu/,36,047,4,1,40,1,11,-2,-2,KCC | KBCC | KINGSBOROUGH CC | KINGSBOROUGH COMMUNITY COLLEGE,2,4,8262,6854,15116,2,-999,1612,NOT AVAILABLE,-8230381.922,4950066.834
1313,190637,CUNY LEHMAN COLLEGE,250 BEDFORD PARK BLVD WEST,BRONX,NY,10468,NOT AVAILABLE,(718) 960-8000,1,A,16943,BRONX,36005,USA,40.873928,-73.894627,611310,"COLLEGES, UNIVERSITIES, AND PROFESSIONAL SCHOOLS",https://nces.ed.gov/collegenavigator/?id=190637,12/31/09 0:00,IMAGERY,6/3/16 0:00,www.lehman.edu/,36,005,1,1,13,1,11,-2,-2,LEHMAN | LEHMAN COLLEGE,18,4,6426,8665,15091,1,19,1852,NOT AVAILABLE,-8225912.25,4993763.819
1662,192448,LONG ISLAND UNIVERSITY,720 NORTHERN BLVD,BROOKVILLE,NY,11548,1327,(516) 299-2900,2,A,16703,NASSAU,36059,USA,40.82071395,-73.59367827,611310,"COLLEGES, UNIVERSITIES, AND PROFESSIONAL SCHOOLS",https://nces.ed.gov/collegenavigator/?id=192448,10/13/09 0:00,IMAGERY,6/30/16 0:00,www.liu.edu/,36,059,2,1,11,1,21,-2,-2,NOT AVAILABLE,18,4,7072,7994,15066,1,2520,1637,NOT AVAILABLE,-8192410.791,4985932.871
2499,155061,FORT HAYS STATE UNIVERSITY,600 PARK ST,HAYS,KS,67601,4099,(785) 628-4000,1,A,16425,ELLIS,20051,USA,38.87243625,-99.3404931,611310,"COLLEGES, UNIVERSITIES, AND PROFESSIONAL SCHOOLS",https://nces.ed.gov/collegenavigator/?id=155061,10/13/09 0:00,IMAGERY,8/11/16 0:00,www.fhsu.edu/,20,051,1,2,13,1,33,-2,-2,FHSU,18,4,8793,6240,15033,1,1731,1392,NOT AVAILABLE,-11058533.11,4703415.597
3707,156125,WICHITA STATE UNIVERSITY,1845 N. FAIRMOUNT,WICHITA,KS,67260,0124,(316) 978-3456,1,A,17612,SEDGWICK,20173,USA,37.71630554,-97.29737545,611310,"COLLEGES, UNIVERSITIES, AND PROFESSIONAL SCHOOLS",https://nces.ed.gov/collegenavigator/?id=156125,12/10/09 0:00,IMAGERY/OTHER,7/7/16 0:00,www.wichita.edu/,20,173,1,2,11,1,11,-2,-2,WSU,16,4,5178,9821,14999,1,1396,2613,NOT AVAILABLE,-10831094.29,4539426.455
475,164924,BOSTON COLLEGE,140 COMMONWEALTH AVENUE,CHESTNUT HILL,MA,02467,NOT AVAILABLE,(617) 552-8000,2,A,19123,MIDDLESEX,25017,USA,42.33620322,-71.16924179,611310,"COLLEGES, UNIVERSITIES, AND PROFESSIONAL SCHOOLS",https://nces.ed.gov/collegenavigator/?id=164924,10/13/09 0:00,IMAGERY,7/7/16 0:00,www.bc.edu/,25,017,2,1,11,1,13,-2,-2,NOT AVAILABLE,15,4,1906,13028,14934,1,7611,4189,NOT AVAILABLE,-7922523.756,5211474.858
5667,122339,SAN DIEGO CITY COLLEGE,1313 PARK BOULEVARD,SAN DIEGO,CA,92101,4787,(619) 388-3400,1,A,15561,SAN DIEGO,06073,USA,32.71885522,-117.151641,611210,JUNIOR COLLEGES,https://nces.ed.gov/collegenavigator/?id=122339,10/13/09 0:00,IMAGERY,7/19/16 0:00,www.sdcity.edu/,06,073,4,1,40,1,11,-2,-2,NOT AVAILABLE,4,4,12914,1951,14865,2,-999,696,NOT AVAILABLE,-13041261.03,3858045.878
5659,117788,LOS ANGELES CITY COLLEGE,855 N VERMONT AVE,LOS ANGELES,CA,90029,NOT AVAILABLE,(323) 953-4000,1,A,15605,LOS ANGELES,06037,USA,34.0873009,-118.2921691,611210,JUNIOR COLLEGES,https://nces.ed.gov/collegenavigator/?id=117788,10/13/09 0:00,IMAGERY,7/18/16 0:00,www.lacitycollege.edu/,06,037,4,1,40,1,11,-2,-2,NOT AVAILABLE,6,4,11331,3469,14800,2,-999,805,NOT AVAILABLE,-13168224.03,4040530.437
10,131113,WILMINGTON UNIVERSITY,320 DUPONT HWY,NEW CASTLE,DE,19720,NOT AVAILABLE,(877) 967-5464,2,A,16867,NEW CASTLE,10003,USA,39.68307946,-75.58631272,611310,"COLLEGES, UNIVERSITIES, AND PROFESSIONAL SCHOOLS",https://nces.ed.gov/collegenavigator/?id=131113,12/31/09 0:00,IMAGERY,10/16/15 0:00,www.wilmu.edu/,10,003,2,1,12,1,21,-2,-2,NOT AVAILABLE,17,4,10616,4153,14769,2,-999,2098,NOT AVAILABLE,-8414229.842,4819994.563
1805,173920,MINNESOTA STATE UNIVERSITY-MANKATO,SOUTH RD AND ELLIS AVE,MANKATO,MN,56001,NOT AVAILABLE,(507) 389-1866,1,A,16365,BLUE EARTH,27013,USA,44.147253,-93.998494,611310,"COLLEGES, UNIVERSITIES, AND PROFESSIONAL SCHOOLS",https://nces.ed.gov/collegenavigator/?id=173920,12/31/09 0:00,IMAGERY,6/2/16 0:00,https://mankato.mnsu.edu/,27,013,1,3,12,1,13,-2,-2,NOT AVAILABLE,18,4,3588,11173,14761,1,2926,1604,NOT AVAILABLE,-10463864.49,5488258.274
2137,113096,COSUMNES RIVER COLLEGE,8401 CENTER PARKWAY,SACRAMENTO,CA,95823,5799,(916) 688-7344,1,A,15287,SACRAMENTO,06067,USA,38.4535796,-121.4225862,611210,JUNIOR COLLEGES,https://nces.ed.gov/collegenavigator/?id=113096,12/10/09 0:00,IMAGERY/OTHER,7/26/16 0:00,https://www.crc.losrios.edu/,06,067,4,3,40,1,11,-2,-2,COSUMNES RIVER | CRC,4,4,11553,3114,14667,2,-999,620,NOT AVAILABLE,-13516700.47,4643701.048
5043,176372,UNIVERSITY OF SOUTHERN MISSISSIPPI,118 COLLEGE DRIVE # 0001,HATTIESBURG,MS,39406,0001,(601) 266-1000,1,A,17101,FORREST,28035,USA,31.327499,-89.33791,611310,"COLLEGES, UNIVERSITIES, AND PROFESSIONAL SCHOOLS",https://nces.ed.gov/collegenavigator/?id=176372,12/31/09 0:00,IMAGERY,10/29/15 0:00,https://www.usm.edu/,28,035,1,3,12,1,13,-2,-2,NOT AVAILABLE,16,4,3476,11130,14606,1,3500,2495,NOT AVAILABLE,-9945050.65,3675354.561
5768,114716,FOOTHILL COLLEGE,12345 EL MONTE RD,LOS ALTOS HILLS,CA,94022,NOT AVAILABLE,(650) 949-7777,1,A,15286,SANTA CLARA,06085,USA,37.36110404,-122.12833,611210,JUNIOR COLLEGES,https://nces.ed.gov/collegenavigator/?id=114716,12/10/09 0:00,IMAGERY/OTHER,7/27/16 0:00,https://foothill.edu/,06,085,1,3,30,1,21,-2,-2,NOT AVAILABLE,3,4,10589,4016,14605,2,-999,681,10782614,-13595263.51,4489560.27
1758,171535,OAKLAND COMMUNITY COLLEGE,2480 OPDYKE RD,BLOOMFIELD HILLS,MI,48304,2266,(248) 341-2000,1,A,15662,OAKLAND,26125,USA,42.595441,-83.244787,611210,JUNIOR COLLEGES,https://nces.ed.gov/collegenavigator/?id=171535,10/13/09 0:00,IMAGERY/OTHER,4/11/19 0:00,https://www.oaklandcc.edu/,26,125,4,2,40,1,21,-2,-2,NOT AVAILABLE,3,4,10272,4239,14511,2,-999,1151,NOT AVAILABLE,-9266767.3,5250595.176
6017,156620,EASTERN KENTUCKY UNIVERSITY,521 LANCASTER AVE,RICHMOND,KY,40475,3102,(859) 622-1000,1,A,16828,MADISON,21151,USA,37.74039579,-84.30135598,611310,"COLLEGES, UNIVERSITIES, AND PROFESSIONAL SCHOOLS",https://nces.ed.gov/collegenavigator/?id=156620,10/13/09 0:00,IMAGERY,6/27/16 0:00,www.eku.edu/,21,151,1,3,13,1,32,-2,-2,EASTERN EKU,18,4,4211,10254,14465,1,4094,2363,NOT AVAILABLE,-9384384.021,4542817.078
5620,160612,SOUTHEASTERN LOUISIANA UNIVERSITY,548 NED MCGEHEE AVE.,HAMMOND,LA,70402,NOT AVAILABLE,(985) 549-2000,1,A,15949,TANGIPAHOA,22105,USA,30.51358011,-90.46855815,611310,"COLLEGES, UNIVERSITIES, AND PROFESSIONAL SCHOOLS",https://nces.ed.gov/collegenavigator/?id=160612,10/13/09 0:00,IMAGERY,7/7/16 0:00,www.southeastern.edu/,22,105,1,1,11,1,13,-2,-2,SOUTHEASTERN,18,4,4670,9756,14426,1,2618,1523,NOT AVAILABLE,-10070913.83,3569738.081
5140,104708,GLENDALE COMMUNITY COLLEGE,6000 W OLIVE AVE,GLENDALE,AZ,85302,NOT AVAILABLE,(623) 845-3000,1,A,15926,MARICOPA,04013,USA,33.57107599,-112.189381,611210,JUNIOR COLLEGES,https://nces.ed.gov/collegenavigator/?id=104708,10/13/09 0:00,IMAGERY/OTHER,7/11/16 0:00,www.gccaz.edu/,04,013,4,2,40,1,21,-2,-2,NOT AVAILABLE,2,4,10241,4133,14374,2,-999,1552,NOT AVAILABLE,-12488864.76,3971352.398
4167,119137,MOORPARK COLLEGE,7075 CAMPUS RD,MOORPARK,CA,93021,1695,(805) 378-1400,1,A,15005,VENTURA,06111,USA,34.30096074,-118.8358435,611210,JUNIOR COLLEGES,https://nces.ed.gov/collegenavigator/?id=119137,12/10/09 0:00,IMAGERY/OTHER,7/27/16 0:00,www.moorparkcollege.edu/index.shtml,06,111,4,2,40,1,22,-2,-2,NOT AVAILABLE,1,4,9624,4737,14361,2,-999,644,10792114,-13228745.59,4069285.646
5485,248934,ECPI UNIVERSITY,5555 GREENWICH RD,VIRGINIA BEACH,VA,23462,NOT AVAILABLE,(757) 490-9090,3,A,16127,VIRGINIA BEACH CITY,51810,USA,36.84253314,-76.17877489,611210,JUNIOR COLLEGES,https://nces.ed.gov/collegenavigator/?id=248934,10/13/09 0:00,IMAGERY/OTHER,8/8/16 0:00,www.ecpi.edu/,51,810,3,1,20,1,11,-2,-2,ECPI,23,4,114,14239,14353,2,-999,1774,NOT AVAILABLE,-8480182.43,4417180.606
1451,183044,UNIVERSITY OF NEW HAMPSHIRE-MAIN CAMPUS,"105 MAIN ST., THOMPSON HALL",DURHAM,NH,03824,3547,(603) 862-1234,1,A,18021,STRAFFORD,33017,USA,43.13423546,-70.9345123,611310,"COLLEGES, UNIVERSITIES, AND PROFESSIONAL SCHOOLS",https://nces.ed.gov/collegenavigator/?id=183044,10/13/09 0:00,IMAGERY/OTHER,11/4/15 0:00,www.unh.edu/,33,017,1,1,11,1,23,-2,-2,NOT AVAILABLE,16,4,1481,12867,14348,1,6862,3673,NOT AVAILABLE,-7896393.789,5332426.223
3669,140951,SAVANNAH COLLEGE OF ART AND DESIGN,342 BULL ST,SAVANNAH,GA,31402,3146,(912) 525-5000,2,A,16051,CHATHAM,13051,USA,32.07743947,-81.1002344,611310,"COLLEGES, UNIVERSITIES, AND PROFESSIONAL SCHOOLS",https://nces.ed.gov/collegenavigator/?id=140951,12/10/09 0:00,IMAGERY/OTHER,7/26/16 0:00,www.scad.edu/,13,051,2,1,20,1,12,-2,-2,SCAD,30,4,3299,10966,14265,1,6317,1786,NOT AVAILABLE,-9028036.797,3773480.058
4530,188030,NEW MEXICO STATE UNIVERSITY-MAIN CAMPUS,2850 WEDDELL STREET,LAS CRUCES,NM,88003,8001,(575) 646-0111,1,A,17389,DOÑA ANA,35013,USA,32.282875,-106.747841,611310,"COLLEGES, UNIVERSITIES, AND PROFESSIONAL SCHOOLS",https://nces.ed.gov/collegenavigator/?id=188030,12/31/09 0:00,IMAGERY,6/3/16 0:00,www.nmsu.edu/,35,013,1,1,11,1,22,-2,-2,NMSU,16,4,3366,10861,14227,1,3517,3162,NOT AVAILABLE,-11883115.3,3800499.913
378,102094,UNIVERSITY OF SOUTH ALABAMA,307 N UNIVERSITY BLVD,MOBILE,AL,36688,0002,(251) 460-6101,1,A,16692,MOBILE,01097,USA,30.69508117,-88.18189048,611310,"COLLEGES, UNIVERSITIES, AND PROFESSIONAL SCHOOLS",https://nces.ed.gov/collegenavigator/?id=102094,12/10/09 0:00,IMAGERY/OTHER,7/7/16 0:00,www.southalabama.edu/,01,097,1,1,11,1,12,-2,-2,NOT AVAILABLE,16,4,2425,11799,14224,1,3217,2468,NOT AVAILABLE,-9816363.145,3593212.622
1951,206941,UNIVERSITY OF CENTRAL OKLAHOMA,100 N UNIVERSITY DR,EDMOND,OK,73034,NOT AVAILABLE,(405) 974-2000,1,A,15970,OKLAHOMA,40109,USA,35.65832862,-97.47152431,611310,"COLLEGES, UNIVERSITIES, AND PROFESSIONAL SCHOOLS",https://nces.ed.gov/collegenavigator/?id=206941,12/10/09 0:00,IMAGERY/OTHER,11/10/15 0:00,https://www.uco.edu/,40,109,1,1,20,1,21,-2,-2,"UCO, CENTRAL",18,4,4380,9752,14132,1,1880,1838,NOT AVAILABLE,-10850480.45,4253709.192
4558,185262,KEAN UNIVERSITY,1000 MORRIS AVENUE,UNION,NJ,07083,NOT AVAILABLE,(908) 737-5326,1,A,15950,UNION,34039,USA,40.67942883,-74.23466832,611310,"COLLEGES, UNIVERSITIES, AND PROFESSIONAL SCHOOLS",https://nces.ed.gov/collegenavigator/?id=185262,12/10/09 0:00,IMAGERY/OTHER,6/6/16 0:00,https://www.kean.edu/,34,039,1,2,11,1,21,-2,-2,KEAN,18,4,3484,10580,14064,1,1974,1886,NOT AVAILABLE,-8263765.477,4965171.86
4116,228529,TARLETON STATE UNIVERSITY,1333 W. WASHINGTON,STEPHENVILLE,TX,76401,0000,(254) 968-9000,1,A,15301,ERATH,48143,USA,32.21566501,-98.2200799,611310,"COLLEGES, UNIVERSITIES, AND PROFESSIONAL SCHOOLS",https://nces.ed.gov/collegenavigator/?id=228529,10/13/09 0:00,IMAGERY/OTHER,7/7/16 0:00,www.tarleton.edu/,48,143,1,1,12,1,33,-2,-2,TARLETON|TEXANS|TSU|TARLETON STATE|,18,4,5001,9015,14016,1,3630,1285,NOT AVAILABLE,-10933809.28,3791653.423
20,131159,AMERICAN UNIVERSITY,4400 MASSACHUSETTS AVE NW,WASHINGTON,DC,20016,8001,(202) 885-1000,2,A,17561,DISTRICT OF COLUMBIA,11001,USA,38.93694264,-77.08894726,611310,"COLLEGES, UNIVERSITIES, AND PROFESSIONAL SCHOOLS",https://nces.ed.gov/collegenavigator/?id=131159,10/13/09 0:00,IMAGERY/OTHER,11/2/15 0:00,www.american.edu/,11,001,2,1,11,1,11,-2,-2,NOT AVAILABLE,16,4,3605,10396,14001,1,4219,3560,NOT AVAILABLE,-8581502.355,4712643.168
3416,139658,EMORY UNIVERSITY,201 DOWMAN DRIVE,ATLANTA,GA,30322,NOT AVAILABLE,(404) 727-6123,2,A,26950,DEKALB,13089,USA,33.79326806,-84.32581769,611310,"COLLEGES, UNIVERSITIES, AND PROFESSIONAL SCHOOLS",https://nces.ed.gov/collegenavigator/?id=139658,12/31/09 0:00,IMAGERY/OTHER,1/25/19 0:00,www.emory.edu/,13,089,2,2,11,1,11,-2,-2,NOT AVAILABLE,15,4,1268,12729,13997,1,4813,12953,NOT AVAILABLE,-9387107.086,4001076.642
613,119216,MT SAN JACINTO COMMUNITY COLLEGE DISTRICT,1499 N. STATE ST.,SAN JACINTO,CA,92583,2399,(951) 487-6752,1,A,15396,RIVERSIDE,06065,USA,33.8073641,-116.9700626,611210,JUNIOR COLLEGES,https://nces.ed.gov/collegenavigator/?id=119216,10/13/09 0:00,IMAGERY,7/7/16 0:00,www.msjc.edu/,06,065,4,2,40,1,22,-2,-2,MT. SAN JACINTO CCD,1,4,8763,5225,13988,2,-999,1408,NOT AVAILABLE,-13021047.81,4002964.969
145,132693,EASTERN FLORIDA STATE COLLEGE,1519 CLEARLAKE RD,COCOA,FL,32922,NOT AVAILABLE,(321) 632-1111,1,A,15391,BREVARD,12009,USA,28.38479052,-80.75812975,611210,JUNIOR COLLEGES,https://nces.ed.gov/collegenavigator/?id=132693,12/10/09 0:00,IMAGERY/OTHER,7/7/16 0:00,www.easternflorida.edu/,12,009,1,3,30,1,21,-2,-2,EFSC,14,4,9429,4508,13937,1,96,1454,NOT AVAILABLE,-8989953.881,3297574.261
2860,160755,TULANE UNIVERSITY OF LOUISIANA,6823 ST. CHARLES AVENUE,NEW ORLEANS,LA,70118,5698,(504) 865-5000,2,A,19524,ORLEANS,22071,USA,29.93969617,-90.12040931,611310,"COLLEGES, UNIVERSITIES, AND PROFESSIONAL SCHOOLS",https://nces.ed.gov/collegenavigator/?id=160755,12/10/09 0:00,IMAGERY,11/16/15 0:00,https://tulane.edu/,22,071,2,2,11,1,11,-2,-2,NOT AVAILABLE,15,4,2780,11147,13927,1,3957,5597,NOT AVAILABLE,-10032158.07,3495800.701
3024,426314,EMBRY-RIDDLE AERONAUTICAL UNIVERSITY-WORLDWIDE,1 AEROSPACE BLVD.,DAYTONA BEACH,FL,32114,3900,(800) 522-6787,2,A,14797,VOLUSIA,12127,USA,29.18926994,-81.04951035,611310,"COLLEGES, UNIVERSITIES, AND PROFESSIONAL SCHOOLS",https://nces.ed.gov/collegenavigator/?id=426314,12/10/09 0:00,IMAGERY,6/7/16 0:00,worldwide.erau.edu/,12,127,2,1,12,1,13,-2,-2,EMBRY RIDDLE AERONAUTICAL UNIVERSITY-WORLDWIDE,28,4,9132,4772,13904,2,-999,893,NOT AVAILABLE,-9022390.222,3399757.983
2231,243221,UNIVERSITY OF PUERTO RICO-RIO PIEDRAS,39 AVENIDA PONCE DE LEON,SAN JUAN,PR,00931,0000,(787) 764-0000,1,A,16329,SAN JUAN,72127,PRI,18.403027,-66.045875,611310,"COLLEGES, UNIVERSITIES, AND PROFESSIONAL SCHOOLS",https://nces.ed.gov/collegenavigator/?id=243221,12/31/09 0:00,IMAGERY,11/24/15 0:00,www.uprrp.edu/,72,127,1,2,11,1,11,-2,-2,NOT AVAILABLE,16,4,2027,11865,13892,2,-999,2437,NOT AVAILABLE,-7352193.174,2084776.526
1939,155210,JOHNSON COUNTY COMMUNITY COLLEGE,12345 COLLEGE BLVD,OVERLAND PARK,KS,66210,1299,(913) 469-8500,1,A,16048,JOHNSON,20091,USA,38.92306106,-94.73082815,611210,JUNIOR COLLEGES,https://nces.ed.gov/collegenavigator/?id=155210,12/10/09 0:00,IMAGERY/OTHER,8/11/16 0:00,www.jccc.edu/,20,091,4,3,40,1,12,-2,-2,JCCC,6,4,9126,4765,13891,2,-999,2157,NOT AVAILABLE,-10545387.55,4710656.714
1810,178420,UNIVERSITY OF MISSOURI-ST LOUIS,ONE UNIVERSITY BOULEVARD,SAINT LOUIS,MO,63121,4400,(314) 516-5000,1,A,15528,ST. LOUIS,29189,USA,38.71129669,-90.30888608,611310,"COLLEGES, UNIVERSITIES, AND PROFESSIONAL SCHOOLS",https://nces.ed.gov/collegenavigator/?id=178420,12/31/09 0:00,IMAGERY/OTHER,11/4/15 0:00,www.umsl.edu/,29,189,1,1,11,1,21,-2,-2,NOT AVAILABLE,16,4,8070,5804,13874,1,1156,1654,NOT AVAILABLE,-10053139.21,4680401.268
6227,193478,NASSAU COMMUNITY COLLEGE,ONE EDUCATION DR,GARDEN CITY,NY,11530,6793,(516) 572-7501,1,A,15664,NASSAU,36059,USA,40.73047464,-73.59073545,611210,JUNIOR COLLEGES,https://nces.ed.gov/collegenavigator/?id=193478,12/10/09 0:00,IMAGERY,6/7/16 0:00,www.ncc.edu/,36,059,4,2,40,1,21,-2,-2,NOT AVAILABLE,1,4,6270,7594,13864,2,-999,1800,NOT AVAILABLE,-8192083.197,4972667.652
5771,127060,UNIVERSITY OF DENVER,2199 S. UNIVERSITY BLVD,DENVER,CO,80208,NOT AVAILABLE,(303) 871-2000,2,A,17194,DENVER,08031,USA,39.68143947,-104.9615317,611310,"COLLEGES, UNIVERSITIES, AND PROFESSIONAL SCHOOLS",https://nces.ed.gov/collegenavigator/?id=127060,12/10/09 0:00,IMAGERY,7/29/16 0:00,www.du.edu/,08,031,2,3,11,1,11,-2,-2,DU,16,4,5160,8696,13856,1,2647,3338,NOT AVAILABLE,-11684264.26,4819757.344
5426,130183,POST UNIVERSITY,800 COUNTRY CLUB RD,WATERBURY,CT,06723,NOT AVAILABLE,(800) 345-2562,3,A,15603,NEW HAVEN,09009,USA,41.53533443,-73.08052461,611310,"COLLEGES, UNIVERSITIES, AND PROFESSIONAL SCHOOLS",https://nces.ed.gov/collegenavigator/?id=130183,10/13/09 0:00,IMAGERY,6/7/16 0:00,www.post.edu/,09,009,3,2,20,1,22,-2,-2,NOT AVAILABLE,18,4,9496,4348,13844,1,431,1759,NOT AVAILABLE,-8135286.787,5091626.942
5588,220075,EAST TENNESSEE STATE UNIVERSITY,1276 GILBREATH DRIVE,JOHNSON CITY,TN,37614,NOT AVAILABLE,(423) 439-1000,1,A,16253,WASHINGTON,47179,USA,36.30164346,-82.36695399,611310,"COLLEGES, UNIVERSITIES, AND PROFESSIONAL SCHOOLS",https://nces.ed.gov/collegenavigator/?id=220075,10/13/09 0:00,IMAGERY/OTHER,8/25/16 0:00,www.etsu.edu/,47,179,1,1,11,1,13,-2,-2,ETSU,17,4,3030,10683,13713,1,2900,2540,NOT AVAILABLE,-9169047.377,4342206.822
356,217475,COMMUNITY COLLEGE OF RHODE ISLAND,400 EAST AVE,WARWICK,RI,02886,1807,(401) 825-1000,1,A,14821,KENT,44003,USA,41.71281702,-71.48150875,611210,JUNIOR COLLEGES,https://nces.ed.gov/collegenavigator/?id=217475,10/13/09 0:00,IMAGERY,7/7/16 0:00,www.ccri.edu/,44,003,4,1,40,1,13,-2,-2,CCRI,1,4,7863,5821,13684,2,-999,1137,NOT AVAILABLE,-7957285.155,5118057.43
3916,215239,COMMUNITY COLLEGE OF PHILADELPHIA,1700 SPRING GARDEN ST,PHILADELPHIA,PA,19130,3991,(215) 751-8000,1,A,14837,PHILADELPHIA,42101,USA,39.96202796,-75.16578982,611210,JUNIOR COLLEGES,https://nces.ed.gov/collegenavigator/?id=215239,10/13/09 0:00,IMAGERY/OTHER,8/24/16 0:00,www.ccp.edu/,42,101,4,1,40,1,11,-2,-2,NOT AVAILABLE,1,4,9396,4276,13672,2,-999,1165,NOT AVAILABLE,-8367417.448,4860425.819
1061,200280,UNIVERSITY OF NORTH DAKOTA,"264 CENTENNIAL DRIVE, STOP 8193",GRAND FORKS,ND,58202,8193,(800) 225-5863,1,A,16446,GRAND FORKS,38035,USA,47.921654,-97.071738,611310,"COLLEGES, UNIVERSITIES, AND PROFESSIONAL SCHOOLS",https://nces.ed.gov/collegenavigator/?id=200280,12/31/09 0:00,IMAGERY/OTHER,11/3/15 0:00,https://und.edu/,38,035,1,1,11,1,13,-2,-2,NOT AVAILABLE,16,4,4697,8918,13615,1,5731,2831,NOT AVAILABLE,-10805976.44,6093830.735
8,243601,UNIVERSIDAD ANA G. MENDEZ-GURABO CAMPUS,CARR. # 189 KM 3.3,GURABO,PR,00778,3030,(787) 743-7979 EXT 4000,2,A,14764,GURABO,72063,PRI,18.239647,-66.006259,611310,"COLLEGES, UNIVERSITIES, AND PROFESSIONAL SCHOOLS",https://nces.ed.gov/collegenavigator/?id=243601,12/31/09 0:00,IMAGERY,6/3/16 0:00,gurabo.uagm.edu/,72,063,2,2,11,1,21,-2,-2,UAGM GURABO,17,4,4035,9518,13553,2,-999,1211,NOT AVAILABLE,-7347783.141,2065617.964
5753,221999,VANDERBILT UNIVERSITY,2101 WEST END AVENUE,NASHVILLE,TN,37240,NOT AVAILABLE,(615) 322-7311,2,A,19417,DAVIDSON,47037,USA,36.14442982,-86.80487465,611310,"COLLEGES, UNIVERSITIES, AND PROFESSIONAL SCHOOLS",https://nces.ed.gov/collegenavigator/?id=221999,10/13/09 0:00,IMAGERY/OTHER,8/25/16 0:00,www.vanderbilt.edu/,47,037,2,1,11,1,11,-2,-2,NOT AVAILABLE,15,4,1228,12309,13537,1,5079,5880,NOT AVAILABLE,-9663074.444,4320512.935
411,211440,CARNEGIE MELLON UNIVERSITY,5000 FORBES AVENUE,PITTSBURGH,PA,15213,3890,(412) 268-2000,2,A,19307,ALLEGHENY,42003,USA,40.44359759,-79.94348507,611310,"COLLEGES, UNIVERSITIES, AND PROFESSIONAL SCHOOLS",https://nces.ed.gov/collegenavigator/?id=211440,12/10/09 0:00,IMAGERY/OTHER,8/19/16 0:00,www.cmu.edu/,42,003,2,1,12,1,11,-2,-2,CARNEGIE MELLON; CMU,15,4,1199,12320,13519,1,4055,5788,NOT AVAILABLE,-8899268.05,4930615.623
976,163268,UNIVERSITY OF MARYLAND-BALTIMORE COUNTY,1000 HILLTOP CIRCLE,BALTIMORE,MD,21250,NOT AVAILABLE,(410) 455-1000,1,A,15909,BALTIMORE,24005,USA,39.25668589,-76.71160698,611310,"COLLEGES, UNIVERSITIES, AND PROFESSIONAL SCHOOLS",https://nces.ed.gov/collegenavigator/?id=163268,10/13/09 0:00,IMAGERY/OTHER,11/6/15 0:00,umbc.edu/,24,005,1,2,12,1,21,-2,-2,UMBC,16,4,3061,10436,13497,1,4022,2412,NOT AVAILABLE,-8539497.027,4758506.603
647,141334,UNIVERSITY OF WEST GEORGIA,1601 MAPLE ST,CARROLLTON,GA,30118,0001,(678) 839-5000,1,A,15073,CARROLL,13045,USA,33.57442135,-85.09900651,611310,"COLLEGES, UNIVERSITIES, AND PROFESSIONAL SCHOOLS",https://nces.ed.gov/collegenavigator/?id=141334,10/13/09 0:00,IMAGERY,7/7/16 0:00,www.westga.edu/,13,045,1,3,12,1,31,-2,-2,NOT AVAILABLE,17,4,5239,8180,13419,1,2835,1654,NOT AVAILABLE,-9473178.072,3971799.363
5668,122384,SAN DIEGO MIRAMAR COLLEGE,10440 BLACK MOUNTAIN RD,SAN DIEGO,CA,92126,2999,(619) 388-7800,1,A,14026,SAN DIEGO,06073,USA,32.90954595,-117.1208877,611210,JUNIOR COLLEGES,https://nces.ed.gov/collegenavigator/?id=122384,10/13/09 0:00,IMAGERY,7/19/16 0:00,www.sdmiramar.edu/,06,073,4,1,40,1,11,-2,-2,NOT AVAILABLE,5,4,11516,1892,13408,2,-999,618,NOT AVAILABLE,-13037837.59,3883303.846
569,364025,CHANDLER-GILBERT COMMUNITY COLLEGE,2626 E PECOS RD,CHANDLER,AZ,85225,2499,(480) 732-7000,1,A,14479,MARICOPA,04013,USA,33.2938972,-111.7959224,611210,JUNIOR COLLEGES,https://nces.ed.gov/collegenavigator/?id=364025,10/13/09 0:00,IMAGERY/OTHER,7/7/16 0:00,www.cgc.maricopa.edu/,04,013,4,3,40,1,11,-2,-2,NOT AVAILABLE,2,4,9598,3797,13395,1,34,1084,NOT AVAILABLE,-12445065.16,3934379.191
5253,231174,UNIVERSITY OF VERMONT,85 S PROSPECT ST,BURLINGTON,VT,05405,0160,(802) 656-3131,1,A,17417,CHITTENDEN,50007,USA,44.47926159,-73.19812816,611310,"COLLEGES, UNIVERSITIES, AND PROFESSIONAL SCHOOLS",https://nces.ed.gov/collegenavigator/?id=231174,10/13/09 0:00,IMAGERY,8/4/16 0:00,www.uvm.edu/,50,007,1,1,11,1,13,-2,-2,UNIVERSITY OF VERMONT AND STATE AGRICULTURAL COLLEGE UVM UVT VERMONT,16,4,1449,11843,13292,1,5872,4125,NOT AVAILABLE,-8148378.354,5539911.063
4170,158662,DELGADO COMMUNITY COLLEGE,615 CITY PARK AVENUE,NEW ORLEANS,LA,70119,NOT AVAILABLE,(504) 671-5000,1,A,14531,ORLEANS,22071,USA,29.98514899,-90.10396223,611210,JUNIOR COLLEGES,https://nces.ed.gov/collegenavigator/?id=158662,12/10/09 0:00,IMAGERY/OTHER,7/7/16 0:00,www.dcc.edu/,22,071,4,1,40,1,11,-2,-2,NOT AVAILABLE,4,4,8459,4792,13251,2,-999,1280,NOT AVAILABLE,-10030327.19,3501641.027
5333,181303,METROPOLITAN COMMUNITY COLLEGE AREA,30 & FORT STREET,OMAHA,NE,68111,1610,(531) 622-2400,1,A,15025,DOUGLAS,31055,USA,41.30588325,-95.95785182,611210,JUNIOR COLLEGES,https://nces.ed.gov/collegenavigator/?id=181303,10/13/09 0:00,IMAGERY/OTHER,7/7/16 0:00,www.mccneb.edu/,31,055,4,1,40,1,11,-2,-2,NOT AVAILABLE,6,4,8641,4603,13244,2,-999,1781,NOT AVAILABLE,-10681979.2,5057564.606
291,186399,RUTGERS UNIVERSITY-NEWARK,"249 UNIVERSITY AVENUE, BLUMENTHAL HALL",NEWARK,NJ,07102,NOT AVAILABLE,(973) 353-1766,1,A,15191,ESSEX,34013,USA,40.74190246,-74.17492232,611310,"COLLEGES, UNIVERSITIES, AND PROFESSIONAL SCHOOLS",https://nces.ed.gov/collegenavigator/?id=186399,10/13/09 0:00,IMAGERY,7/7/16 0:00,https://www.newark.rutgers.edu/,34,013,1,1,11,1,11,-2,-2,RUTGERS UNIVERSITY-NEWARK; RUTGERS UNIVERSITY; NEWARK; RUTGERS; RU-NEWARK,16,4,3453,9778,13231,1,2444,1960,NOT AVAILABLE,-8257114.582,4974346.55
2155,210605,COMMUNITY COLLEGE OF ALLEGHENY COUNTY,800 ALLEGHENY AVE,PITTSBURGH,PA,15233,1895,(412) 323-2323,1,A,14888,ALLEGHENY,42003,USA,40.44936795,-80.0139369,611210,JUNIOR COLLEGES,https://nces.ed.gov/collegenavigator/?id=210605,12/10/09 0:00,IMAGERY/OTHER,7/7/16 0:00,https://www.ccac.edu/,42,003,4,3,40,1,11,-2,-2,CCAC,5,4,8900,4317,13217,2,-999,1671,NOT AVAILABLE,-8907110.712,4931459.7
2293,106458,ARKANSAS STATE UNIVERSITY,2105 E. AGGIE ROAD,JONESBORO,AR,72401,NOT AVAILABLE,(870) 972-2100,1,A,15053,CRAIGHEAD,05031,USA,35.84363421,-90.6778724,611310,"COLLEGES, UNIVERSITIES, AND PROFESSIONAL SCHOOLS",https://nces.ed.gov/collegenavigator/?id=106458,12/31/09 0:00,IMAGERY,7/8/16 0:00,www.astate.edu/,05,031,1,2,11,1,13,-2,-2,A-STATE,18,4,6641,6465,13106,1,3642,1947,NOT AVAILABLE,-10094214.58,4279126.957
2396,177995,METROPOLITAN COMMUNITY COLLEGE-KANSAS CITY,3200 BROADWAY,KANSAS CITY,MO,64111,2429,(816) 604-1000,1,A,15983,JACKSON,29095,USA,39.06860252,-94.59051109,611210,JUNIOR COLLEGES,https://nces.ed.gov/collegenavigator/?id=177995,12/10/09 0:00,IMAGERY/OTHER,1/28/19 0:00,www.mcckc.edu/,29,095,4,2,40,1,11,-2,-2,MCC-KC,5,4,7170,5915,13085,2,-999,2898,NOT AVAILABLE,-10529767.53,4731503.065
957,138354,THE UNIVERSITY OF WEST FLORIDA,11000 UNIVERSITY PARKWAY,PENSACOLA,FL,32514,5750,(850) 474-2000,1,A,14804,ESCAMBIA,12033,USA,30.54917485,-87.21844861,611310,"COLLEGES, UNIVERSITIES, AND PROFESSIONAL SCHOOLS",https://nces.ed.gov/collegenavigator/?id=138354,10/13/09 0:00,IMAGERY,11/20/15 0:00,uwf.edu/,12,033,1,1,12,1,13,-2,-2,UNIVERSITY OF WEST FLORIDA,17,4,6039,7022,13061,1,1483,1743,NOT AVAILABLE,-9709113.287,3574338.283
1633,180814,BELLEVUE UNIVERSITY,1000 GALVIN RD S,BELLEVUE,NE,68005,3098,(402) 291-8100,2,A,14569,SARPY,31153,USA,41.15022533,-95.91763979,611310,"COLLEGES, UNIVERSITIES, AND PROFESSIONAL SCHOOLS",https://nces.ed.gov/collegenavigator/?id=180814,10/13/09 0:00,IMAGERY/OTHER,6/29/16 0:00,www.bellevue.edu/,31,153,2,3,12,1,21,-2,-2,NOT AVAILABLE,18,4,4259,8800,13059,1,331,1510,NOT AVAILABLE,-10677502.82,5034525.182
5415,238263,MADISON AREA TECHNICAL COLLEGE,1701 WRIGHT STREET,MADISON,WI,53704,2599,(608) 246-6100,1,A,15018,DANE,55025,USA,43.12184331,-89.32778604,611210,JUNIOR COLLEGES,https://nces.ed.gov/collegenavigator/?id=238263,12/10/09 0:00,IMAGERY/OTHER,7/7/16 0:00,madisoncollege.edu/,55,025,1,1,40,1,11,-2,-2,MADISON COLLEGE,14,4,9419,3638,13057,2,-999,1961,NOT AVAILABLE,-9943923.655,5330536.068
5571,115001,GLENDALE COMMUNITY COLLEGE,1500 N VERDUGO RD,GLENDALE,CA,91208,2894,(818) 240-1000,1,A,14045,LOS ANGELES,06037,USA,34.16642157,-118.2282512,611210,JUNIOR COLLEGES,https://nces.ed.gov/collegenavigator/?id=115001,10/13/09 0:00,IMAGERY/OTHER,7/26/16 0:00,https://www.glendale.edu/,06,037,4,2,40,1,12,-2,-2,GCC | GLENDALE COLLEGE,4,4,6491,6482,12973,2,-999,1072,NOT AVAILABLE,-13161108.72,4051170.328
1180,130907,DELAWARE TECHNICAL COMMUNITY COLLEGE-TERRY,100 CAMPUS DRIVE,DOVER,DE,19901,NOT AVAILABLE,(302) 857-1000,1,A,14512,KENT,10001,USA,39.1983709,-75.56011992,611210,JUNIOR COLLEGES,https://nces.ed.gov/collegenavigator/?id=130907,10/13/09 0:00,IMAGERY,6/7/16 0:00,https://www.dtcc.edu/,10,001,1,1,30,1,13,-2,-2,DELAWARE TECH,1,4,8648,4307,12955,2,-999,1557,NOT AVAILABLE,-8411314.074,4750126.466
629,149231,SOUTHERN ILLINOIS UNIVERSITY-EDWARDSVILLE,IL STATE RTE 157,EDWARDSVILLE,IL,62026,1259,(888) 328-5168,1,A,15303,MADISON,17119,USA,38.793949,-89.997779,611310,"COLLEGES, UNIVERSITIES, AND PROFESSIONAL SCHOOLS",https://nces.ed.gov/collegenavigator/?id=149231,12/31/09 0:00,IMAGERY,8/4/16 0:00,www.siue.edu/,17,119,1,2,11,1,21,-2,-2,SIUE,18,4,3494,9366,12860,1,3093,2443,NOT AVAILABLE,-10018506.93,4692199.365
3365,200332,NORTH DAKOTA STATE UNIVERSITY-MAIN CAMPUS,1301 12TH AVENUE NORTH,FARGO,ND,58108,6050,(701) 231-8011,1,A,15380,CASS,38017,USA,46.89452277,-96.80568852,611310,"COLLEGES, UNIVERSITIES, AND PROFESSIONAL SCHOOLS",https://nces.ed.gov/collegenavigator/?id=200332,10/13/09 0:00,IMAGERY/OTHER,6/14/16 0:00,https://www.ndsu.edu/,38,017,1,2,11,1,12,-2,-2,"NORTH DAKOTA STATE UNIVERSITY, NDSU",16,4,2499,10347,12846,1,5563,2534,NOT AVAILABLE,-10776359.95,5924874.465
343,194310,PACE UNIVERSITY,1 PACE PLAZA,NEW YORK,NY,10038,1598,(212) 346-1200,2,A,16030,NEW YORK,36061,USA,40.71170978,-74.00487381,611310,"COLLEGES, UNIVERSITIES, AND PROFESSIONAL SCHOOLS",https://nces.ed.gov/collegenavigator/?id=194310,10/13/09 0:00,IMAGERY/OTHER,7/7/16 0:00,www.pace.edu/,36,061,2,2,11,1,11,-2,-2,PACE UNIVERSITY,17,4,2970,9865,12835,1,3780,3195,NOT AVAILABLE,-8238184.869,4969911.469
37,243197,UNIVERSITY OF PUERTO RICO-MAYAGUEZ,259 BOULEVARD ALFONSO VALDEZ,MAYAGUEZ,PR,00681,NOT AVAILABLE,(787) 832-4040,1,A,15150,MAYAGÜEZ,72097,PRI,18.212964,-67.143911,611310,"COLLEGES, UNIVERSITIES, AND PROFESSIONAL SCHOOLS",https://nces.ed.gov/collegenavigator/?id=243197,12/31/09 0:00,IMAGERY,11/24/15 0:00,https://www.uprm.edu/,72,097,1,2,12,1,13,-2,-2,UPRM|RUM|COLEGIO|COLEGIO DE MAYAGÜEZ|UPR-MAYAGUEZ|CAAM|RECINTO DE MAYAGÜEZ|,19,4,1200,11625,12825,2,-999,2325,NOT AVAILABLE,-7474425.982,2062490.728
2197,152080,UNIVERSITY OF NOTRE DAME,400 MAIN BUILDING,NOTRE DAME,IN,46556,NOT AVAILABLE,(574) 631-5000,2,A,19035,ST. JOSEPH,18141,USA,41.699587,-86.237075,611310,"COLLEGES, UNIVERSITIES, AND PROFESSIONAL SCHOOLS",https://nces.ed.gov/collegenavigator/?id=152080,12/31/09 0:00,IMAGERY,8/8/16 0:00,www.nd.edu/,18,141,2,2,11,1,21,-2,-2,NOTRE DAME | FIGHTING IRISH | ND,15,4,276,12533,12809,1,7103,6226,NOT AVAILABLE,-9599867.277,5116084.719
5072,190558,COLLEGE OF STATEN ISLAND CUNY,2800 VICTORY BLVD,STATEN ISLAND,NY,10314,NOT AVAILABLE,(718) 982-2000,1,A,14598,RICHMOND,36085,USA,40.60394885,-74.14870105,611310,"COLLEGES, UNIVERSITIES, AND PROFESSIONAL SCHOOLS",https://nces.ed.gov/collegenavigator/?id=190558,10/13/09 0:00,IMAGERY,6/13/16 0:00,www.csi.cuny.edu/,36,085,1,2,11,1,11,-2,-2,STATEN ISLAND | CSI | COLLEGE OF STATEN ISLAND,18,4,3259,9538,12797,1,442,1801,NOT AVAILABLE,-8254195.644,4954098.559
4416,156365,CAMPBELLSVILLE UNIVERSITY,1 UNIVERSITY DR,CAMPBELLSVILLE,KY,42718,2799,(270) 789-5000 EXT 5000,2,A,13821,TAYLOR,21217,USA,37.34334245,-85.34894311,611310,"COLLEGES, UNIVERSITIES, AND PROFESSIONAL SCHOOLS",https://nces.ed.gov/collegenavigator/?id=156365,10/13/09 0:00,IMAGERY,6/8/16 0:00,https://www.campbellsville.edu/,21,217,2,3,12,1,32,-2,-2,NOT AVAILABLE,18,4,3673,9098,12771,1,1676,1050,NOT AVAILABLE,-9501000.887,4487072.964
5092,199102,NORTH CAROLINA A & T STATE UNIVERSITY,1601 E MARKET ST,GREENSBORO,NC,27411,NOT AVAILABLE,(336) 334-7500,1,A,14746,GUILFORD,37081,USA,36.07673654,-79.77015167,611310,"COLLEGES, UNIVERSITIES, AND PROFESSIONAL SCHOOLS",https://nces.ed.gov/collegenavigator/?id=199102,10/13/09 0:00,IMAGERY,6/14/16 0:00,www.ncat.edu/,37,081,1,2,12,1,11,-2,-2,NCAT,16,4,1919,10834,12753,1,5587,1993,NOT AVAILABLE,-8879972.664,4311185.345
3403,133386,DAYTONA STATE COLLEGE,1200 W. INTERNATIONAL SPEEDWAY BLVD.,DAYTONA BEACH,FL,32114,NOT AVAILABLE,(386) 506-3000,1,A,14124,VOLUSIA,12127,USA,29.20228642,-81.05126606,611210,JUNIOR COLLEGES,https://nces.ed.gov/collegenavigator/?id=133386,10/13/09 0:00,IMAGERY,7/7/16 0:00,www.daytonastate.edu/,12,127,1,1,30,1,13,-2,-2,DSC,23,4,7736,4992,12728,2,-999,1396,NOT AVAILABLE,-9022585.666,3401417.843
325,227854,ST PHILIP'S COLLEGE,1801 MARTIN LUTHER KING DR,SAN ANTONIO,TX,78203,2098,(210) 486-2000,1,A,13532,BEXAR,48029,USA,29.41456033,-98.45298709,611210,JUNIOR COLLEGES,https://nces.ed.gov/collegenavigator/?id=227854,12/10/09 0:00,IMAGERY/OTHER,8/22/16 0:00,www.alamo.edu/spc/,48,029,4,1,40,1,11,-2,-2,NOT AVAILABLE,9,4,11126,1570,12696,2,-999,836,NOT AVAILABLE,-10959736.39,3428516.832
2138,118912,MIRACOSTA COLLEGE,ONE BARNARD DRIVE,OCEANSIDE,CA,92056,3899,(760) 757-2121,1,A,13753,SAN DIEGO,06073,USA,33.19087385,-117.3020327,611210,JUNIOR COLLEGES,https://nces.ed.gov/collegenavigator/?id=118912,12/10/09 0:00,IMAGERY/OTHER,7/7/16 0:00,www.miracosta.edu/,06,073,1,1,30,1,21,-2,-2,NOT AVAILABLE,1,4,7971,4674,12645,2,-999,1108,10820593,-13058002.54,3920666.767
3944,228431,STEPHEN F AUSTIN STATE UNIVERSITY,"2008 ALUMNI DRIVE, RUSK 206",NACOGDOCHES,TX,75961,NOT AVAILABLE,(936) 468-2011,1,A,14301,NACOGDOCHES,48347,USA,31.62240863,-94.64689106,611310,"COLLEGES, UNIVERSITIES, AND PROFESSIONAL SCHOOLS",https://nces.ed.gov/collegenavigator/?id=228431,10/13/09 0:00,IMAGERY/OTHER,8/22/16 0:00,www.sfasu.edu/,48,347,1,1,12,1,33,-2,-2,"SFASU, SFA, STEPHEN F, STEPHEN F. AUSTIN",18,4,3144,9476,12620,1,4441,1681,NOT AVAILABLE,-10536043.72,3713847.31
4159,239248,MILWAUKEE AREA TECHNICAL COLLEGE,700 W STATE ST,MILWAUKEE,WI,53233,1443,(414) 297-6370,1,A,14607,MILWAUKEE,55079,USA,43.04359028,-87.92081844,611210,JUNIOR COLLEGES,https://nces.ed.gov/collegenavigator/?id=239248,10/13/09 0:00,IMAGERY/OTHER,7/7/16 0:00,matc.edu/,55,079,4,3,40,1,11,-2,-2,MATC,7,4,9002,3616,12618,2,-999,1989,NOT AVAILABLE,-9787300.739,5318609.087
637,137096,SANTA FE COLLEGE,3000 NORTHWEST 83RD STREET,GAINESVILLE,FL,32606,6210,(352) 395-5000,1,A,13753,ALACHUA,12001,USA,29.68247048,-82.43261403,611210,JUNIOR COLLEGES,https://nces.ed.gov/collegenavigator/?id=137096,10/13/09 0:00,IMAGERY/OTHER,7/7/16 0:00,www.sfcollege.edu/,12,001,1,3,30,1,22,-2,-2,NOT AVAILABLE,14,4,7264,5343,12607,2,-999,1146,NOT AVAILABLE,-9176356.618,3462799.335
3410,230603,SOUTHERN UTAH UNIVERSITY,351 WEST UNIVERSITY BLVD,CEDAR CITY,UT,84720,NOT AVAILABLE,(435) 586-7700,1,A,13780,IRON,49021,USA,37.674617,-113.070146,611310,"COLLEGES, UNIVERSITIES, AND PROFESSIONAL SCHOOLS",https://nces.ed.gov/collegenavigator/?id=230603,12/31/09 0:00,IMAGERY,8/10/16 0:00,https://www.suu.edu/,49,021,1,3,20,1,33,-2,-2,NOT AVAILABLE,18,4,4541,8041,12582,1,913,1198,NOT AVAILABLE,-12586911.08,4533561.535
711,476975,COLORADO STATE UNIVERSITY-GLOBAL CAMPUS,585 SALIDA WAY,AURORA,CO,80011,0000,(800) 920-6723,1,A,13341,ARAPAHOE,08005,USA,39.724793,-104.78675,611310,"COLLEGES, UNIVERSITIES, AND PROFESSIONAL SCHOOLS",https://nces.ed.gov/collegenavigator/?id=476975,11/4/13 0:00,IMAGERY/OTHER,5/25/22 0:00,https://csuglobal.edu/,08,005,1,2,20,1,11,-2,-2,NOT AVAILABLE,18,4,10155,2423,12578,2,-999,763,NOT AVAILABLE,-11664807.65,4826030.172
3861,123217,COLLEGE OF THE SEQUOIAS,915 S. MOONEY BLVD,VISALIA,CA,93277,2214,(559) 730-3700,1,A,13379,TULARE,06107,USA,36.3229568,-119.3147752,611210,JUNIOR COLLEGES,https://nces.ed.gov/collegenavigator/?id=123217,10/13/09 0:00,IMAGERY/OTHER,7/7/16 0:00,www.cos.edu/,06,107,4,2,40,1,12,-2,-2,NOT AVAILABLE,4,4,7442,5129,12571,2,-999,808,NOT AVAILABLE,-13282060.02,4345151.208
2437,122889,SANTA BARBARA CITY COLLEGE,721 CLIFF DRIVE,SANTA BARBARA,CA,93109,2394,(805) 965-0581,1,A,13444,SANTA BARBARA,06083,USA,34.40678836,-119.6980452,611210,JUNIOR COLLEGES,https://nces.ed.gov/collegenavigator/?id=122889,10/13/09 0:00,IMAGERY,7/22/16 0:00,www.sbcc.edu/,06,083,4,1,40,1,13,-2,-2,SBCC,1,4,7125,5400,12525,2,-999,919,NOT AVAILABLE,-13324725.44,4083555.433
3840,127820,PIKES PEAK COMMUNITY COLLEGE,5675 S ACADEMY BLVD,COLORADO SPRINGS,CO,80906,5498,(719) 502-2000,1,A,13558,EL PASO,08041,USA,38.76428661,-104.7872608,611210,JUNIOR COLLEGES,https://nces.ed.gov/collegenavigator/?id=127820,12/10/09 0:00,IMAGERY/OTHER,7/7/16 0:00,www.ppcc.edu/,08,041,1,1,30,1,21,-2,-2,PPCC,5,4,8112,4394,12506,2,-999,1052,10806134,-11664864.51,4687963.673
979,444130,NORTHCENTRAL UNIVERSITY,11355 N. TORREY PINES ROAD,LA JOLLA,CA,92037,NOT AVAILABLE,(888) 327-2877,2,A,13097,SAN DIEGO,06073,USA,32.736693,-117.214925,611310,"COLLEGES, UNIVERSITIES, AND PROFESSIONAL SCHOOLS",https://nces.ed.gov/collegenavigator/?id=444130,10/13/09 0:00,IMAGERY/OTHER,3/7/19 0:00,www.ncu.edu/,06,073,2,1,12,1,11,-2,-2,NOT AVAILABLE,17,4,7503,4968,12471,2,-999,626,NOT AVAILABLE,-13048305.76,3860406.289
5074,190673,CUNY QUEENSBOROUGH COMMUNITY COLLEGE,222-05 56TH AVE,BAYSIDE,NY,11364,1497,(718) 631-6262,1,A,13996,QUEENS,36081,USA,40.754858,-73.754548,611210,JUNIOR COLLEGES,https://nces.ed.gov/collegenavigator/?id=190673,12/31/09 0:00,IMAGERY,6/3/16 0:00,www.qcc.cuny.edu/,36,081,4,1,40,1,11,-2,-2,QCC | QUEENSBOROUGH CC | QUEENSBOROUGH COMMUNITY COLLEGE,1,4,4908,7497,12405,2,-999,1591,NOT AVAILABLE,-8210318.727,4976250.24
5560,126580,UNIVERSITY OF COLORADO COLORADO SPRINGS,1420 AUSTIN BLUFFS PARKWAY,COLORADO SPRINGS,CO,80918,NOT AVAILABLE,(719) 255-3000,1,A,13971,EL PASO,08041,USA,38.8927346,-104.800296,611310,"COLLEGES, UNIVERSITIES, AND PROFESSIONAL SCHOOLS",https://nces.ed.gov/collegenavigator/?id=126580,10/13/09 0:00,IMAGERY,7/28/16 0:00,https://www.uccs.edu/,08,041,1,3,11,1,11,-2,-2,UCCS,18,4,4138,8242,12380,1,1719,1591,NOT AVAILABLE,-11666315.59,4706318.351
297,228246,SOUTHERN METHODIST UNIVERSITY,6425 BOAZ ST,DALLAS,TX,75275,0221,(214) 768-2000,2,A,15204,DALLAS,48113,USA,32.8452543,-96.78485525,611310,"COLLEGES, UNIVERSITIES, AND PROFESSIONAL SCHOOLS",https://nces.ed.gov/collegenavigator/?id=228246,10/13/09 0:00,IMAGERY,8/18/16 0:00,https://www.smu.edu/,48,113,2,3,11,1,21,-2,-2,SMU,16,4,3069,9304,12373,1,3403,2831,NOT AVAILABLE,-10774040.8,3874782.026
571,235097,EASTERN WASHINGTON UNIVERSITY,526 5TH STREET,CHENEY,WA,99004,2496,(509) 359-6200,1,A,13716,SPOKANE,53063,USA,47.49129315,-117.5893713,611310,"COLLEGES, UNIVERSITIES, AND PROFESSIONAL SCHOOLS",https://nces.ed.gov/collegenavigator/?id=235097,10/13/09 0:00,IMAGERY,7/7/16 0:00,www.ewu.edu/,53,063,1,2,13,1,31,-2,-2,EWU,18,4,2541,9808,12349,1,2318,1367,NOT AVAILABLE,-13089988.94,6022637.579
5577,141264,VALDOSTA STATE UNIVERSITY,1500 N PATTERSON ST,VALDOSTA,GA,31698,NOT AVAILABLE,(229) 333-5800,1,A,13567,LOWNDES,13185,USA,30.84923561,-83.2899252,611310,"COLLEGES, UNIVERSITIES, AND PROFESSIONAL SCHOOLS",https://nces.ed.gov/collegenavigator/?id=141264,10/13/09 0:00,IMAGERY/OTHER,8/2/16 0:00,www.valdosta.edu/,13,185,1,2,11,1,13,-2,-2,VSU; VALDOSTA STATE; VALDOSTA STATE COLLEGE; V-STATE,17,4,4162,8142,12304,1,2857,1263,NOT AVAILABLE,-9271792.062,3613184.957
3799,234669,BELLEVUE COLLEGE,3000 LANDERHOLM CIR SE,BELLEVUE,WA,98007,6484,(425) 564-1000,1,A,13400,KING,53033,USA,47.58477806,-122.1499547,611210,JUNIOR COLLEGES,https://nces.ed.gov/collegenavigator/?id=234669,10/13/09 0:00,IMAGERY,7/7/16 0:00,https://bellevuecollege.edu/,53,033,1,1,30,1,12,-2,-2,BC,14,4,5539,6747,12286,1,400,1114,NOT AVAILABLE,-13597670.75,6038052.609
3426,153737,KIRKWOOD COMMUNITY COLLEGE,6301 KIRKWOOD BLVD SW,CEDAR RAPIDS,IA,52406,2068,(319) 398-5411,1,A,13689,LINN,19113,USA,41.91126782,-91.65117154,611210,JUNIOR COLLEGES,https://nces.ed.gov/collegenavigator/?id=153737,10/13/09 0:00,IMAGERY,7/7/16 0:00,www.kirkwood.edu/,19,113,4,2,40,1,12,-2,-2,NOT AVAILABLE,6,4,7973,4304,12277,2,-999,1412,NOT AVAILABLE,-10202561.75,5147697.047
697,224554,TEXAS A & M UNIVERSITY-COMMERCE,2600 SOUTH NEAL STREET,COMMERCE,TX,75428,3011,(888) 868-2682,1,A,13510,HUNT,48231,USA,33.24381448,-95.90691259,611310,"COLLEGES, UNIVERSITIES, AND PROFESSIONAL SCHOOLS",https://nces.ed.gov/collegenavigator/?id=224554,10/13/09 0:00,IMAGERY/OTHER,8/19/16 0:00,www.tamuc.edu/,48,231,1,2,12,1,32,-2,-2,A&M-COMMERCE,16,4,4742,7507,12249,1,2876,1261,NOT AVAILABLE,-10676308.67,3927711.154
5094,200004,WESTERN CAROLINA UNIVERSITY,HIGHWAY 107,CULLOWHEE,NC,28723,9646,(828) 227-7100,1,A,14067,JACKSON,37099,USA,35.30936691,-83.18455456,611310,"COLLEGES, UNIVERSITIES, AND PROFESSIONAL SCHOOLS",https://nces.ed.gov/collegenavigator/?id=200004,12/31/09 0:00,IMAGERY,10/20/15 0:00,www.wcu.edu/,37,099,1,1,11,1,32,-2,-2,WESTERN,18,4,2609,9634,12243,1,4552,1824,NOT AVAILABLE,-9260062.255,4206002.752
5049,179159,SAINT LOUIS UNIVERSITY,ONE NORTH GRAND BLVD,SAINT LOUIS,MO,63103,2097,(314) 977-2222,2,A,17516,ST. LOUIS CITY,29510,USA,38.63651622,-90.23343003,611310,"COLLEGES, UNIVERSITIES, AND PROFESSIONAL SCHOOLS",https://nces.ed.gov/collegenavigator/?id=179159,10/13/09 0:00,IMAGERY,6/10/16 0:00,www.slu.edu/,29,510,2,1,11,1,11,-2,-2,NOT AVAILABLE,16,4,1493,10736,12229,1,4083,5287,NOT AVAILABLE,-10044739.48,4669738.574
5336,207449,OKLAHOMA CITY COMMUNITY COLLEGE,7777 S MAY AVE,OKLAHOMA CITY,OK,73159,9987,(405) 682-1611,1,A,12935,OKLAHOMA,40109,USA,35.38769927,-97.57010921,611210,JUNIOR COLLEGES,https://nces.ed.gov/collegenavigator/?id=207449,10/13/09 0:00,IMAGERY/OTHER,8/18/16 0:00,www.occc.edu/,40,109,4,1,40,1,11,-2,-2,"OCCC, O TRIPLE C, O TRIP, O TRIP C,",2,4,8387,3840,12227,2,-999,708,NOT AVAILABLE,-10861454.87,4216693.543
218,168148,TUFTS UNIVERSITY,NOT AVAILABLE,MEDFORD,MA,02155,5555,(617) 628-5000,2,A,17113,MIDDLESEX,25017,USA,42.406004,-71.120641,611310,"COLLEGES, UNIVERSITIES, AND PROFESSIONAL SCHOOLS",https://nces.ed.gov/collegenavigator/?id=168148,12/31/09 0:00,IMAGERY,7/7/16 0:00,https://www.tufts.edu/,25,017,2,2,11,1,21,-2,-2,NOT AVAILABLE,15,4,1201,11018,12219,1,4070,4894,NOT AVAILABLE,-7917113.541,5221992.235
5676,123527,SAN BERNARDINO VALLEY COLLEGE,701 SOUTH MOUNT VERNON AVENUE,SAN BERNARDINO,CA,92410,2798,(909) 384-4400,1,A,13244,SAN BERNARDINO,06071,USA,34.08824587,-117.3106446,611210,JUNIOR COLLEGES,https://nces.ed.gov/collegenavigator/?id=123527,10/13/09 0:00,IMAGERY/OTHER,7/22/16 0:00,www.valleycollege.edu/,06,071,4,2,40,1,12,-2,-2,NOT AVAILABLE,4,4,8410,3796,12206,2,-999,1038,NOT AVAILABLE,-13058961.22,4040657.454
2136,116439,IRVINE VALLEY COLLEGE,5500 IRVINE CENTER DRIVE,IRVINE,CA,92618,0301,(949) 451-5100,1,A,12968,ORANGE,06059,USA,33.67692859,-117.7775221,611210,JUNIOR COLLEGES,https://nces.ed.gov/collegenavigator/?id=116439,12/10/09 0:00,IMAGERY/OTHER,7/7/16 0:00,www.ivc.edu/,06,059,4,3,40,1,11,-2,-2,NOT AVAILABLE,1,4,7998,4201,12199,2,-999,769,NOT AVAILABLE,-13110933.78,3985503.487
3443,149842,WILLIAM RAINEY HARPER COLLEGE,1200 W ALGONQUIN RD,PALATINE,IL,60067,7398,(847) 925-6000,1,A,13604,COOK,17031,USA,42.08086295,-88.06961934,611210,JUNIOR COLLEGES,https://nces.ed.gov/collegenavigator/?id=149842,10/13/09 0:00,IMAGERY,8/8/16 0:00,https://www.harpercollege.edu/index.php,17,031,4,2,40,1,21,-2,-2,HARPER COLLEGE,6,4,7794,4405,12199,2,-999,1405,NOT AVAILABLE,-9803865.179,5173100.028
1192,156921,JEFFERSON COMMUNITY AND TECHNICAL COLLEGE,101 W BROADWAY,LOUISVILLE,KY,40202,2005,(502) 213-2200,1,A,12931,JEFFERSON,21111,USA,38.24628926,-85.7528782,611210,JUNIOR COLLEGES,https://nces.ed.gov/collegenavigator/?id=156921,10/13/09 0:00,IMAGERY/OTHER,1/25/19 0:00,https://jefferson.kctcs.edu/,21,111,4,1,40,1,11,-2,-2,NOT AVAILABLE,7,4,9065,3131,12196,2,-999,735,NOT AVAILABLE,-9545966.736,4614276.887
221,170055,GRAND RAPIDS COMMUNITY COLLEGE,143 BOSTWICK AVE NE,GRAND RAPIDS,MI,49503,3295,(616) 234-4000,1,A,13191,KENT,26081,USA,42.96640819,-85.66657094,611210,JUNIOR COLLEGES,https://nces.ed.gov/collegenavigator/?id=170055,10/13/09 0:00,IMAGERY/OTHER,7/7/16 0:00,https://www.grcc.edu/,26,081,4,3,40,1,12,-2,-2,NOT AVAILABLE,2,4,8482,3625,12107,2,-999,1084,NOT AVAILABLE,-9536359.055,5306860.228
338,130794,YALE UNIVERSITY,WOODBRIDGE HALL,NEW HAVEN,CT,06520,NOT AVAILABLE,(203) 432-4771,2,A,28878,NEW HAVEN,09009,USA,41.31230826,-72.92251114,611310,"COLLEGES, UNIVERSITIES, AND PROFESSIONAL SCHOOLS",https://nces.ed.gov/collegenavigator/?id=130794,10/13/09 0:00,IMAGERY,7/7/16 0:00,https://www.yale.edu/,09,009,2,1,11,1,12,-2,-2,NOT AVAILABLE,15,4,155,11905,12060,1,5576,16818,NOT AVAILABLE,-8117696.807,5058516.772
564,109350,ANTELOPE VALLEY COLLEGE,3041 WEST AVE K,LANCASTER,CA,93536,5426,(661) 722-6300,1,A,13223,LOS ANGELES,06037,USA,34.67620733,-118.1861665,611210,JUNIOR COLLEGES,https://nces.ed.gov/collegenavigator/?id=109350,10/13/09 0:00,IMAGERY,7/7/16 0:00,www.avc.edu/,06,037,1,1,30,1,21,-2,-2,NOT AVAILABLE,1,4,8275,3782,12057,2,-999,1166,10820633,-13156423.87,4119965.61
1857,230171,DIXIE STATE UNIVERSITY,225 S UNIVERSITY AVENUE,SAINT GEORGE,UT,84770,3876,(435) 652-7500,1,A,13327,WASHINGTON,49053,USA,37.10387487,-113.565894,611310,"COLLEGES, UNIVERSITIES, AND PROFESSIONAL SCHOOLS",https://nces.ed.gov/collegenavigator/?id=230171,10/13/09 0:00,IMAGERY,8/10/16 0:00,dixie.edu/,49,053,1,3,20,1,13,-2,-2,DIXIE,23,4,4799,7244,12043,1,651,1284,NOT AVAILABLE,-12642097.49,4453595.512
5372,126289,ARAPAHOE COMMUNITY COLLEGE,5900 S. SANTA FE DR.,LITTLETON,CO,80160,9002,(303) 797-4222,1,A,12727,ARAPAHOE,08005,USA,39.60750518,-105.018631,611210,JUNIOR COLLEGES,https://nces.ed.gov/collegenavigator/?id=126289,12/10/09 0:00,IMAGERY/OTHER,7/7/16 0:00,www.arapahoe.edu/,08,005,1,1,30,1,21,-2,-2,NOT AVAILABLE,9,4,9936,2065,12001,2,-999,726,NOT AVAILABLE,-11690620.53,4809068.859
5272,240189,UNIVERSITY OF WISCONSIN-WHITEWATER,800 W MAIN ST,WHITEWATER,WI,53190,1790,(262) 472-1234,1,A,13246,WALWORTH,55127,USA,42.835563,-88.74236834,611310,"COLLEGES, UNIVERSITIES, AND PROFESSIONAL SCHOOLS",https://nces.ed.gov/collegenavigator/?id=240189,10/13/09 0:00,IMAGERY,7/29/16 0:00,www.uww.edu/,55,127,1,1,13,1,32,-2,-2,NOT AVAILABLE,18,4,2539,9450,11989,1,4346,1257,NOT AVAILABLE,-9878755.255,5286976.258
5267,237525,MARSHALL UNIVERSITY,1 JOHN MARSHALL DR,HUNTINGTON,WV,25755,NOT AVAILABLE,(304) 696-3170,1,A,13921,CABELL,54011,USA,38.42261,-82.43065,611310,"COLLEGES, UNIVERSITIES, AND PROFESSIONAL SCHOOLS",https://nces.ed.gov/collegenavigator/?id=237525,12/31/09 0:00,IMAGERY,7/27/16 0:00,https://www.marshall.edu/,54,011,1,3,11,1,13,-2,-2,NOT AVAILABLE,18,4,2969,8989,11958,1,2350,1963,NOT AVAILABLE,-9176137.984,4639299.66
3841,102553,UNIVERSITY OF ALASKA ANCHORAGE,3211 PROVIDENCE DRIVE,ANCHORAGE,AK,99508,NOT AVAILABLE,(907) 786-1800,1,A,13923,ANCHORAGE,02020,USA,61.18955412,-149.8261349,611310,"COLLEGES, UNIVERSITIES, AND PROFESSIONAL SCHOOLS",https://nces.ed.gov/collegenavigator/?id=102553,10/13/09 0:00,IMAGERY,7/7/16 0:00,www.uaa.alaska.edu/,02,020,1,1,12,1,11,-2,-2,UAA,18,4,7082,4871,11953,1,996,1970,10822636,-16678569.04,8669478.127
3627,161767,ANNE ARUNDEL COMMUNITY COLLEGE,101 COLLEGE PKY,ARNOLD,MD,21012,1895,(410) 777-2222,1,A,13538,ANNE ARUNDEL,24003,USA,39.04981282,-76.5122235,611210,JUNIOR COLLEGES,https://nces.ed.gov/collegenavigator/?id=161767,10/13/09 0:00,IMAGERY/OTHER,7/7/16 0:00,www.aacc.edu/,24,003,4,2,40,1,21,-2,-2,AACC,2,4,8760,3188,11948,2,-999,1590,NOT AVAILABLE,-8517301.759,4728809.345
2532,111920,CHABOT COLLEGE,25555 HESPERIAN BLVD,HAYWARD,CA,94545,NOT AVAILABLE,(510) 723-6600,1,A,12626,ALAMEDA,06001,USA,37.64251277,-122.106969,611210,JUNIOR COLLEGES,https://nces.ed.gov/collegenavigator/?id=111920,12/10/09 0:00,IMAGERY/OTHER,7/26/16 0:00,www.chabotcollege.edu/,06,001,4,2,40,1,21,-2,-2,NOT AVAILABLE,1,4,8535,3387,11922,2,-999,704,NOT AVAILABLE,-13592885.61,4529047.221
5693,112172,CITRUS COLLEGE,1000 W FOOTHILL BLVD,GLENDORA,CA,91741,1899,(626) 963-0323,1,A,12619,LOS ANGELES,06037,USA,34.13548669,-117.8852657,611210,JUNIOR COLLEGES,https://nces.ed.gov/collegenavigator/?id=112172,10/13/09 0:00,IMAGERY/OTHER,7/26/16 0:00,https://www.citruscollege.edu/,06,037,4,1,40,1,21,-2,-2,NOT AVAILABLE,1,4,7377,4486,11863,2,-999,756,NOT AVAILABLE,-13122927.75,4047009.12
171,146472,COLLEGE OF LAKE COUNTY,19351 W WASHINGTON ST.,GRAYSLAKE,IL,60030,1198,(847) 543-2000,1,A,13288,LAKE,17097,USA,42.35588101,-88.01239211,611210,JUNIOR COLLEGES,https://nces.ed.gov/collegenavigator/?id=146472,10/13/09 0:00,IMAGERY,7/7/16 0:00,www.clcillinois.edu/,17,097,4,2,40,1,21,-2,-2,NOT AVAILABLE,9,4,7888,3966,11854,2,-999,1434,NOT AVAILABLE,-9797494.673,5214438.668
2827,174783,SAINT CLOUD STATE UNIVERSITY,720 FOURTH AVE. SOUTH,SAINT CLOUD,MN,56301,4498,(320) 308-0121,1,A,13081,STEARNS,27145,USA,45.5532272,-94.15265736,611310,"COLLEGES, UNIVERSITIES, AND PROFESSIONAL SCHOOLS",https://nces.ed.gov/collegenavigator/?id=174783,10/13/09 0:00,IMAGERY,6/29/16 0:00,https://www.stcloudstate.edu/,27,145,1,1,12,1,13,-2,-2,ST. CLOUD STATE UNIVERSITY; ST. CLOUD STATE; SCSU,18,4,5266,6575,11841,1,2506,1240,NOT AVAILABLE,-10481025.87,5709040.358
662,206695,YOUNGSTOWN STATE UNIVERSITY,ONE UNIVERSITY PLAZA,YOUNGSTOWN,OH,44555,0001,(877) 468-6978,1,A,13335,MAHONING,39099,USA,41.10589398,-80.6468878,611310,"COLLEGES, UNIVERSITIES, AND PROFESSIONAL SCHOOLS",https://nces.ed.gov/collegenavigator/?id=206695,10/13/09 0:00,IMAGERY/OTHER,8/16/16 0:00,https://ysu.edu/,39,099,1,1,11,1,13,-2,-2,NOT AVAILABLE,18,4,2875,8960,11835,1,805,1500,NOT AVAILABLE,-8977570.484,5027973.57
449,240727,UNIVERSITY OF WYOMING,CORNER OF NINTH AND IVINSON,LARAMIE,WY,82071,NOT AVAILABLE,(307) 766-1121,1,A,14737,ALBANY,56001,USA,41.311943,-105.57204,611310,"COLLEGES, UNIVERSITIES, AND PROFESSIONAL SCHOOLS",https://nces.ed.gov/collegenavigator/?id=240727,12/31/09 0:00,IMAGERY/OTHER,7/18/16 0:00,www.uwyo.edu/,56,001,1,1,11,1,33,-2,-2,UW,16,4,2482,9347,11829,1,2899,2908,NOT AVAILABLE,-11752225.73,5058462.64
2311,125028,VENTURA COLLEGE,4667 TELEGRAPH RD,VENTURA,CA,93003,3872,(805) 654-6400,1,A,12365,VENTURA,06111,USA,34.27703463,-119.2306587,611210,JUNIOR COLLEGES,https://nces.ed.gov/collegenavigator/?id=125028,10/13/09 0:00,IMAGERY,7/25/16 0:00,www.venturacollege.edu/,06,111,4,2,40,1,12,-2,-2,NOT AVAILABLE,1,4,8406,3383,11789,2,-999,576,NOT AVAILABLE,-13272696.21,4066061.946
166,142276,IDAHO STATE UNIVERSITY,921 S 8TH AVE,POCATELLO,ID,83209,NOT AVAILABLE,(208) 282-2700,1,A,13645,BANNOCK,16005,USA,42.86410777,-112.4290842,611310,"COLLEGES, UNIVERSITIES, AND PROFESSIONAL SCHOOLS",https://nces.ed.gov/collegenavigator/?id=142276,12/31/09 0:00,IMAGERY,7/7/16 0:00,www.isu.edu/,16,005,1,1,11,1,13,-2,-2,ISU,17,4,4678,7088,11766,1,1213,1879,NOT AVAILABLE,-12515548.4,5291310.485
914,229355,TYLER JUNIOR COLLEGE,1400 EAST FIFTH STREET,TYLER,TX,75701,NOT AVAILABLE,(903) 510-2200,1,A,13048,SMITH,48423,USA,32.33601535,-95.28412915,611210,JUNIOR COLLEGES,https://nces.ed.gov/collegenavigator/?id=229355,10/13/09 0:00,IMAGERY/OTHER,7/7/16 0:00,www.tjc.edu/,48,423,1,3,30,1,12,-2,-2,NOT AVAILABLE,4,4,6145,5604,11749,1,1151,1299,NOT AVAILABLE,-10606980.74,3807499.133
2322,110486,CALIFORNIA STATE UNIVERSITY-BAKERSFIELD,9001 STOCKDALE HWY,BAKERSFIELD,CA,93311,1099,(661) 654-2782,1,A,13040,KERN,06029,USA,35.35025099,-119.1045979,611310,"COLLEGES, UNIVERSITIES, AND PROFESSIONAL SCHOOLS",https://nces.ed.gov/collegenavigator/?id=110486,10/13/09 0:00,IMAGERY/OTHER,7/25/16 0:00,www.csub.edu/,06,029,1,1,14,1,11,-2,-2,CSU BAKERSFIELD,18,4,1992,9753,11745,1,496,1295,NOT AVAILABLE,-13258663.19,4211581.312
1836,195030,UNIVERSITY OF ROCHESTER,WILSON BLVD. - WALLIS HALL,ROCHESTER,NY,14627,0011,(585) 275-3221,2,A,21328,MONROE,36055,USA,43.126397,-77.631202,611310,"COLLEGES, UNIVERSITIES, AND PROFESSIONAL SCHOOLS",https://nces.ed.gov/collegenavigator/?id=195030,12/31/09 0:00,IMAGERY,10/29/15 0:00,https://www.rochester.edu/,36,055,2,1,11,1,12,-2,-2,NOT AVAILABLE,15,4,2290,9451,11741,1,1350,9587,NOT AVAILABLE,-8641865.876,5331230.591
4176,161253,UNIVERSITY OF MAINE,168 COLLEGE AVENUE,ORONO,ME,04469,NOT AVAILABLE,(207) 581-1865,1,A,14221,PENOBSCOT,23019,USA,44.899257,-68.669332,611310,"COLLEGES, UNIVERSITIES, AND PROFESSIONAL SCHOOLS",https://nces.ed.gov/collegenavigator/?id=161253,12/31/09 0:00,IMAGERY,7/7/16 0:00,www.umaine.edu/,23,019,1,1,12,1,23,-2,-2,NOT AVAILABLE,16,4,3083,8658,11741,1,3117,2480,NOT AVAILABLE,-7644235.071,5605675.481
3773,221740,THE UNIVERSITY OF TENNESSEE-CHATTANOOGA,615 MCCALLIE AVE,CHATTANOOGA,TN,37403,2598,(423) 425-4111,1,A,13754,HAMILTON,47065,USA,35.04824726,-85.29981228,611310,"COLLEGES, UNIVERSITIES, AND PROFESSIONAL SCHOOLS",https://nces.ed.gov/collegenavigator/?id=221740,10/13/09 0:00,IMAGERY,8/23/16 0:00,www.utc.edu/,47,065,1,1,11,1,12,-2,-2,UTC,18,4,1754,9974,11728,1,3351,2026,NOT AVAILABLE,-9495531.668,4170439.688
3803,238722,FOX VALLEY TECHNICAL COLLEGE,1825 N BLUEMOUND DR,APPLETON,WI,54912,2277,(920) 735-5600,1,A,13060,OUTAGAMIE,55087,USA,44.28317352,-88.45892972,611210,JUNIOR COLLEGES,https://nces.ed.gov/collegenavigator/?id=238722,10/13/09 0:00,IMAGERY/OTHER,7/7/16 0:00,https://www.fvtc.edu/,55,087,4,3,40,1,22,-2,-2,FVTC,9,4,9886,1825,11711,2,-999,1349,NOT AVAILABLE,-9847203.012,5509369.026
4746,196592,TOURO COLLEGE,500 7TH AVENUE,NEW YORK,NY,10018,NOT AVAILABLE,(646) 565-6000,2,A,14139,NEW YORK,36061,USA,40.753362,-73.989488,611310,"COLLEGES, UNIVERSITIES, AND PROFESSIONAL SCHOOLS",https://nces.ed.gov/collegenavigator/?id=196592,10/13/09 0:00,IMAGERY/OTHER,1/29/19 0:00,www.touro.edu/,36,061,2,3,11,1,11,-2,-2,NOT AVAILABLE,18,4,4400,7299,11699,1,403,2440,NOT AVAILABLE,-8236472.128,4976030.399
4559,185828,NEW JERSEY INSTITUTE OF TECHNOLOGY,UNIVERSITY HEIGHTS,NEWARK,NJ,07102,NOT AVAILABLE,(973) 596-3000,1,A,13482,ESSEX,34013,USA,40.741997,-74.177113,611310,"COLLEGES, UNIVERSITIES, AND PROFESSIONAL SCHOOLS",https://nces.ed.gov/collegenavigator/?id=185828,12/31/09 0:00,IMAGERY,6/3/16 0:00,www.njit.edu/,34,013,1,1,12,1,11,-2,-2,NJIT,16,4,2903,8749,11652,1,1960,1830,NOT AVAILABLE,-8257358.448,4974360.44
1399,218894,TRIDENT TECHNICAL COLLEGE,7000 RIVERS AVENUE,CHARLESTON,SC,29423,8067,(843) 574-6111,1,A,12684,CHARLESTON,45019,USA,32.92549387,-80.03050446,611210,JUNIOR COLLEGES,https://nces.ed.gov/collegenavigator/?id=218894,12/10/09 0:00,IMAGERY/OTHER,7/7/16 0:00,https://www.tridenttech.edu/,45,019,4,3,40,1,12,-2,-2,NOT AVAILABLE,4,4,7425,4225,11650,2,-999,1034,NOT AVAILABLE,-8908955.004,3885418.691
1851,202480,UNIVERSITY OF DAYTON,300 COLLEGE PARK,DAYTON,OH,45469,NOT AVAILABLE,(937) 229-1000,2,A,14723,MONTGOMERY,39113,USA,39.74046444,-84.17978875,611310,"COLLEGES, UNIVERSITIES, AND PROFESSIONAL SCHOOLS",https://nces.ed.gov/collegenavigator/?id=202480,10/13/09 0:00,IMAGERY/OTHER,8/11/16 0:00,https://udayton.edu/,39,113,2,2,11,1,12,-2,-2,NOT AVAILABLE,16,4,1191,10459,11650,1,7016,3073,NOT AVAILABLE,-9370851.219,4828298.645
4195,447689,GEORGIA GWINNETT COLLEGE,1000 UNIVERSITY CENTER LANE,LAWRENCEVILLE,GA,30043,NOT AVAILABLE,(678) 407-5000,1,A,12641,GWINNETT,13135,USA,33.97991514,-84.00113509,611310,"COLLEGES, UNIVERSITIES, AND PROFESSIONAL SCHOOLS",https://nces.ed.gov/collegenavigator/?id=447689,10/13/09 0:00,IMAGERY,8/1/16 0:00,www.ggc.edu/,13,135,1,3,30,1,21,-2,-2,NOT AVAILABLE,22,4,4007,7620,11627,1,970,1014,NOT AVAILABLE,-9350963.584,4026105.439
4742,465812,INDEPENDENCE UNIVERSITY,4021 S 700 E STE 400,SALT LAKE CITY,UT,84107,NOT AVAILABLE,(800) 972-5149,2,A,12602,SALT LAKE,49035,USA,40.68421116,-111.870068,611310,"COLLEGES, UNIVERSITIES, AND PROFESSIONAL SCHOOLS",https://nces.ed.gov/collegenavigator/?id=465812,6/25/13 0:00,IMAGERY/OTHER,5/31/16 0:00,www.independence.edu/,49,035,2,1,20,1,21,-2,-2,BRANCH OF STEVENS-HENAGER COLLEGE,26,4,-999,11578,11578,2,-999,1024,NOT AVAILABLE,-12453319.01,4965873.875
320,239105,MARQUETTE UNIVERSITY,1250 W WISCONSIN AVENUE,MILWAUKEE,WI,53233,NOT AVAILABLE,(414) 288-7710,2,A,14361,MILWAUKEE,55079,USA,43.03718292,-87.93108826,611310,"COLLEGES, UNIVERSITIES, AND PROFESSIONAL SCHOOLS",https://nces.ed.gov/collegenavigator/?id=239105,10/13/09 0:00,IMAGERY/OTHER,8/1/16 0:00,www.marquette.edu/,55,079,2,1,11,1,11,-2,-2,NOT AVAILABLE,16,4,1291,10259,11550,1,5295,2811,NOT AVAILABLE,-9788443.969,5317633.18
2564,201645,CASE WESTERN RESERVE UNIVERSITY,10900 EUCLID AVE,CLEVELAND,OH,44106,NOT AVAILABLE,(216) 368-2000,2,A,16040,CUYAHOGA,39035,USA,41.50409549,-81.60489286,611310,"COLLEGES, UNIVERSITIES, AND PROFESSIONAL SCHOOLS",https://nces.ed.gov/collegenavigator/?id=201645,12/10/09 0:00,IMAGERY,8/16/16 0:00,www.case.edu/,39,035,2,1,11,1,11,-2,-2,CWRU|CASE|CASE WESTERN RESERVE,15,4,1009,10456,11465,1,4400,4575,NOT AVAILABLE,-9084215.119,5086982.393
5681,127741,UNIVERSITY OF NORTHERN COLORADO,CARTER HALL - RM 4000,GREELEY,CO,80639,NOT AVAILABLE,(970) 351-1890,1,A,12990,WELD,08123,USA,40.403178,-104.701721,611310,"COLLEGES, UNIVERSITIES, AND PROFESSIONAL SCHOOLS",https://nces.ed.gov/collegenavigator/?id=127741,12/31/09 0:00,IMAGERY,7/29/16 0:00,https://www.unco.edu/,08,123,1,2,12,1,12,-2,-2,NOT AVAILABLE,16,4,3755,7705,11460,1,3448,1530,NOT AVAILABLE,-11655342.27,4924705.149
2383,160038,NORTHWESTERN STATE UNIVERSITY OF LOUISIANA,175 SAM SIBLEY DRIVE,NATCHITOCHES,LA,71497,0002,(318) 357-6011,1,A,12460,NATCHITOCHES,22069,USA,31.750675,-93.097715,611310,"COLLEGES, UNIVERSITIES, AND PROFESSIONAL SCHOOLS",https://nces.ed.gov/collegenavigator/?id=160038,12/31/09 0:00,IMAGERY,6/2/16 0:00,www.nsula.edu/,22,069,1,1,11,1,33,-2,-2,NSU | NSULA | NORTHWESTERN STATE UNIVERSITY | NORTHWESTERN | NWSU,18,4,5051,6396,11447,1,1492,1013,NOT AVAILABLE,-10363590.23,3730627.159
5679,125471,WEST LOS ANGELES COLLEGE,9000 OVERLAND AVENUE,CULVER CITY,CA,90230,3519,(310) 287-4200,1,A,12061,LOS ANGELES,06037,USA,34.00557829,-118.3875785,611210,JUNIOR COLLEGES,https://nces.ed.gov/collegenavigator/?id=125471,10/13/09 0:00,IMAGERY,7/25/16 0:00,www.wlac.edu/,06,037,1,2,30,1,21,-2,-2,"WEST LA COLLEGE, WEST L.A. COLLEGE, WEST LA, WEST L.A., WLAC, WESTLA",5,4,9473,1944,11417,2,-999,644,NOT AVAILABLE,-13178844.95,4029551.079
2403,183743,BERGEN COMMUNITY COLLEGE,400 PARAMUS RD,PARAMUS,NJ,07652,1595,(201) 447-7200,1,A,12569,BERGEN,34003,USA,40.95178184,-74.0888036,611210,JUNIOR COLLEGES,https://nces.ed.gov/collegenavigator/?id=183743,10/13/09 0:00,IMAGERY/OTHER,6/13/16 0:00,https://www.bergen.edu/,34,003,4,2,40,1,21,-2,-2,NOT AVAILABLE,1,4,5415,5994,11409,2,-999,1160,NOT AVAILABLE,-8247527.89,5005232.096
4037,219356,SOUTH DAKOTA STATE UNIVERSITY,1004 CAMPANILE AVE,BROOKINGS,SD,57007,1898,(800) 952-3541,1,A,13288,BROOKINGS,46011,USA,44.31942,-96.783415,611310,"COLLEGES, UNIVERSITIES, AND PROFESSIONAL SCHOOLS",https://nces.ed.gov/collegenavigator/?id=219356,12/31/09 0:00,IMAGERY,8/24/16 0:00,https://www.sdstate.edu/,46,011,1,2,11,1,33,-2,-2,NOT AVAILABLE,16,4,3104,8301,11405,1,4620,1883,NOT AVAILABLE,-10773880.48,5515006.961
5760,115126,GOLDEN WEST COLLEGE,15744 GOLDENWEST ST.,HUNTINGTON BEACH,CA,92647,2710,(714) 892-7711,1,A,12031,ORANGE,06059,USA,33.73377455,-118.0030355,611210,JUNIOR COLLEGES,https://nces.ed.gov/collegenavigator/?id=115126,12/10/09 0:00,IMAGERY/OTHER,7/27/16 0:00,www.goldenwestcollege.edu/,06,059,4,1,40,1,21,-2,-2,NOT AVAILABLE,1,4,7891,3505,11396,2,-999,635,NOT AVAILABLE,-13136037.82,3993110.226
3503,228875,TEXAS CHRISTIAN UNIVERSITY,2800 S UNIVERSITY DR,FORT WORTH,TX,76129,NOT AVAILABLE,(817) 257-7000,2,A,14068,TARRANT,48439,USA,32.70956756,-97.3615366,611310,"COLLEGES, UNIVERSITIES, AND PROFESSIONAL SCHOOLS",https://nces.ed.gov/collegenavigator/?id=228875,10/13/09 0:00,IMAGERY/OTHER,8/15/16 0:00,www.tcu.edu/,48,439,2,2,11,1,11,-2,-2,TCU,16,4,382,10997,11379,1,4945,2689,NOT AVAILABLE,-10838236.68,3856817.062
177,149222,SOUTHERN ILLINOIS UNIVERSITY-CARBONDALE,LINCOLN DRIVE,CARBONDALE,IL,62901,4512,(618) 453-2121,1,A,16170,JACKSON,17077,USA,37.717389,-89.221214,611310,"COLLEGES, UNIVERSITIES, AND PROFESSIONAL SCHOOLS",https://nces.ed.gov/collegenavigator/?id=149222,12/31/09 0:00,IMAGERY,8/4/16 0:00,www.siu.edu/,17,077,1,1,11,1,13,-2,-2,NOT AVAILABLE,16,4,2691,8675,11366,1,4492,4804,NOT AVAILABLE,-9932060.11,4539578.925
5382,163657,PRINCE GEORGE'S COMMUNITY COLLEGE,301 LARGO RD,LARGO,MD,20774,2199,(301) 546-7422,1,A,12968,PRINCE GEORGE'S,24033,USA,38.88849461,-76.82415694,611210,JUNIOR COLLEGES,https://nces.ed.gov/collegenavigator/?id=163657,12/10/09 0:00,IMAGERY/OTHER,7/7/16 0:00,www.pgcc.edu/,24,033,4,1,40,1,21,-2,-2,PGCC|PRINCE GEORGES COMMUNITY COLLEGE|PRINCE GEORGES COLLEGE|PRINCE GEORGE'S|,1,4,7853,3504,11357,2,-999,1611,10817388,-8552026.032,4705711.944
222,170240,HENRY FORD COLLEGE,5101 EVERGREEN RD,DEARBORN,MI,48128,1495,(313) 845-9600,1,A,12290,WAYNE,26163,USA,42.32457734,-83.23840852,611210,JUNIOR COLLEGES,https://nces.ed.gov/collegenavigator/?id=170240,10/13/09 0:00,IMAGERY,7/7/16 0:00,https://www.hfcc.edu/,26,163,1,2,30,1,13,-2,-2,NOT AVAILABLE,2,4,7294,4051,11345,2,-999,945,NOT AVAILABLE,-9266057.251,5209724.24
2363,110361,CALIFORNIA BAPTIST UNIVERSITY,8432 MAGNOLIA AVE,RIVERSIDE,CA,92504,3297,(877) 228-3615,2,A,12757,RIVERSIDE,06065,USA,33.92893479,-117.4256778,611310,"COLLEGES, UNIVERSITIES, AND PROFESSIONAL SCHOOLS",https://nces.ed.gov/collegenavigator/?id=110361,12/10/09 0:00,IMAGERY/OTHER,1/24/19 0:00,www.calbaptist.edu/,06,065,2,2,12,1,11,-2,-2,CBU,18,4,2220,9097,11317,1,3459,1440,NOT AVAILABLE,-13071766.66,4019263.691
4230,482705,NORTHEASTERN UNIVERSITY LIFELONG LEARNING NETWORK,360 HUNTINGTON AVE,BOSTON,MA,02115,NOT AVAILABLE,(617) 373-2000,2,A,12592,SUFFOLK,25025,USA,42.33947704,-71.08784113,611310,"COLLEGES, UNIVERSITIES, AND PROFESSIONAL SCHOOLS",https://nces.ed.gov/collegenavigator/?id=482705,8/10/15 0:00,IMAGERY/OTHER,9/4/15 0:00,https://www.northeastern.edu/learnforlife/,25,025,2,1,13,1,11,-2,-2,NOT AVAILABLE,18,4,7811,3499,11310,2,-999,1282,NOT AVAILABLE,-7913462.276,5211967.888
2470,117724,LOS ANGELES TRADE TECHNICAL COLLEGE,400 W WASHINGTON BLVD,LOS ANGELES,CA,90015,4181,(213) 763-7000,1,A,12014,LOS ANGELES,06037,USA,34.03262327,-118.2691135,611210,JUNIOR COLLEGES,https://nces.ed.gov/collegenavigator/?id=117724,10/13/09 0:00,IMAGERY/OTHER,7/26/16 0:00,www.lattc.edu/,06,037,4,1,40,1,11,-2,-2,NOT AVAILABLE,8,4,9163,2122,11285,2,-999,729,NOT AVAILABLE,-13165657.49,4033183.376
6028,166683,MASSACHUSETTS INSTITUTE OF TECHNOLOGY,77 MASSACHUSETTS AVENUE,CAMBRIDGE,MA,02139,4307,(617) 253-1000,2,A,25286,MIDDLESEX,25017,USA,42.36009534,-71.09211458,611310,"COLLEGES, UNIVERSITIES, AND PROFESSIONAL SCHOOLS",https://nces.ed.gov/collegenavigator/?id=166683,10/13/09 0:00,IMAGERY/OTHER,6/28/16 0:00,web.mit.edu/,25,017,2,3,12,1,12,-2,-2,"MIT, M.I.T.",15,4,254,11000,11254,1,5965,14032,NOT AVAILABLE,-7913937.995,5215073.538
1735,137759,TALLAHASSEE COMMUNITY COLLEGE,444 APPLEYARD DR,TALLAHASSEE,FL,32304,2895,(850) 201-6200,1,A,12688,LEON,12073,USA,30.44386587,-84.33899976,611210,JUNIOR COLLEGES,https://nces.ed.gov/collegenavigator/?id=137759,12/10/09 0:00,IMAGERY/OTHER,7/7/16 0:00,www.tcc.fl.edu/,12,073,1,3,30,1,12,-2,-2,NOT AVAILABLE,1,4,5507,5738,11245,2,-999,1443,NOT AVAILABLE,-9388574.507,3560733.212
3991,177472,OZARKS TECHNICAL COMMUNITY COLLEGE,1001 E. CHESTNUT EXPRESSWAY,SPRINGFIELD,MO,65802,NOT AVAILABLE,(417) 447-7500,1,A,12883,GREENE,29077,USA,37.21647896,-93.27998547,611210,JUNIOR COLLEGES,https://nces.ed.gov/collegenavigator/?id=177472,10/13/09 0:00,IMAGERY/OTHER,7/7/16 0:00,www.otc.edu/,29,077,4,1,40,1,12,-2,-2,OTC,4,4,5878,5359,11237,2,-999,1646,NOT AVAILABLE,-10383880.48,4469324.271
2166,246354,PALO ALTO COLLEGE,1400 W VILLARET BLVD,SAN ANTONIO,TX,78224,2499,(210) 486-3000,1,A,11760,BEXAR,48029,USA,29.32292534,-98.54671279,611210,JUNIOR COLLEGES,https://nces.ed.gov/collegenavigator/?id=246354,12/10/09 0:00,IMAGERY/OTHER,8/22/16 0:00,alamo.edu/pac/,48,029,4,1,40,1,11,-2,-2,NOT AVAILABLE,3,4,9054,2139,11193,2,-999,567,NOT AVAILABLE,-10970169.89,3416811.75
1275,175786,HINDS COMMUNITY COLLEGE,608 HINDS BOULEVARD,RAYMOND,MS,39154,NOT AVAILABLE,(601) 857-5261,1,A,12718,HINDS,28049,USA,32.25835902,-90.41605831,611210,JUNIOR COLLEGES,https://nces.ed.gov/collegenavigator/?id=175786,10/13/09 0:00,IMAGERY,7/7/16 0:00,www.hindscc.edu/,28,049,4,3,40,1,31,-2,-2,NOT AVAILABLE,4,4,5477,5704,11181,1,1561,1537,NOT AVAILABLE,-10065069.57,3797272.247
1165,234827,CENTRAL WASHINGTON UNIVERSITY,400 EAST UNIVERSITY WAY,ELLENSBURG,WA,98926,7501,(509) 963-1111,1,A,12717,KITTITAS,53037,USA,47.00500479,-120.5377692,611310,"COLLEGES, UNIVERSITIES, AND PROFESSIONAL SCHOOLS",https://nces.ed.gov/collegenavigator/?id=234827,12/10/09 0:00,IMAGERY/OTHER,8/3/16 0:00,www.cwu.edu/,53,037,1,2,20,1,32,-2,-2,CWU,18,4,1714,9460,11174,1,3955,1543,10794506,-13418203.09,5942891.019
2809,169910,FERRIS STATE UNIVERSITY,1201 S STATE ST,BIG RAPIDS,MI,49307,2251,(231) 591-2000,1,A,12733,MECOSTA,26107,USA,43.68763171,-85.48173748,611310,"COLLEGES, UNIVERSITIES, AND PROFESSIONAL SCHOOLS",https://nces.ed.gov/collegenavigator/?id=169910,10/13/09 0:00,IMAGERY,6/28/16 0:00,www.ferris.edu/,26,107,1,3,11,1,32,-2,-2,NOT AVAILABLE,19,4,3234,7931,11165,1,3219,1568,NOT AVAILABLE,-9515783.489,5417229.037
565,110495,CALIFORNIA STATE UNIVERSITY-STANISLAUS,ONE UNIVERSITY CIRCLE,TURLOCK,CA,95382,0299,(209) 667-3122,1,A,12452,STANISLAUS,06099,USA,37.52577,-120.852511,611310,"COLLEGES, UNIVERSITIES, AND PROFESSIONAL SCHOOLS",https://nces.ed.gov/collegenavigator/?id=110495,12/31/09 0:00,IMAGERY,7/7/16 0:00,https://www.csustan.edu/,06,099,1,2,14,1,23,-2,-2,STANISLAUS STATE,18,4,1997,9166,11163,1,730,1289,NOT AVAILABLE,-13453239.99,4512647.939
4977,172617,WASHTENAW COMMUNITY COLLEGE,4800 E HURON RIVER DR,ANN ARBOR,MI,48105,4800,(734) 973-3300,1,A,12355,WASHTENAW,26161,USA,42.26331053,-83.664928,611210,JUNIOR COLLEGES,https://nces.ed.gov/collegenavigator/?id=172617,12/10/09 0:00,IMAGERY,10/23/15 0:00,www.wccnet.edu/,26,161,4,1,40,1,21,-2,-2,NOT AVAILABLE,6,4,8064,3076,11140,2,-999,1215,NOT AVAILABLE,-9313537.182,5200504.056
5613,159647,LOUISIANA TECH UNIVERSITY,1310 WEST RAILROAD AVENUE,RUSTON,LA,71272,NOT AVAILABLE,(318) 257-2000,1,A,12449,LINCOLN,22061,USA,32.52551805,-92.64963973,611310,"COLLEGES, UNIVERSITIES, AND PROFESSIONAL SCHOOLS",https://nces.ed.gov/collegenavigator/?id=159647,10/13/09 0:00,IMAGERY,6/9/16 0:00,https://www.latech.edu/,22,061,1,1,11,1,32,-2,-2,"LA TECH, LOUISIANA TECH, TECH",17,4,2556,8570,11126,1,2537,1323,NOT AVAILABLE,-10313710.72,3832492.45
1161,216597,VILLANOVA UNIVERSITY,800 LANCASTER AVENUE,VILLANOVA,PA,19085,1699,(610) 519-4500,2,A,13968,DELAWARE,42045,USA,40.03577163,-75.34022219,611310,"COLLEGES, UNIVERSITIES, AND PROFESSIONAL SCHOOLS",https://nces.ed.gov/collegenavigator/?id=216597,12/10/09 0:00,IMAGERY/OTHER,8/24/16 0:00,www.villanova.edu/,42,045,2,2,11,1,21,-2,-2,NOT AVAILABLE,17,4,2847,8185,11032,1,5400,2936,NOT AVAILABLE,-8386835.17,4871141.878
3424,147378,MORAINE VALLEY COMMUNITY COLLEGE,9000 W. COLLEGE PARKWAY,PALOS HILLS,IL,60465,0937,(708) 974-4300,1,A,12182,COOK,17031,USA,41.694613,-87.836915,611210,JUNIOR COLLEGES,https://nces.ed.gov/collegenavigator/?id=147378,12/31/09 0:00,IMAGERY,7/27/16 0:00,www.morainevalley.edu/,17,031,4,2,40,1,21,-2,-2,MVCC/MORAINE/MORAINE VALLEY/MORAINE VALLEY CC,6,4,6895,4131,11026,2,-999,1156,NOT AVAILABLE,-9777960.651,5115343.157
5358,240268,UNIVERSITY OF WISCONSIN-EAU CLAIRE,105 GARFIELD AVE,EAU CLAIRE,WI,54701,NOT AVAILABLE,(715) 836-4636,1,A,12300,EAU CLAIRE,55035,USA,44.79843117,-91.50043158,611310,"COLLEGES, UNIVERSITIES, AND PROFESSIONAL SCHOOLS",https://nces.ed.gov/collegenavigator/?id=240268,10/13/09 0:00,IMAGERY/OTHER,7/29/16 0:00,www.uwec.edu/,55,035,1,1,13,1,13,-2,-2,NOT AVAILABLE,19,4,1464,9553,11017,1,4231,1283,10780412,-10185781.45,5589844.223
2243,262086,BRANDMAN UNIVERSITY,16355 LAGUNA CANYON ROAD,IRVINE,CA,92618,NOT AVAILABLE,(949) 341-9800,2,A,12399,ORANGE,06059,USA,33.656401,-117.769012,611310,"COLLEGES, UNIVERSITIES, AND PROFESSIONAL SCHOOLS",https://nces.ed.gov/collegenavigator/?id=262086,10/13/09 0:00,IMAGERY/OTHER,4/12/19 0:00,www.brandman.edu/,06,059,2,3,11,1,11,-2,-2,NOT AVAILABLE,18,4,6704,4282,10986,2,-999,1413,NOT AVAILABLE,-13109986.45,3982757.861
5628,178059,MARYVILLE UNIVERSITY OF SAINT LOUIS,650 MARYVILLE UNIVERSITY DRIVE,SAINT LOUIS,MO,63141,7299,(800) 627-9855,2,A,12436,ST. LOUIS,29189,USA,38.64547375,-90.50509562,611310,"COLLEGES, UNIVERSITIES, AND PROFESSIONAL SCHOOLS",https://nces.ed.gov/collegenavigator/?id=178059,10/13/09 0:00,IMAGERY,6/10/16 0:00,www.maryville.edu/,29,189,2,1,12,1,21,-2,-2,NOT AVAILABLE,17,4,6953,4026,10979,1,1070,1457,NOT AVAILABLE,-10074981.16,4671015.211
239,488679,INDIANA WESLEYAN UNIVERSITY-NATIONAL & GLOBAL,1900 WEST 50TH STREET,MARION,IN,46953,NOT AVAILABLE,(765) 677-2870,2,A,10944,GRANT,18053,USA,40.510665,-85.677546,611310,"COLLEGES, UNIVERSITIES, AND PROFESSIONAL SCHOOLS",https://nces.ed.gov/collegenavigator/?id=488679,4/10/18 0:00,IMAGERY/OTHER,5/25/22 0:00,https://www.indwes.edu/,18,053,2,3,11,1,41,-2,-2,IWU,-2,4,353,10591,10944,2,-999,-999,NOT AVAILABLE,-9537580.793,4940430.601
5439,206604,WRIGHT STATE UNIVERSITY-MAIN CAMPUS,3640 COLONEL GLENN HIGHWAY,DAYTON,OH,45435,0001,(937) 775-1000,1,A,12881,GREENE,39057,USA,39.78063402,-84.06488144,611310,"COLLEGES, UNIVERSITIES, AND PROFESSIONAL SCHOOLS",https://nces.ed.gov/collegenavigator/?id=206604,10/13/09 0:00,IMAGERY,8/15/16 0:00,www.wright.edu/,39,057,1,3,11,1,21,-2,-2,NOT AVAILABLE,17,4,3446,7490,10936,1,2984,1945,NOT AVAILABLE,-9358059.795,4834115.632
315,198534,FAYETTEVILLE TECHNICAL COMMUNITY COLLEGE,2201 HULL RD,FAYETTEVILLE,NC,28303,0236,(910) 678-8400,1,A,12266,CUMBERLAND,37051,USA,35.06831314,-78.92451488,611210,JUNIOR COLLEGES,https://nces.ed.gov/collegenavigator/?id=198534,10/13/09 0:00,IMAGERY,7/7/16 0:00,https://www.faytechcc.edu/,37,051,4,1,40,1,12,-2,-2,FTCC,2,4,6957,3975,10932,2,-999,1334,NOT AVAILABLE,-8785836.808,4173168.506
611,113573,COLLEGE OF THE DESERT,43-500 MONTEREY AVE,PALM DESERT,CA,92260,NOT AVAILABLE,(760) 346-8041,1,A,11741,RIVERSIDE,06065,USA,33.732484,-116.38761,611210,JUNIOR COLLEGES,https://nces.ed.gov/collegenavigator/?id=113573,12/31/09 0:00,IMAGERY,7/7/16 0:00,www.collegeofthedesert.edu/,06,065,4,3,40,1,13,-2,-2,DESERT COMMUNITY COLLEGE DISTRICT,1,4,6735,4197,10932,2,-999,809,NOT AVAILABLE,-12956209.48,3992937.478
3279,131520,HOWARD UNIVERSITY,2400 SIXTH ST NW,WASHINGTON,DC,20059,NOT AVAILABLE,(202) 806-6100,2,A,13635,DISTRICT OF COLUMBIA,11001,USA,38.92073881,-77.01947807,611310,"COLLEGES, UNIVERSITIES, AND PROFESSIONAL SCHOOLS",https://nces.ed.gov/collegenavigator/?id=131520,10/13/09 0:00,IMAGERY/OTHER,6/7/16 0:00,www.howard.edu/,11,001,2,2,11,1,11,-2,-2,HU,16,4,809,10050,10859,1,5230,2776,NOT AVAILABLE,-8573769.08,4710324.438
1534,151324,INDIANA STATE UNIVERSITY,210 N 7TH ST,TERRE HAUTE,IN,47809,NOT AVAILABLE,(812) 237-6311,1,A,12614,VIGO,18167,USA,39.46907264,-87.40784643,611310,"COLLEGES, UNIVERSITIES, AND PROFESSIONAL SCHOOLS",https://nces.ed.gov/collegenavigator/?id=151324,10/13/09 0:00,IMAGERY,8/8/16 0:00,https://www.indstate.edu/,18,167,1,1,11,1,13,-2,-2,INDIANA STATE ISU,17,4,2523,8306,10829,1,4213,1785,NOT AVAILABLE,-9730196.956,4789086.673
3834,106467,ARKANSAS TECH UNIVERSITY,"ADMINISTRATION BLDG 200, 1509 N BOULDER AVE",RUSSELLVILLE,AR,72801,2222,(844) 804-2628,1,A,11954,POPE,05115,USA,35.295227,-93.13233,611310,"COLLEGES, UNIVERSITIES, AND PROFESSIONAL SCHOOLS",https://nces.ed.gov/collegenavigator/?id=106467,12/31/09 0:00,IMAGERY,7/7/16 0:00,www.atu.edu/,05,115,1,3,12,1,33,-2,-2,ATU|TECH|ARKANSAS TECH,18,4,4467,6362,10829,1,2508,1125,NOT AVAILABLE,-10367443.55,4204074.043
971,198622,GUILFORD TECHNICAL COMMUNITY COLLEGE,601 E. MAIN STREET,JAMESTOWN,NC,27282,NOT AVAILABLE,(336) 334-4822,1,A,12017,GUILFORD,37081,USA,35.99816501,-79.91914088,611210,JUNIOR COLLEGES,https://nces.ed.gov/collegenavigator/?id=198622,12/10/09 0:00,IMAGERY/OTHER,7/7/16 0:00,www.gtcc.edu/,37,081,4,2,40,1,22,-2,-2,NOT AVAILABLE,7,4,6675,4146,10821,2,-999,1196,NOT AVAILABLE,-8896558.067,4300368.884
551,224147,TEXAS A & M UNIVERSITY-CORPUS CHRISTI,6300 OCEAN DR.,CORPUS CHRISTI,TX,78412,5503,(361) 825-5700,1,A,12293,NUECES,48355,USA,27.71353275,-97.32467564,611310,"COLLEGES, UNIVERSITIES, AND PROFESSIONAL SCHOOLS",https://nces.ed.gov/collegenavigator/?id=224147,10/13/09 0:00,IMAGERY/OTHER,7/7/16 0:00,www.tamucc.edu/,48,355,1,1,11,1,11,-2,-2,NOT AVAILABLE,17,4,4125,6695,10820,1,2832,1473,NOT AVAILABLE,-10834133.33,3212904.596
168,142285,UNIVERSITY OF IDAHO,875 PERIMETER DRIVE MS 2282,MOSCOW,ID,83844,2282,(888) 884-3246,1,A,13185,LATAH,16057,USA,46.72689377,-117.0242962,611310,"COLLEGES, UNIVERSITIES, AND PROFESSIONAL SCHOOLS",https://nces.ed.gov/collegenavigator/?id=142285,12/31/09 0:00,IMAGERY/OTHER,1/29/20 0:00,www.uidaho.edu/,16,057,1,3,11,1,32,-2,-2,UIDAHO,16,4,2901,7890,10791,1,2092,2394,NOT AVAILABLE,-13027085.06,5897609.562
2312,125091,VICTOR VALLEY COLLEGE,18422 BEAR VALLEY RD,VICTORVILLE,CA,92395,5850,(760) 245-4271 EXT 2395,1,A,11577,SAN BERNARDINO,06071,USA,34.47223145,-117.2614563,611210,JUNIOR COLLEGES,https://nces.ed.gov/collegenavigator/?id=125091,10/13/09 0:00,IMAGERY,7/25/16 0:00,www.vvc.edu/,06,071,4,1,40,1,21,-2,-2,NOT AVAILABLE,1,4,7638,3139,10777,2,-999,800,NOT AVAILABLE,-13053485.61,4092388.806
916,222831,ANGELO STATE UNIVERSITY,2601 W. AVENUE N,SAN ANGELO,TX,76909,NOT AVAILABLE,(325) 942-2555,1,A,11732,TOM GREEN,48451,USA,31.44109764,-100.4664098,611310,"COLLEGES, UNIVERSITIES, AND PROFESSIONAL SCHOOLS",https://nces.ed.gov/collegenavigator/?id=222831,10/13/09 0:00,IMAGERY/OTHER,11/2/15 0:00,www.angelo.edu/,48,451,1,3,13,1,12,-2,-2,ANGELO STATE,18,4,4664,6111,10775,1,2011,957,NOT AVAILABLE,-11183869.58,3690167.542
2104,205841,STARK STATE COLLEGE,6200 FRANK AVE NW,NORTH CANTON,OH,44720,NOT AVAILABLE,(330) 494-6170,1,A,11594,STARK,39151,USA,40.87059743,-81.43901655,611210,JUNIOR COLLEGES,https://nces.ed.gov/collegenavigator/?id=205841,10/13/09 0:00,IMAGERY/OTHER,7/7/16 0:00,www.starkstate.edu/,39,151,4,2,40,1,21,-2,-2,NOT AVAILABLE,4,4,7974,2798,10772,2,-999,822,NOT AVAILABLE,-9065749.853,4993273.509
5749,239488,NORTHEAST WISCONSIN TECHNICAL COLLEGE,2740 W MASON ST,GREEN BAY,WI,54307,9042,(920) 498-5400,1,A,11851,BROWN,55009,USA,44.52646738,-88.10567473,611210,JUNIOR COLLEGES,https://nces.ed.gov/collegenavigator/?id=239488,10/13/09 0:00,IMAGERY/OTHER,8/1/16 0:00,https://www.nwtc.edu/,55,009,4,2,40,1,12,-2,-2,NWTC,8,4,8404,2359,10763,2,-999,1088,NOT AVAILABLE,-9807878.847,5547278.999
3623,172635,WAYNE COUNTY COMMUNITY COLLEGE DISTRICT,801 W. FORT STREET,DETROIT,MI,48226,NOT AVAILABLE,(313) 496-2600,1,A,11826,WAYNE,26163,USA,42.32651512,-83.05552679,611210,JUNIOR COLLEGES,https://nces.ed.gov/collegenavigator/?id=172635,12/10/09 0:00,IMAGERY/OTHER,7/7/16 0:00,www.wcccd.edu/,26,163,4,1,40,1,11,-2,-2,WCCCD,5,4,9488,1260,10748,2,-999,1078,NOT AVAILABLE,-9245698.949,5210016.007
1672,196264,SUNY EMPIRE STATE COLLEGE,TWO UNION AVE,SARATOGA SPRINGS,NY,12866,4391,(518) 587-2100,1,A,11890,SARATOGA,36091,USA,43.0772451,-73.78241341,611310,"COLLEGES, UNIVERSITIES, AND PROFESSIONAL SCHOOLS",https://nces.ed.gov/collegenavigator/?id=196264,10/13/09 0:00,IMAGERY/OTHER,1/28/19 0:00,www.esc.edu/,36,091,1,2,20,1,23,-2,-2,NOT AVAILABLE,19,4,6916,3808,10724,2,-999,1166,NOT AVAILABLE,-8213420.69,5323736.74
3689,233277,RADFORD UNIVERSITY,801 EAST MAIN ST.,RADFORD,VA,24142,NOT AVAILABLE,(540) 831-5000,1,A,12399,RADFORD CITY,51750,USA,37.13691411,-80.54973149,611310,"COLLEGES, UNIVERSITIES, AND PROFESSIONAL SCHOOLS",https://nces.ed.gov/collegenavigator/?id=233277,12/31/09 0:00,IMAGERY/OTHER,8/5/16 0:00,https://www.radford.edu/,51,750,1,2,11,1,23,-2,-2,NOT AVAILABLE,18,4,3197,7498,10695,1,3889,1704,NOT AVAILABLE,-8966755.093,4458208.07
556,224350,DEL MAR COLLEGE,101 BALDWIN BLVD.,CORPUS CHRISTI,TX,78404,3897,(361) 698-1200,1,A,12096,NUECES,48355,USA,27.76362338,-97.40762707,611210,JUNIOR COLLEGES,https://nces.ed.gov/collegenavigator/?id=224350,12/10/09 0:00,IMAGERY/OTHER,7/7/16 0:00,www.delmar.edu/,48,355,4,1,40,1,11,-2,-2,DMC,4,4,9083,1595,10678,2,-999,1418,NOT AVAILABLE,-10843367.44,3219204.66
61,487320,TEXAS STATE TECHNICAL COLLEGE,3801 CAMPUS DRIVE,WACO,TX,76705,NOT AVAILABLE,(800) 792-8784,1,A,12178,MCLENNAN,48309,USA,31.6373228,-97.08369229,611210,JUNIOR COLLEGES,https://nces.ed.gov/collegenavigator/?id=487320,2/13/18 0:00,IMAGERY/OTHER,2/19/18 0:00,www.tstc.edu/,48,309,4,2,40,1,12,-2,-2,TSTC,7,4,4372,6282,10654,1,2320,1524,NOT AVAILABLE,-10807307.19,3715797.196
5967,128771,CENTRAL CONNECTICUT STATE UNIVERSITY,1615 STANLEY ST,NEW BRITAIN,CT,06050,NOT AVAILABLE,(860) 832-2278,1,A,12196,HARTFORD,09003,USA,41.69025803,-72.77009379,611310,"COLLEGES, UNIVERSITIES, AND PROFESSIONAL SCHOOLS",https://nces.ed.gov/collegenavigator/?id=128771,10/13/09 0:00,IMAGERY,6/22/16 0:00,www2.ccsu.edu/,09,003,1,3,11,1,21,-2,-2,CCSU,18,4,3299,7353,10652,1,2512,1544,NOT AVAILABLE,-8100729.786,5114693.932
6207,165024,BRIDGEWATER STATE UNIVERSITY,131 SUMMER STREET,BRIDGEWATER,MA,02325,NOT AVAILABLE,(508) 531-1000,1,A,12164,PLYMOUTH,25023,USA,41.98651186,-70.9642853,611310,"COLLEGES, UNIVERSITIES, AND PROFESSIONAL SCHOOLS",https://nces.ed.gov/collegenavigator/?id=165024,12/10/09 0:00,IMAGERY/OTHER,6/7/16 0:00,www.bridgew.edu/,25,023,1,1,20,1,21,-2,-2,BSU|BRIDGEWATER STATE,18,4,3001,7650,10651,1,3304,1513,10818850,-7899708.104,5158959.2
633,118718,MERCED COLLEGE,3600 M ST,MERCED,CA,95348,2898,(209) 384-6000,1,A,11476,MERCED,06047,USA,37.33530008,-120.4764638,611210,JUNIOR COLLEGES,https://nces.ed.gov/collegenavigator/?id=118718,10/13/09 0:00,IMAGERY/OTHER,7/7/16 0:00,www.mccd.edu/,06,047,4,1,40,1,13,-2,-2,MERCED COMMUNITY COLLEGE DISTRICT,4,4,6312,4333,10645,2,-999,831,10814034,-13411378.6,4485946.917
873,218113,GREENVILLE TECHNICAL COLLEGE,506 S PLEASANTBURG DR,GREENVILLE,SC,29606,NOT AVAILABLE,(864) 250-8000,1,A,11796,GREENVILLE,45045,USA,34.826397,-82.3713,611210,JUNIOR COLLEGES,https://nces.ed.gov/collegenavigator/?id=218113,10/13/09 0:00,IMAGERY/OTHER,1/29/19 0:00,www.gvltec.edu/,45,045,1,3,30,1,13,-2,-2,GTC,7,4,6149,4387,10536,2,-999,1260,NOT AVAILABLE,-9169531.172,4140314.145
951,240329,UNIVERSITY OF WISCONSIN-LA CROSSE,1725 STATE ST,LA CROSSE,WI,54601,9959,(608) 785-8000,1,A,11808,LA CROSSE,55063,USA,43.81539006,-91.23012479,611310,"COLLEGES, UNIVERSITIES, AND PROFESSIONAL SCHOOLS",https://nces.ed.gov/collegenavigator/?id=240329,10/13/09 0:00,IMAGERY/OTHER,7/29/16 0:00,www.uwlax.edu/,55,063,1,2,13,1,13,-2,-2,NOT AVAILABLE,18,4,1259,9272,10531,1,3022,1277,NOT AVAILABLE,-10155691.04,5436917.675
2869,187046,THOMAS EDISON STATE UNIVERSITY,111 W STATE ST,TRENTON,NJ,08608,NOT AVAILABLE,(609) 984-1100 EXT 2025,1,A,10804,MERCER,34021,USA,40.22041699,-74.76863171,611310,"COLLEGES, UNIVERSITIES, AND PROFESSIONAL SCHOOLS",https://nces.ed.gov/collegenavigator/?id=187046,12/10/09 0:00,IMAGERY/OTHER,1/30/20 0:00,www.tesu.edu/,34,021,1,1,13,1,13,-2,-2,"TESU, THOMAS EDISON STATE UNIVERSITY, (OLD NAME:THOMAS EDISON STATE COLLEGE), (OLD ABBREVIATION:TESC)",19,4,10411,84,10495,2,-999,309,NOT AVAILABLE,-8323206.009,4898024.564
4003,231651,REGENT UNIVERSITY,1000 REGENT UNIVERSITY DR,VIRGINIA BEACH,VA,23464,NOT AVAILABLE,(757) 352-4127,2,A,11143,VIRGINIA BEACH CITY,51810,USA,36.80253802,-76.19417917,611310,"COLLEGES, UNIVERSITIES, AND PROFESSIONAL SCHOOLS",https://nces.ed.gov/collegenavigator/?id=231651,12/10/09 0:00,IMAGERY/OTHER,8/10/16 0:00,https://www.regent.edu/,51,810,2,2,11,1,11,-2,-2,NOT AVAILABLE,17,4,7001,3482,10483,1,1005,660,NOT AVAILABLE,-8481897.226,4411618.758
3641,459994,STRAYER UNIVERSITY-GLOBAL REGION,"1133 15TH ST NW, SUITE 200",WASHINGTON,DC,20005,NOT AVAILABLE,(877) 445-7180,3,A,10457,DISTRICT OF COLUMBIA,11001,USA,38.90488089,-77.03413336,611310,"COLLEGES, UNIVERSITIES, AND PROFESSIONAL SCHOOLS",https://nces.ed.gov/collegenavigator/?id=459994,6/25/13 0:00,IMAGERY/OTHER,5/26/16 0:00,www.strayer.edu/,11,001,3,1,20,1,11,-2,-2,NOT AVAILABLE,29,4,9627,830,10457,2,-999,-999,NOT AVAILABLE,-8575400.5,4708055.72
4539,191649,HOFSTRA UNIVERSITY,100 HOFSTRA UNIVERSITY,HEMPSTEAD,NY,11549,NOT AVAILABLE,(516) 463-6600,2,A,12873,NASSAU,36059,USA,40.71595869,-73.60078008,611310,"COLLEGES, UNIVERSITIES, AND PROFESSIONAL SCHOOLS",https://nces.ed.gov/collegenavigator/?id=191649,10/13/09 0:00,IMAGERY,6/13/16 0:00,www.hofstra.edu/,36,059,2,1,11,1,21,-2,-2,NOT AVAILABLE,17,4,1484,8960,10444,1,3500,2429,NOT AVAILABLE,-8193201.361,4970535.48
3585,183859,BROOKDALE COMMUNITY COLLEGE,765 NEWMAN SPRINGS RD,LINCROFT,NJ,07738,1597,(732) 224-2345,1,A,11294,MONMOUTH,34025,USA,40.32490635,-74.13274562,611210,JUNIOR COLLEGES,https://nces.ed.gov/collegenavigator/?id=183859,10/13/09 0:00,IMAGERY,7/7/16 0:00,https://www.brookdalecc.edu/,34,025,4,3,40,1,41,-2,-2,NOT AVAILABLE,2,4,5655,4783,10438,2,-999,856,NOT AVAILABLE,-8252419.494,4913269.727
3750,217819,COLLEGE OF CHARLESTON,66 GEORGE ST,CHARLESTON,SC,29424,0001,(843) 953-5500,1,A,12242,CHARLESTON,45019,USA,32.78303444,-79.93688322,611310,"COLLEGES, UNIVERSITIES, AND PROFESSIONAL SCHOOLS",https://nces.ed.gov/collegenavigator/?id=217819,10/13/09 0:00,IMAGERY/OTHER,8/24/16 0:00,www.cofc.edu/,45,019,1,2,20,1,12,-2,-2,NOT AVAILABLE,18,4,1630,8754,10384,1,3417,1858,NOT AVAILABLE,-8898533.135,3866540.698
2453,106704,UNIVERSITY OF CENTRAL ARKANSAS,201 DONAGHEY AVE,CONWAY,AR,72035,0001,(501) 450-5000,1,A,11890,FAULKNER,05045,USA,35.07819638,-92.45930978,611310,"COLLEGES, UNIVERSITIES, AND PROFESSIONAL SCHOOLS",https://nces.ed.gov/collegenavigator/?id=106704,10/13/09 0:00,IMAGERY/OTHER,7/11/16 0:00,www.uca.edu/,05,045,1,2,11,1,13,-2,-2,NOT AVAILABLE,18,4,2308,8027,10335,1,3706,1555,NOT AVAILABLE,-10292523.28,4174512.804
3001,170657,LANSING COMMUNITY COLLEGE,610 N CAPITOL AVE,LANSING,MI,48933,NOT AVAILABLE,(517) 483-1957,1,A,12207,INGHAM,26065,USA,42.73894065,-84.55170117,611210,JUNIOR COLLEGES,https://nces.ed.gov/collegenavigator/?id=170657,12/10/09 0:00,IMAGERY,6/7/16 0:00,https://www.lcc.edu/,26,065,4,1,40,1,12,-2,-2,LCC,5,4,6785,3521,10306,2,-999,1901,NOT AVAILABLE,-9412252.32,5272319.992
237,174233,UNIVERSITY OF MINNESOTA-DULUTH,515 DARLAND ADMINISTRATION BLDG,DULUTH,MN,55812,NOT AVAILABLE,(218) 726-8000,1,A,11858,ST. LOUIS,27137,USA,46.818896,-92.085177,611310,"COLLEGES, UNIVERSITIES, AND PROFESSIONAL SCHOOLS",https://nces.ed.gov/collegenavigator/?id=174233,12/31/09 0:00,IMAGERY,7/7/16 0:00,https://www.d.umn.edu/,27,137,1,1,13,1,13,-2,-2,NOT AVAILABLE,18,4,1709,8566,10275,1,2962,1583,NOT AVAILABLE,-10250875.01,5912563.228
692,219602,AUSTIN PEAY STATE UNIVERSITY,601 COLLEGE ST,CLARKSVILLE,TN,37044,NOT AVAILABLE,(931) 221-7011,1,A,11626,MONTGOMERY,47125,USA,36.5333193,-87.35408072,611310,"COLLEGES, UNIVERSITIES, AND PROFESSIONAL SCHOOLS",https://nces.ed.gov/collegenavigator/?id=219602,10/13/09 0:00,IMAGERY/OTHER,8/25/16 0:00,www.apsu.edu/,47,125,1,3,12,1,12,-2,-2,NOT AVAILABLE,18,4,3742,6530,10272,1,1803,1354,NOT AVAILABLE,-9724211.785,4374255.619
3422,146296,JOLIET JUNIOR COLLEGE,1215 HOUBOLT RD,JOLIET,IL,60431,8938,(815) 729-9020,1,A,11692,WILL,17197,USA,41.5005352,-88.18098476,611210,JUNIOR COLLEGES,https://nces.ed.gov/collegenavigator/?id=146296,12/10/09 0:00,IMAGERY/OTHER,7/7/16 0:00,www.jjc.edu/,17,197,4,1,40,1,21,-2,-2,NOT AVAILABLE,6,4,6352,3915,10267,2,-999,1425,NOT AVAILABLE,-9816262.322,5086453.198
504,460464,NORCO COLLEGE,2001 THIRD ST,NORCO,CA,92860,NOT AVAILABLE,(951) 372-7000,1,A,10748,RIVERSIDE,06065,USA,33.91675239,-117.5699942,611210,JUNIOR COLLEGES,https://nces.ed.gov/collegenavigator/?id=460464,6/25/13 0:00,IMAGERY/OTHER,5/26/16 0:00,www.norcocollege.edu/Pages/index.aspx,06,065,4,1,40,1,21,-2,-2,NOT AVAILABLE,2,4,8057,2204,10261,2,-999,487,NOT AVAILABLE,-13087831.89,4017629.376
6097,182500,TRUCKEE MEADOWS COMMUNITY COLLEGE,7000 DANDINI BLVD,RENO,NV,89512,3999,(775) 673-7000,1,A,11172,WASHOE,32031,USA,39.5714024,-119.7969746,611210,JUNIOR COLLEGES,https://nces.ed.gov/collegenavigator/?id=182500,12/10/09 0:00,IMAGERY,11/17/15 0:00,www.tmcc.edu/,32,031,1,3,30,1,11,-2,-2,NOT AVAILABLE,5,4,7367,2882,10249,2,-999,923,NOT AVAILABLE,-13335738.21,4803853.722
959,108807,ALLAN HANCOCK COLLEGE,800 SOUTH COLLEGE DRIVE,SANTA MARIA,CA,93454,6399,(805) 922-6966,1,A,11085,SANTA BARBARA,06083,USA,34.9429884,-120.4211143,611210,JUNIOR COLLEGES,https://nces.ed.gov/collegenavigator/?id=108807,12/10/09 0:00,IMAGERY/OTHER,7/7/16 0:00,www.hancockcollege.edu/,06,083,4,1,40,1,12,-2,-2,NOT AVAILABLE,2,4,7310,2938,10248,2,-999,837,10818712,-13405217.13,4156136.192
1232,151306,UNIVERSITY OF SOUTHERN INDIANA,8600 UNIVERSITY BLVD,EVANSVILLE,IN,47712,NOT AVAILABLE,(812) 464-8600,1,A,11480,VANDERBURGH,18163,USA,37.96424874,-87.67779024,611310,"COLLEGES, UNIVERSITIES, AND PROFESSIONAL SCHOOLS",https://nces.ed.gov/collegenavigator/?id=151306,12/10/09 0:00,IMAGERY,8/8/16 0:00,www.usi.edu/,18,163,1,2,11,1,22,-2,-2,USI,18,4,4030,6173,10203,1,2665,1277,NOT AVAILABLE,-9760246.964,4574376.589
5597,455114,COLLEGE OF WESTERN IDAHO,5500 EAST OPPORTUNITY DRIVE,NAMPA,ID,83687,NOT AVAILABLE,(208) 562-3000,1,A,11643,CANYON,16027,USA,43.61410606,-116.5073141,611210,JUNIOR COLLEGES,https://nces.ed.gov/collegenavigator/?id=455114,6/2/11 0:00,GEOCODE,7/7/16 0:00,https://cwi.edu/,16,027,4,2,40,1,41,-2,-2,CWI,5,4,7305,2895,10200,2,-999,1443,NOT AVAILABLE,-12969534.88,5405917.125
3965,156392,BLUEGRASS COMMUNITY AND TECHNICAL COLLEGE,470 COOPER DRIVE,LEXINGTON,KY,40506,NOT AVAILABLE,(859) 246-6200,1,A,11216,FAYETTE,21067,USA,38.02446655,-84.50233816,611210,JUNIOR COLLEGES,https://nces.ed.gov/collegenavigator/?id=156392,10/13/09 0:00,IMAGERY/OTHER,7/7/16 0:00,https://bluegrass.kctcs.edu/,21,067,4,3,40,1,11,-2,-2,NOT AVAILABLE,7,4,5959,4221,10180,2,-999,1036,NOT AVAILABLE,-9406757.255,4582882.692
3933,221847,TENNESSEE TECHNOLOGICAL UNIVERSITY,1 WILLIAM L. JONES DRIVE,COOKEVILLE,TN,38505,0001,(931) 372-3101,1,A,11533,PUTNAM,47141,USA,36.17465917,-85.50395686,611310,"COLLEGES, UNIVERSITIES, AND PROFESSIONAL SCHOOLS",https://nces.ed.gov/collegenavigator/?id=221847,10/13/09 0:00,IMAGERY/OTHER,8/25/16 0:00,www.tntech.edu/,47,141,1,1,12,1,33,-2,-2,TENNESSEE TECH UNIVERSITY|TENNESSEE TECH|TTU|TENN TECH|TN TECH|TECH|,17,4,2018,8159,10177,1,2281,1356,NOT AVAILABLE,-9518256.939,4324680.895
553,223816,CENTRAL TEXAS COLLEGE,6200 WEST CENTRAL TEXAS EXPRESSWAY,KILLEEN,TX,76549,4199,(254) 526-7161,1,A,11681,CORYELL,48099,USA,31.119054,-97.809704,611210,JUNIOR COLLEGES,https://nces.ed.gov/collegenavigator/?id=223816,12/31/09 0:00,IMAGERY,8/12/16 0:00,www.ctcd.edu/,48,099,4,2,40,1,22,-2,-2,NOT AVAILABLE,3,4,8064,2109,10173,1,95,1508,NOT AVAILABLE,-10888126.44,3648220.243
1944,178721,PARK UNIVERSITY,8700 NW RIVER PARK DR,PARKVILLE,MO,64152,3795,(816) 741-2000,2,A,11508,PLATTE,29165,USA,39.18947692,-94.677086,611310,"COLLEGES, UNIVERSITIES, AND PROFESSIONAL SCHOOLS",https://nces.ed.gov/collegenavigator/?id=178721,12/10/09 0:00,IMAGERY,6/7/16 0:00,www.park.edu/,29,165,2,3,20,1,21,-2,-2,NOT AVAILABLE,19,4,6179,3986,10165,1,396,1343,NOT AVAILABLE,-10539405,4748848.971
3015,193326,MONROE COMMUNITY COLLEGE,1000 E HENRIETTA RD,ROCHESTER,NY,14623,NOT AVAILABLE,(585) 292-2000,1,A,11482,MONROE,36055,USA,43.10105095,-77.61012958,611210,JUNIOR COLLEGES,https://nces.ed.gov/collegenavigator/?id=193326,12/10/09 0:00,IMAGERY,6/7/16 0:00,www.monroecc.edu/,36,055,4,1,40,1,21,-2,-2,NOT AVAILABLE,3,4,4668,5493,10161,1,772,1321,NOT AVAILABLE,-8639520.105,5327365.501
5388,203748,LORAIN COUNTY COMMUNITY COLLEGE,1005 NORTH ABBE RD,ELYRIA,OH,44035,1691,(440) 365-5222,1,A,11208,LORAIN,39093,USA,41.41227311,-82.07293777,611210,JUNIOR COLLEGES,https://nces.ed.gov/collegenavigator/?id=203748,12/10/09 0:00,IMAGERY/OTHER,8/16/16 0:00,https://www.lorainccc.edu/,39,093,1,2,30,1,13,-2,-2,LCCC,1,4,7662,2476,10138,2,-999,1070,10806883,-9136317.641,5073343.362
536,218724,COASTAL CAROLINA UNIVERSITY,103 TOM TROUT DRIVE,CONWAY,SC,29526,NOT AVAILABLE,(843) 347-3161,1,A,11621,HORRY,45051,USA,33.797685,-79.013028,611310,"COLLEGES, UNIVERSITIES, AND PROFESSIONAL SCHOOLS",https://nces.ed.gov/collegenavigator/?id=218724,12/31/09 0:00,IMAGERY,8/24/16 0:00,www.coastal.edu/,45,051,1,1,12,1,13,-2,-2,NOT AVAILABLE,18,4,1390,8728,10118,1,4211,1503,NOT AVAILABLE,-8795690.043,4001668.308
610,113193,CUESTA COLLEGE,HIGHWAY 1,SAN LUIS OBISPO,CA,93403,8106,(805) 546-3100,1,A,10780,SAN LUIS OBISPO,06079,USA,35.329859,-120.741624,611210,JUNIOR COLLEGES,https://nces.ed.gov/collegenavigator/?id=113193,12/31/09 0:00,IMAGERY,7/7/16 0:00,https://www.cuesta.edu/,06,079,4,3,40,1,23,-2,-2,NOT AVAILABLE,2,4,7106,2987,10093,2,-999,687,NOT AVAILABLE,-13440896.1,4208798.509
4178,185536,MIDDLESEX COUNTY COLLEGE,2600 WOODBRIDGE AVENUE,EDISON,NJ,08818,3050,(732) 548-6000,1,A,11266,MIDDLESEX,34023,USA,40.50472459,-74.36652959,611210,JUNIOR COLLEGES,https://nces.ed.gov/collegenavigator/?id=185536,12/10/09 0:00,IMAGERY/OTHER,7/7/16 0:00,www.middlesexcc.edu/,34,023,4,3,40,1,21,-2,-2,NOT AVAILABLE,2,4,5620,4464,10084,2,-999,1182,NOT AVAILABLE,-8278444.206,4939560.856
4918,197294,SUNY WESTCHESTER COMMUNITY COLLEGE,75 GRASSLANDS ROAD,VALHALLA,NY,10595,NOT AVAILABLE,(914) 606-6600,1,A,11296,WESTCHESTER,36119,USA,41.06731276,-73.78780641,611210,JUNIOR COLLEGES,https://nces.ed.gov/collegenavigator/?id=197294,10/13/09 0:00,IMAGERY/OTHER,7/1/16 0:00,www.sunywcc.edu/,36,119,4,1,40,1,21,-2,-2,NOT AVAILABLE,2,4,5053,5019,10072,2,-999,1224,NOT AVAILABLE,-8214021.036,5022275.356
4364,122612,UNIVERSITY OF SAN FRANCISCO,2130 FULTON ST,SAN FRANCISCO,CA,94117,1080,(415) 422-5555,2,A,12077,SAN FRANCISCO,06075,USA,37.77556389,-122.4509765,611310,"COLLEGES, UNIVERSITIES, AND PROFESSIONAL SCHOOLS",https://nces.ed.gov/collegenavigator/?id=122612,10/13/09 0:00,IMAGERY,7/19/16 0:00,https://www.usfca.edu/,06,075,2,1,11,1,11,-2,-2,NOT AVAILABLE,17,4,2627,7441,10068,1,2560,2009,NOT AVAILABLE,-13631180.36,4547768.854
3758,213020,INDIANA UNIVERSITY OF PENNSYLVANIA-MAIN CAMPUS,1011 SOUTH DR 201 SUTTON HALL,INDIANA,PA,15705,1098,(724) 357-2100,1,A,11480,INDIANA,42063,USA,40.615589,-79.159869,611310,"COLLEGES, UNIVERSITIES, AND PROFESSIONAL SCHOOLS",https://nces.ed.gov/collegenavigator/?id=213020,12/31/09 0:00,IMAGERY,8/19/16 0:00,www.iup.edu/,42,063,1,3,11,1,32,-2,-2,NOT AVAILABLE,17,4,2315,7722,10037,1,3908,1443,NOT AVAILABLE,-8812036.308,4955805.413
3949,229814,WEST TEXAS A & M UNIVERSITY,2501 4TH AVE,CANYON,TX,79016,0001,(806) 651-0000,1,A,10964,RANDALL,48381,USA,34.98156356,-101.9157588,611310,"COLLEGES, UNIVERSITIES, AND PROFESSIONAL SCHOOLS",https://nces.ed.gov/collegenavigator/?id=229814,10/13/09 0:00,IMAGERY/OTHER,8/22/16 0:00,www.wtamu.edu/,48,381,1,2,12,1,31,-2,-2,WTAMU,18,4,3795,6241,10036,1,2200,928,NOT AVAILABLE,-11345210.37,4161375.987
1324,196042,FARMINGDALE STATE COLLEGE,2350 BROADHOLLOW ROAD,FARMINGDALE,NY,11735,1021,(934) 420-2000,1,A,11492,SUFFOLK,36103,USA,40.75407973,-73.42637081,611310,"COLLEGES, UNIVERSITIES, AND PROFESSIONAL SCHOOLS",https://nces.ed.gov/collegenavigator/?id=196042,10/13/09 0:00,IMAGERY,6/14/16 0:00,www.farmingdale.edu/,36,103,1,3,20,1,21,-2,-2,SUNY COLLEGE OF TECHNOLOGY AT FARMINGDALE,22,4,2131,7887,10018,1,617,1474,NOT AVAILABLE,-8173786.209,4976135.87
3524,179557,SOUTHEAST MISSOURI STATE UNIVERSITY,"ONE UNIVERSITY PLAZA, MS2025",CAPE GIRARDEAU,MO,63701,NOT AVAILABLE,(573) 651-2000,1,A,11205,CAPE GIRARDEAU,29031,USA,37.3157504,-89.52911878,611310,"COLLEGES, UNIVERSITIES, AND PROFESSIONAL SCHOOLS",https://nces.ed.gov/collegenavigator/?id=179557,10/13/09 0:00,IMAGERY,7/7/16 0:00,www.semo.edu/,29,031,1,2,20,1,13,-2,-2,NOT AVAILABLE,18,4,2752,7249,10001,1,2639,1204,NOT AVAILABLE,-9966335.914,4483210.183